mechanic,replicate,time_to_fixation
None,0,
None,1,
None,2,
None,3,
None,4,
None,5,
None,6,
None,7,
None,8,
None,9,
None,10,11.0
None,11,
None,12,
None,13,
None,14,
None,15,
None,16,
None,17,
None,18,
None,19,
None,20,
None,21,
None,22,
None,23,
None,24,
None,25,
None,26,12.0
None,27,
None,28,
None,29,
None,30,
None,31,
None,32,
None,33,13.0
None,34,
None,35,
None,36,
None,37,
None,38,
None,39,
None,40,
None,41,
None,42,
None,43,
None,44,
None,45,
None,46,
None,47,
None,48,
None,49,11.0
None,50,
None,51,
None,52,
None,53,
None,54,
None,55,10.0
None,56,
None,57,
None,58,
None,59,
None,60,
None,61,
None,62,
None,63,
None,64,
None,65,
None,66,
None,67,
None,68,
None,69,
None,70,
None,71,
None,72,
None,73,
None,74,
None,75,
None,76,
None,77,7.0
None,78,
None,79,
None,80,11.0
None,81,
None,82,9.0
None,83,
None,84,
None,85,
None,86,
None,87,
None,88,
None,89,
None,90,
None,91,
None,92,
None,93,
None,94,
None,95,
None,96,
None,97,
None,98,
None,99,
None,100,
None,101,
None,102,
None,103,
None,104,
None,105,
None,106,
None,107,
None,108,
None,109,
None,110,
None,111,
None,112,
None,113,11.0
None,114,
None,115,
None,116,
None,117,
None,118,
None,119,
None,120,
None,121,
None,122,
None,123,
None,124,
None,125,
None,126,
None,127,
None,128,5.0
None,129,
None,130,
None,131,
None,132,6.0
None,133,
None,134,
None,135,
None,136,
None,137,
None,138,
None,139,7.0
None,140,
None,141,
None,142,
None,143,
None,144,
None,145,
None,146,
None,147,
None,148,
None,149,
None,150,
None,151,
None,152,
None,153,
None,154,
None,155,
None,156,
None,157,
None,158,
None,159,
None,160,
None,161,
None,162,
None,163,
None,164,
None,165,11.0
None,166,
None,167,
None,168,
None,169,
None,170,
None,171,11.0
None,172,
None,173,
None,174,
None,175,
None,176,
None,177,
None,178,
None,179,
None,180,
None,181,
None,182,
None,183,12.0
None,184,
None,185,
None,186,
None,187,
None,188,
None,189,
None,190,
None,191,
None,192,
None,193,
None,194,
None,195,
None,196,11.0
None,197,
None,198,
None,199,
IE,0,10.0
IE,1,
IE,2,
IE,3,
IE,4,
IE,5,11.0
IE,6,6.0
IE,7,
IE,8,12.0
IE,9,9.0
IE,10,13.0
IE,11,13.0
IE,12,
IE,13,
IE,14,
IE,15,9.0
IE,16,6.0
IE,17,7.0
IE,18,
IE,19,
IE,20,12.0
IE,21,7.0
IE,22,10.0
IE,23,13.0
IE,24,5.0
IE,25,13.0
IE,26,8.0
IE,27,12.0
IE,28,10.0
IE,29,11.0
IE,30,8.0
IE,31,
IE,32,7.0
IE,33,6.0
IE,34,
IE,35,7.0
IE,36,8.0
IE,37,7.0
IE,38,7.0
IE,39,
IE,40,5.0
IE,41,
IE,42,11.0
IE,43,
IE,44,12.0
IE,45,10.0
IE,46,7.0
IE,47,7.0
IE,48,
IE,49,11.0
IE,50,
IE,51,
IE,52,
IE,53,11.0
IE,54,6.0
IE,55,
IE,56,10.0
IE,57,8.0
IE,58,
IE,59,8.0
IE,60,
IE,61,13.0
IE,62,9.0
IE,63,12.0
IE,64,11.0
IE,65,7.0
IE,66,
IE,67,13.0
IE,68,8.0
IE,69,11.0
IE,70,
IE,71,
IE,72,11.0
IE,73,9.0
IE,74,11.0
IE,75,7.0
IE,76,
IE,77,
IE,78,8.0
IE,79,
IE,80,9.0
IE,81,
IE,82,13.0
IE,83,
IE,84,9.0
IE,85,
IE,86,
IE,87,9.0
IE,88,10.0
IE,89,8.0
IE,90,5.0
IE,91,7.0
IE,92,
IE,93,
IE,94,6.0
IE,95,
IE,96,6.0
IE,97,8.0
IE,98,13.0
IE,99,12.0
IE,100,6.0
IE,101,9.0
IE,102,8.0
IE,103,7.0
IE,104,10.0
IE,105,10.0
IE,106,
IE,107,9.0
IE,108,
IE,109,5.0
IE,110,
IE,111,7.0
IE,112,5.0
IE,113,9.0
IE,114,9.0
IE,115,
IE,116,
IE,117,7.0
IE,118,10.0
IE,119,6.0
IE,120,6.0
IE,121,6.0
IE,122,9.0
IE,123,13.0
IE,124,7.0
IE,125,7.0
IE,126,4.0
IE,127,10.0
IE,128,11.0
IE,129,7.0
IE,130,8.0
IE,131,8.0
IE,132,10.0
IE,133,10.0
IE,134,10.0
IE,135,
IE,136,
IE,137,9.0
IE,138,12.0
IE,139,10.0
IE,140,7.0
IE,141,
IE,142,12.0
IE,143,8.0
IE,144,12.0
IE,145,
IE,146,11.0
IE,147,11.0
IE,148,10.0
IE,149,11.0
IE,150,9.0
IE,151,9.0
IE,152,11.0
IE,153,
IE,154,
IE,155,7.0
IE,156,
IE,157,7.0
IE,158,6.0
IE,159,8.0
IE,160,10.0
IE,161,13.0
IE,162,
IE,163,
IE,164,11.0
IE,165,
IE,166,
IE,167,8.0
IE,168,11.0
IE,169,8.0
IE,170,6.0
IE,171,
IE,172,9.0
IE,173,6.0
IE,174,7.0
IE,175,7.0
IE,176,8.0
IE,177,6.0
IE,178,
IE,179,6.0
IE,180,5.0
IE,181,8.0
IE,182,11.0
IE,183,8.0
IE,184,6.0
IE,185,
IE,186,
IE,187,13.0
IE,188,
IE,189,
IE,190,6.0
IE,191,11.0
IE,192,
IE,193,10.0
IE,194,7.0
IE,195,
IE,196,
IE,197,8.0
IE,198,
IE,199,13.0
ER,0,
ER,1,
ER,2,
ER,3,13.0
ER,4,13.0
ER,5,
ER,6,11.0
ER,7,13.0
ER,8,9.0
ER,9,
ER,10,
ER,11,
ER,12,9.0
ER,13,12.0
ER,14,9.0
ER,15,11.0
ER,16,7.0
ER,17,11.0
ER,18,6.0
ER,19,
ER,20,8.0
ER,21,11.0
ER,22,9.0
ER,23,9.0
ER,24,5.0
ER,25,8.0
ER,26,8.0
ER,27,8.0
ER,28,9.0
ER,29,
ER,30,13.0
ER,31,
ER,32,7.0
ER,33,11.0
ER,34,10.0
ER,35,8.0
ER,36,6.0
ER,37,12.0
ER,38,7.0
ER,39,6.0
ER,40,
ER,41,10.0
ER,42,7.0
ER,43,7.0
ER,44,12.0
ER,45,8.0
ER,46,11.0
ER,47,10.0
ER,48,10.0
ER,49,6.0
ER,50,10.0
ER,51,10.0
ER,52,11.0
ER,53,7.0
ER,54,5.0
ER,55,11.0
ER,56,11.0
ER,57,
ER,58,4.0
ER,59,11.0
ER,60,6.0
ER,61,
ER,62,6.0
ER,63,6.0
ER,64,9.0
ER,65,
ER,66,13.0
ER,67,10.0
ER,68,9.0
ER,69,9.0
ER,70,9.0
ER,71,
ER,72,6.0
ER,73,
ER,74,12.0
ER,75,6.0
ER,76,9.0
ER,77,8.0
ER,78,6.0
ER,79,10.0
ER,80,13.0
ER,81,4.0
ER,82,
ER,83,
ER,84,
ER,85,
ER,86,11.0
ER,87,9.0
ER,88,13.0
ER,89,13.0
ER,90,13.0
ER,91,12.0
ER,92,9.0
ER,93,13.0
ER,94,9.0
ER,95,
ER,96,10.0
ER,97,6.0
ER,98,11.0
ER,99,12.0
ER,100,7.0
ER,101,9.0
ER,102,8.0
ER,103,
ER,104,6.0
ER,105,
ER,106,
ER,107,
ER,108,6.0
ER,109,8.0
ER,110,7.0
ER,111,7.0
ER,112,6.0
ER,113,6.0
ER,114,11.0
ER,115,7.0
ER,116,7.0
ER,117,
ER,118,
ER,119,6.0
ER,120,13.0
ER,121,12.0
ER,122,7.0
ER,123,
ER,124,
ER,125,8.0
ER,126,7.0
ER,127,11.0
ER,128,
ER,129,9.0
ER,130,
ER,131,
ER,132,6.0
ER,133,
ER,134,10.0
ER,135,4.0
ER,136,10.0
ER,137,
ER,138,12.0
ER,139,9.0
ER,140,9.0
ER,141,11.0
ER,142,
ER,143,12.0
ER,144,8.0
ER,145,9.0
ER,146,
ER,147,
ER,148,7.0
ER,149,11.0
ER,150,11.0
ER,151,4.0
ER,152,12.0
ER,153,9.0
ER,154,8.0
ER,155,9.0
ER,156,9.0
ER,157,10.0
ER,158,12.0
ER,159,11.0
ER,160,
ER,161,
ER,162,13.0
ER,163,6.0
ER,164,
ER,165,4.0
ER,166,11.0
ER,167,8.0
ER,168,7.0
ER,169,6.0
ER,170,12.0
ER,171,
ER,172,6.0
ER,173,10.0
ER,174,7.0
ER,175,9.0
ER,176,9.0
ER,177,10.0
ER,178,10.0
ER,179,
ER,180,9.0
ER,181,7.0
ER,182,10.0
ER,183,9.0
ER,184,
ER,185,8.0
ER,186,12.0
ER,187,12.0
ER,188,8.0
ER,189,10.0
ER,190,11.0
ER,191,13.0
ER,192,7.0
ER,193,11.0
ER,194,
ER,195,12.0
ER,196,
ER,197,7.0
ER,198,
ER,199,10.0
ER+IE,0,7.0
ER+IE,1,8.0
ER+IE,2,7.0
ER+IE,3,13.0
ER+IE,4,5.0
ER+IE,5,6.0
ER+IE,6,8.0
ER+IE,7,4.0
ER+IE,8,7.0
ER+IE,9,11.0
ER+IE,10,6.0
ER+IE,11,7.0
ER+IE,12,6.0
ER+IE,13,6.0
ER+IE,14,7.0
ER+IE,15,9.0
ER+IE,16,6.0
ER+IE,17,10.0
ER+IE,18,11.0
ER+IE,19,9.0
ER+IE,20,5.0
ER+IE,21,4.0
ER+IE,22,7.0
ER+IE,23,6.0
ER+IE,24,11.0
ER+IE,25,8.0
ER+IE,26,9.0
ER+IE,27,6.0
ER+IE,28,4.0
ER+IE,29,6.0
ER+IE,30,7.0
ER+IE,31,7.0
ER+IE,32,8.0
ER+IE,33,7.0
ER+IE,34,5.0
ER+IE,35,11.0
ER+IE,36,6.0
ER+IE,37,7.0
ER+IE,38,6.0
ER+IE,39,7.0
ER+IE,40,4.0
ER+IE,41,7.0
ER+IE,42,8.0
ER+IE,43,6.0
ER+IE,44,10.0
ER+IE,45,5.0
ER+IE,46,7.0
ER+IE,47,5.0
ER+IE,48,7.0
ER+IE,49,9.0
ER+IE,50,7.0
ER+IE,51,4.0
ER+IE,52,3.0
ER+IE,53,6.0
ER+IE,54,6.0
ER+IE,55,13.0
ER+IE,56,9.0
ER+IE,57,10.0
ER+IE,58,8.0
ER+IE,59,5.0
ER+IE,60,11.0
ER+IE,61,11.0
ER+IE,62,9.0
ER+IE,63,6.0
ER+IE,64,10.0
ER+IE,65,9.0
ER+IE,66,4.0
ER+IE,67,5.0
ER+IE,68,8.0
ER+IE,69,7.0
ER+IE,70,9.0
ER+IE,71,12.0
ER+IE,72,5.0
ER+IE,73,11.0
ER+IE,74,5.0
ER+IE,75,9.0
ER+IE,76,6.0
ER+IE,77,5.0
ER+IE,78,6.0
ER+IE,79,6.0
ER+IE,80,3.0
ER+IE,81,5.0
ER+IE,82,13.0
ER+IE,83,8.0
ER+IE,84,8.0
ER+IE,85,10.0
ER+IE,86,9.0
ER+IE,87,7.0
ER+IE,88,4.0
ER+IE,89,9.0
ER+IE,90,6.0
ER+IE,91,5.0
ER+IE,92,6.0
ER+IE,93,10.0
ER+IE,94,7.0
ER+IE,95,4.0
ER+IE,96,6.0
ER+IE,97,11.0
ER+IE,98,7.0
ER+IE,99,3.0
ER+IE,100,8.0
ER+IE,101,7.0
ER+IE,102,7.0
ER+IE,103,9.0
ER+IE,104,7.0
ER+IE,105,9.0
ER+IE,106,8.0
ER+IE,107,10.0
ER+IE,108,4.0
ER+IE,109,6.0
ER+IE,110,4.0
ER+IE,111,6.0
ER+IE,112,10.0
ER+IE,113,9.0
ER+IE,114,6.0
ER+IE,115,8.0
ER+IE,116,8.0
ER+IE,117,6.0
ER+IE,118,6.0
ER+IE,119,7.0
ER+IE,120,8.0
ER+IE,121,9.0
ER+IE,122,6.0
ER+IE,123,8.0
ER+IE,124,9.0
ER+IE,125,7.0
ER+IE,126,7.0
ER+IE,127,8.0
ER+IE,128,8.0
ER+IE,129,8.0
ER+IE,130,6.0
ER+IE,131,5.0
ER+IE,132,7.0
ER+IE,133,6.0
ER+IE,134,6.0
ER+IE,135,7.0
ER+IE,136,5.0
ER+IE,137,7.0
ER+IE,138,4.0
ER+IE,139,8.0
ER+IE,140,6.0
ER+IE,141,6.0
ER+IE,142,6.0
ER+IE,143,5.0
ER+IE,144,7.0
ER+IE,145,6.0
ER+IE,146,9.0
ER+IE,147,5.0
ER+IE,148,8.0
ER+IE,149,6.0
ER+IE,150,5.0
ER+IE,151,7.0
ER+IE,152,9.0
ER+IE,153,8.0
ER+IE,154,9.0
ER+IE,155,4.0
ER+IE,156,4.0
ER+IE,157,6.0
ER+IE,158,4.0
ER+IE,159,5.0
ER+IE,160,9.0
ER+IE,161,7.0
ER+IE,162,5.0
ER+IE,163,5.0
ER+IE,164,9.0
ER+IE,165,10.0
ER+IE,166,5.0
ER+IE,167,6.0
ER+IE,168,6.0
ER+IE,169,4.0
ER+IE,170,7.0
ER+IE,171,6.0
ER+IE,172,
ER+IE,173,4.0
ER+IE,174,7.0
ER+IE,175,8.0
ER+IE,176,5.0
ER+IE,177,4.0
ER+IE,178,6.0
ER+IE,179,9.0
ER+IE,180,10.0
ER+IE,181,5.0
ER+IE,182,5.0
ER+IE,183,7.0
ER+IE,184,5.0
ER+IE,185,8.0
ER+IE,186,6.0
ER+IE,187,6.0
ER+IE,188,9.0
ER+IE,189,5.0
ER+IE,190,9.0
ER+IE,191,4.0
ER+IE,192,6.0
ER+IE,193,7.0
ER+IE,194,7.0
ER+IE,195,4.0
ER+IE,196,5.0
ER+IE,197,7.0
ER+IE,198,8.0
ER+IE,199,5.0
MK,0,7.0
MK,1,7.0
MK,2,9.0
MK,3,12.0
MK,4,13.0
MK,5,7.0
MK,6,7.0
MK,7,10.0
MK,8,6.0
MK,9,6.0
MK,10,11.0
MK,11,7.0
MK,12,9.0
MK,13,7.0
MK,14,4.0
MK,15,8.0
MK,16,6.0
MK,17,6.0
MK,18,9.0
MK,19,7.0
MK,20,8.0
MK,21,6.0
MK,22,9.0
MK,23,9.0
MK,24,6.0
MK,25,
MK,26,9.0
MK,27,9.0
MK,28,7.0
MK,29,
MK,30,6.0
MK,31,6.0
MK,32,8.0
MK,33,8.0
MK,34,12.0
MK,35,8.0
MK,36,6.0
MK,37,10.0
MK,38,5.0
MK,39,9.0
MK,40,6.0
MK,41,6.0
MK,42,11.0
MK,43,
MK,44,11.0
MK,45,8.0
MK,46,5.0
MK,47,11.0
MK,48,8.0
MK,49,6.0
MK,50,6.0
MK,51,11.0
MK,52,11.0
MK,53,10.0
MK,54,9.0
MK,55,7.0
MK,56,6.0
MK,57,9.0
MK,58,6.0
MK,59,8.0
MK,60,6.0
MK,61,11.0
MK,62,7.0
MK,63,6.0
MK,64,5.0
MK,65,8.0
MK,66,12.0
MK,67,8.0
MK,68,13.0
MK,69,8.0
MK,70,7.0
MK,71,10.0
MK,72,8.0
MK,73,11.0
MK,74,8.0
MK,75,10.0
MK,76,
MK,77,10.0
MK,78,8.0
MK,79,5.0
MK,80,4.0
MK,81,5.0
MK,82,9.0
MK,83,7.0
MK,84,8.0
MK,85,9.0
MK,86,9.0
MK,87,10.0
MK,88,11.0
MK,89,8.0
MK,90,
MK,91,8.0
MK,92,9.0
MK,93,6.0
MK,94,8.0
MK,95,9.0
MK,96,7.0
MK,97,8.0
MK,98,8.0
MK,99,7.0
MK,100,5.0
MK,101,8.0
MK,102,
MK,103,
MK,104,13.0
MK,105,8.0
MK,106,7.0
MK,107,10.0
MK,108,
MK,109,9.0
MK,110,7.0
MK,111,
MK,112,7.0
MK,113,8.0
MK,114,11.0
MK,115,7.0
MK,116,10.0
MK,117,9.0
MK,118,8.0
MK,119,8.0
MK,120,9.0
MK,121,9.0
MK,122,6.0
MK,123,11.0
MK,124,6.0
MK,125,5.0
MK,126,9.0
MK,127,7.0
MK,128,10.0
MK,129,10.0
MK,130,13.0
MK,131,8.0
MK,132,9.0
MK,133,9.0
MK,134,9.0
MK,135,10.0
MK,136,6.0
MK,137,9.0
MK,138,8.0
MK,139,6.0
MK,140,7.0
MK,141,7.0
MK,142,9.0
MK,143,12.0
MK,144,7.0
MK,145,9.0
MK,146,12.0
MK,147,10.0
MK,148,6.0
MK,149,7.0
MK,150,10.0
MK,151,7.0
MK,152,11.0
MK,153,9.0
MK,154,7.0
MK,155,8.0
MK,156,8.0
MK,157,11.0
MK,158,7.0
MK,159,8.0
MK,160,8.0
MK,161,6.0
MK,162,11.0
MK,163,9.0
MK,164,
MK,165,6.0
MK,166,10.0
MK,167,12.0
MK,168,11.0
MK,169,6.0
MK,170,8.0
MK,171,8.0
MK,172,13.0
MK,173,9.0
MK,174,
MK,175,12.0
MK,176,9.0
MK,177,5.0
MK,178,7.0
MK,179,6.0
MK,180,8.0
MK,181,8.0
MK,182,10.0
MK,183,9.0
MK,184,6.0
MK,185,10.0
MK,186,6.0
MK,187,9.0
MK,188,
MK,189,7.0
MK,190,8.0
MK,191,7.0
MK,192,13.0
MK,193,7.0
MK,194,7.0
MK,195,
MK,196,7.0
MK,197,5.0
MK,198,8.0
MK,199,6.0
MK+IE,0,7.0
MK+IE,1,5.0
MK+IE,2,9.0
MK+IE,3,8.0
MK+IE,4,5.0
MK+IE,5,5.0
MK+IE,6,6.0
MK+IE,7,7.0
MK+IE,8,6.0
MK+IE,9,6.0
MK+IE,10,7.0
MK+IE,11,8.0
MK+IE,12,6.0
MK+IE,13,6.0
MK+IE,14,11.0
MK+IE,15,8.0
MK+IE,16,7.0
MK+IE,17,8.0
MK+IE,18,7.0
MK+IE,19,6.0
MK+IE,20,6.0
MK+IE,21,7.0
MK+IE,22,5.0
MK+IE,23,6.0
MK+IE,24,5.0
MK+IE,25,9.0
MK+IE,26,8.0
MK+IE,27,8.0
MK+IE,28,8.0
MK+IE,29,5.0
MK+IE,30,6.0
MK+IE,31,6.0
MK+IE,32,6.0
MK+IE,33,8.0
MK+IE,34,8.0
MK+IE,35,5.0
MK+IE,36,7.0
MK+IE,37,5.0
MK+IE,38,5.0
MK+IE,39,5.0
MK+IE,40,7.0
MK+IE,41,6.0
MK+IE,42,9.0
MK+IE,43,4.0
MK+IE,44,8.0
MK+IE,45,5.0
MK+IE,46,6.0
MK+IE,47,8.0
MK+IE,48,10.0
MK+IE,49,5.0
MK+IE,50,9.0
MK+IE,51,9.0
MK+IE,52,6.0
MK+IE,53,8.0
MK+IE,54,4.0
MK+IE,55,4.0
MK+IE,56,4.0
MK+IE,57,6.0
MK+IE,58,5.0
MK+IE,59,5.0
MK+IE,60,7.0
MK+IE,61,6.0
MK+IE,62,8.0
MK+IE,63,5.0
MK+IE,64,10.0
MK+IE,65,7.0
MK+IE,66,7.0
MK+IE,67,7.0
MK+IE,68,7.0
MK+IE,69,5.0
MK+IE,70,5.0
MK+IE,71,8.0
MK+IE,72,7.0
MK+IE,73,10.0
MK+IE,74,6.0
MK+IE,75,6.0
MK+IE,76,6.0
MK+IE,77,4.0
MK+IE,78,9.0
MK+IE,79,5.0
MK+IE,80,7.0
MK+IE,81,7.0
MK+IE,82,13.0
MK+IE,83,6.0
MK+IE,84,5.0
MK+IE,85,5.0
MK+IE,86,6.0
MK+IE,87,6.0
MK+IE,88,7.0
MK+IE,89,8.0
MK+IE,90,8.0
MK+IE,91,5.0
MK+IE,92,9.0
MK+IE,93,5.0
MK+IE,94,6.0
MK+IE,95,4.0
MK+IE,96,6.0
MK+IE,97,9.0
MK+IE,98,7.0
MK+IE,99,11.0
MK+IE,100,5.0
MK+IE,101,7.0
MK+IE,102,6.0
MK+IE,103,7.0
MK+IE,104,6.0
MK+IE,105,5.0
MK+IE,106,11.0
MK+IE,107,6.0
MK+IE,108,7.0
MK+IE,109,
MK+IE,110,5.0
MK+IE,111,6.0
MK+IE,112,8.0
MK+IE,113,7.0
MK+IE,114,6.0
MK+IE,115,5.0
MK+IE,116,6.0
MK+IE,117,7.0
MK+IE,118,9.0
MK+IE,119,7.0
MK+IE,120,5.0
MK+IE,121,6.0
MK+IE,122,5.0
MK+IE,123,6.0
MK+IE,124,7.0
MK+IE,125,8.0
MK+IE,126,5.0
MK+IE,127,12.0
MK+IE,128,6.0
MK+IE,129,10.0
MK+IE,130,8.0
MK+IE,131,7.0
MK+IE,132,7.0
MK+IE,133,7.0
MK+IE,134,6.0
MK+IE,135,4.0
MK+IE,136,8.0
MK+IE,137,5.0
MK+IE,138,6.0
MK+IE,139,7.0
MK+IE,140,5.0
MK+IE,141,5.0
MK+IE,142,3.0
MK+IE,143,7.0
MK+IE,144,7.0
MK+IE,145,5.0
MK+IE,146,7.0
MK+IE,147,4.0
MK+IE,148,9.0
MK+IE,149,7.0
MK+IE,150,7.0
MK+IE,151,9.0
MK+IE,152,7.0
MK+IE,153,5.0
MK+IE,154,7.0
MK+IE,155,6.0
MK+IE,156,7.0
MK+IE,157,7.0
MK+IE,158,6.0
MK+IE,159,8.0
MK+IE,160,7.0
MK+IE,161,6.0
MK+IE,162,5.0
MK+IE,163,4.0
MK+IE,164,9.0
MK+IE,165,10.0
MK+IE,166,5.0
MK+IE,167,9.0
MK+IE,168,6.0
MK+IE,169,6.0
MK+IE,170,6.0
MK+IE,171,7.0
MK+IE,172,5.0
MK+IE,173,5.0
MK+IE,174,7.0
MK+IE,175,7.0
MK+IE,176,5.0
MK+IE,177,9.0
MK+IE,178,5.0
MK+IE,179,6.0
MK+IE,180,4.0
MK+IE,181,4.0
MK+IE,182,8.0
MK+IE,183,8.0
MK+IE,184,8.0
MK+IE,185,7.0
MK+IE,186,7.0
MK+IE,187,10.0
MK+IE,188,6.0
MK+IE,189,6.0
MK+IE,190,4.0
MK+IE,191,7.0
MK+IE,192,7.0
MK+IE,193,7.0
MK+IE,194,7.0
MK+IE,195,6.0
MK+IE,196,6.0
MK+IE,197,10.0
MK+IE,198,11.0
MK+IE,199,7.0
MK+ER,0,7.0
MK+ER,1,7.0
MK+ER,2,8.0
MK+ER,3,6.0
MK+ER,4,6.0
MK+ER,5,5.0
MK+ER,6,5.0
MK+ER,7,5.0
MK+ER,8,5.0
MK+ER,9,9.0
MK+ER,10,5.0
MK+ER,11,5.0
MK+ER,12,4.0
MK+ER,13,5.0
MK+ER,14,7.0
MK+ER,15,4.0
MK+ER,16,4.0
MK+ER,17,7.0
MK+ER,18,7.0
MK+ER,19,5.0
MK+ER,20,4.0
MK+ER,21,6.0
MK+ER,22,8.0
MK+ER,23,4.0
MK+ER,24,5.0
MK+ER,25,4.0
MK+ER,26,5.0
MK+ER,27,8.0
MK+ER,28,5.0
MK+ER,29,6.0
MK+ER,30,5.0
MK+ER,31,5.0
MK+ER,32,6.0
MK+ER,33,8.0
MK+ER,34,5.0
MK+ER,35,5.0
MK+ER,36,6.0
MK+ER,37,8.0
MK+ER,38,8.0
MK+ER,39,7.0
MK+ER,40,7.0
MK+ER,41,5.0
MK+ER,42,8.0
MK+ER,43,5.0
MK+ER,44,3.0
MK+ER,45,4.0
MK+ER,46,6.0
MK+ER,47,7.0
MK+ER,48,6.0
MK+ER,49,7.0
MK+ER,50,9.0
MK+ER,51,6.0
MK+ER,52,9.0
MK+ER,53,7.0
MK+ER,54,7.0
MK+ER,55,7.0
MK+ER,56,6.0
MK+ER,57,6.0
MK+ER,58,6.0
MK+ER,59,7.0
MK+ER,60,7.0
MK+ER,61,4.0
MK+ER,62,8.0
MK+ER,63,5.0
MK+ER,64,7.0
MK+ER,65,4.0
MK+ER,66,5.0
MK+ER,67,5.0
MK+ER,68,6.0
MK+ER,69,6.0
MK+ER,70,7.0
MK+ER,71,4.0
MK+ER,72,6.0
MK+ER,73,6.0
MK+ER,74,7.0
MK+ER,75,6.0
MK+ER,76,8.0
MK+ER,77,6.0
MK+ER,78,7.0
MK+ER,79,5.0
MK+ER,80,7.0
MK+ER,81,7.0
MK+ER,82,6.0
MK+ER,83,5.0
MK+ER,84,6.0
MK+ER,85,9.0
MK+ER,86,4.0
MK+ER,87,10.0
MK+ER,88,5.0
MK+ER,89,5.0
MK+ER,90,8.0
MK+ER,91,5.0
MK+ER,92,4.0
MK+ER,93,7.0
MK+ER,94,7.0
MK+ER,95,4.0
MK+ER,96,9.0
MK+ER,97,4.0
MK+ER,98,5.0
MK+ER,99,5.0
MK+ER,100,4.0
MK+ER,101,5.0
MK+ER,102,10.0
MK+ER,103,8.0
MK+ER,104,9.0
MK+ER,105,6.0
MK+ER,106,6.0
MK+ER,107,5.0
MK+ER,108,4.0
MK+ER,109,7.0
MK+ER,110,6.0
MK+ER,111,4.0
MK+ER,112,7.0
MK+ER,113,8.0
MK+ER,114,7.0
MK+ER,115,8.0
MK+ER,116,6.0
MK+ER,117,6.0
MK+ER,118,9.0
MK+ER,119,7.0
MK+ER,120,4.0
MK+ER,121,5.0
MK+ER,122,6.0
MK+ER,123,4.0
MK+ER,124,6.0
MK+ER,125,7.0
MK+ER,126,10.0
MK+ER,127,8.0
MK+ER,128,8.0
MK+ER,129,4.0
MK+ER,130,6.0
MK+ER,131,5.0
MK+ER,132,5.0
MK+ER,133,6.0
MK+ER,134,13.0
MK+ER,135,4.0
MK+ER,136,6.0
MK+ER,137,5.0
MK+ER,138,5.0
MK+ER,139,6.0
MK+ER,140,4.0
MK+ER,141,6.0
MK+ER,142,5.0
MK+ER,143,5.0
MK+ER,144,6.0
MK+ER,145,8.0
MK+ER,146,5.0
MK+ER,147,8.0
MK+ER,148,8.0
MK+ER,149,6.0
MK+ER,150,5.0
MK+ER,151,6.0
MK+ER,152,5.0
MK+ER,153,5.0
MK+ER,154,5.0
MK+ER,155,6.0
MK+ER,156,10.0
MK+ER,157,6.0
MK+ER,158,6.0
MK+ER,159,7.0
MK+ER,160,5.0
MK+ER,161,6.0
MK+ER,162,9.0
MK+ER,163,8.0
MK+ER,164,6.0
MK+ER,165,9.0
MK+ER,166,7.0
MK+ER,167,9.0
MK+ER,168,9.0
MK+ER,169,6.0
MK+ER,170,9.0
MK+ER,171,5.0
MK+ER,172,4.0
MK+ER,173,5.0
MK+ER,174,4.0
MK+ER,175,7.0
MK+ER,176,6.0
MK+ER,177,10.0
MK+ER,178,7.0
MK+ER,179,5.0
MK+ER,180,9.0
MK+ER,181,7.0
MK+ER,182,5.0
MK+ER,183,6.0
MK+ER,184,4.0
MK+ER,185,8.0
MK+ER,186,7.0
MK+ER,187,5.0
MK+ER,188,6.0
MK+ER,189,4.0
MK+ER,190,6.0
MK+ER,191,6.0
MK+ER,192,6.0
MK+ER,193,6.0
MK+ER,194,4.0
MK+ER,195,7.0
MK+ER,196,5.0
MK+ER,197,5.0
MK+ER,198,5.0
MK+ER,199,8.0
MK+ER+IE,0,5.0
MK+ER+IE,1,5.0
MK+ER+IE,2,4.0
MK+ER+IE,3,6.0
MK+ER+IE,4,3.0
MK+ER+IE,5,6.0
MK+ER+IE,6,7.0
MK+ER+IE,7,5.0
MK+ER+IE,8,5.0
MK+ER+IE,9,5.0
MK+ER+IE,10,3.0
MK+ER+IE,11,6.0
MK+ER+IE,12,6.0
MK+ER+IE,13,4.0
MK+ER+IE,14,7.0
MK+ER+IE,15,6.0
MK+ER+IE,16,5.0
MK+ER+IE,17,4.0
MK+ER+IE,18,4.0
MK+ER+IE,19,4.0
MK+ER+IE,20,7.0
MK+ER+IE,21,5.0
MK+ER+IE,22,5.0
MK+ER+IE,23,4.0
MK+ER+IE,24,4.0
MK+ER+IE,25,5.0
MK+ER+IE,26,4.0
MK+ER+IE,27,5.0
MK+ER+IE,28,5.0
MK+ER+IE,29,4.0
MK+ER+IE,30,4.0
MK+ER+IE,31,5.0
MK+ER+IE,32,5.0
MK+ER+IE,33,5.0
MK+ER+IE,34,4.0
MK+ER+IE,35,5.0
MK+ER+IE,36,5.0
MK+ER+IE,37,5.0
MK+ER+IE,38,6.0
MK+ER+IE,39,5.0
MK+ER+IE,40,6.0
MK+ER+IE,41,5.0
MK+ER+IE,42,6.0
MK+ER+IE,43,7.0
MK+ER+IE,44,6.0
MK+ER+IE,45,5.0
MK+ER+IE,46,6.0
MK+ER+IE,47,5.0
MK+ER+IE,48,6.0
MK+ER+IE,49,5.0
MK+ER+IE,50,4.0
MK+ER+IE,51,6.0
MK+ER+IE,52,4.0
MK+ER+IE,53,6.0
MK+ER+IE,54,4.0
MK+ER+IE,55,5.0
MK+ER+IE,56,5.0
MK+ER+IE,57,4.0
MK+ER+IE,58,6.0
MK+ER+IE,59,7.0
MK+ER+IE,60,5.0
MK+ER+IE,61,8.0
MK+ER+IE,62,6.0
MK+ER+IE,63,5.0
MK+ER+IE,64,5.0
MK+ER+IE,65,4.0
MK+ER+IE,66,6.0
MK+ER+IE,67,5.0
MK+ER+IE,68,6.0
MK+ER+IE,69,4.0
MK+ER+IE,70,6.0
MK+ER+IE,71,5.0
MK+ER+IE,72,9.0
MK+ER+IE,73,5.0
MK+ER+IE,74,6.0
MK+ER+IE,75,4.0
MK+ER+IE,76,5.0
MK+ER+IE,77,5.0
MK+ER+IE,78,6.0
MK+ER+IE,79,4.0
MK+ER+IE,80,5.0
MK+ER+IE,81,6.0
MK+ER+IE,82,3.0
MK+ER+IE,83,6.0
MK+ER+IE,84,6.0
MK+ER+IE,85,4.0
MK+ER+IE,86,6.0
MK+ER+IE,87,4.0
MK+ER+IE,88,4.0
MK+ER+IE,89,6.0
MK+ER+IE,90,6.0
MK+ER+IE,91,5.0
MK+ER+IE,92,7.0
MK+ER+IE,93,7.0
MK+ER+IE,94,5.0
MK+ER+IE,95,4.0
MK+ER+IE,96,4.0
MK+ER+IE,97,6.0
MK+ER+IE,98,4.0
MK+ER+IE,99,5.0
MK+ER+IE,100,5.0
MK+ER+IE,101,6.0
MK+ER+IE,102,4.0
MK+ER+IE,103,6.0
MK+ER+IE,104,4.0
MK+ER+IE,105,4.0
MK+ER+IE,106,5.0
MK+ER+IE,107,4.0
MK+ER+IE,108,6.0
MK+ER+IE,109,4.0
MK+ER+IE,110,4.0
MK+ER+IE,111,5.0
MK+ER+IE,112,4.0
MK+ER+IE,113,7.0
MK+ER+IE,114,7.0
MK+ER+IE,115,4.0
MK+ER+IE,116,5.0
MK+ER+IE,117,7.0
MK+ER+IE,118,4.0
MK+ER+IE,119,5.0
MK+ER+IE,120,5.0
MK+ER+IE,121,4.0
MK+ER+IE,122,4.0
MK+ER+IE,123,5.0
MK+ER+IE,124,4.0
MK+ER+IE,125,5.0
MK+ER+IE,126,4.0
MK+ER+IE,127,6.0
MK+ER+IE,128,6.0
MK+ER+IE,129,6.0
MK+ER+IE,130,5.0
MK+ER+IE,131,5.0
MK+ER+IE,132,6.0
MK+ER+IE,133,4.0
MK+ER+IE,134,5.0
MK+ER+IE,135,6.0
MK+ER+IE,136,5.0
MK+ER+IE,137,6.0
MK+ER+IE,138,5.0
MK+ER+IE,139,5.0
MK+ER+IE,140,6.0
MK+ER+IE,141,5.0
MK+ER+IE,142,6.0
MK+ER+IE,143,5.0
MK+ER+IE,144,6.0
MK+ER+IE,145,5.0
MK+ER+IE,146,5.0
MK+ER+IE,147,7.0
MK+ER+IE,148,5.0
MK+ER+IE,149,5.0
MK+ER+IE,150,7.0
MK+ER+IE,151,6.0
MK+ER+IE,152,5.0
MK+ER+IE,153,5.0
MK+ER+IE,154,6.0
MK+ER+IE,155,5.0
MK+ER+IE,156,4.0
MK+ER+IE,157,5.0
MK+ER+IE,158,4.0
MK+ER+IE,159,5.0
MK+ER+IE,160,4.0
MK+ER+IE,161,5.0
MK+ER+IE,162,4.0
MK+ER+IE,163,7.0
MK+ER+IE,164,4.0
MK+ER+IE,165,5.0
MK+ER+IE,166,4.0
MK+ER+IE,167,5.0
MK+ER+IE,168,6.0
MK+ER+IE,169,5.0
MK+ER+IE,170,5.0
MK+ER+IE,171,5.0
MK+ER+IE,172,7.0
MK+ER+IE,173,5.0
MK+ER+IE,174,6.0
MK+ER+IE,175,6.0
MK+ER+IE,176,7.0
MK+ER+IE,177,7.0
MK+ER+IE,178,6.0
MK+ER+IE,179,6.0
MK+ER+IE,180,7.0
MK+ER+IE,181,5.0
MK+ER+IE,182,5.0
MK+ER+IE,183,4.0
MK+ER+IE,184,6.0
MK+ER+IE,185,4.0
MK+ER+IE,186,5.0
MK+ER+IE,187,5.0
MK+ER+IE,188,4.0
MK+ER+IE,189,6.0
MK+ER+IE,190,5.0
MK+ER+IE,191,4.0
MK+ER+IE,192,4.0
MK+ER+IE,193,5.0
MK+ER+IE,194,6.0
MK+ER+IE,195,5.0
MK+ER+IE,196,7.0
MK+ER+IE,197,6.0
MK+ER+IE,198,7.0
MK+ER+IE,199,6.0
CI,0,4.0
CI,1,4.0
CI,2,4.0
CI,3,5.0
CI,4,6.0
CI,5,4.0
CI,6,4.0
CI,7,4.0
CI,8,5.0
CI,9,6.0
CI,10,4.0
CI,11,6.0
CI,12,3.0
CI,13,3.0
CI,14,4.0
CI,15,4.0
CI,16,4.0
CI,17,4.0
CI,18,6.0
CI,19,5.0
CI,20,5.0
CI,21,5.0
CI,22,4.0
CI,23,5.0
CI,24,7.0
CI,25,4.0
CI,26,6.0
CI,27,3.0
CI,28,4.0
CI,29,4.0
CI,30,5.0
CI,31,3.0
CI,32,5.0
CI,33,5.0
CI,34,4.0
CI,35,4.0
CI,36,4.0
CI,37,4.0
CI,38,4.0
CI,39,4.0
CI,40,4.0
CI,41,5.0
CI,42,5.0
CI,43,6.0
CI,44,3.0
CI,45,4.0
CI,46,7.0
CI,47,4.0
CI,48,5.0
CI,49,6.0
CI,50,4.0
CI,51,5.0
CI,52,4.0
CI,53,4.0
CI,54,5.0
CI,55,4.0
CI,56,6.0
CI,57,4.0
CI,58,4.0
CI,59,4.0
CI,60,3.0
CI,61,3.0
CI,62,3.0
CI,63,4.0
CI,64,4.0
CI,65,4.0
CI,66,6.0
CI,67,4.0
CI,68,4.0
CI,69,5.0
CI,70,5.0
CI,71,5.0
CI,72,3.0
CI,73,4.0
CI,74,4.0
CI,75,5.0
CI,76,4.0
CI,77,4.0
CI,78,5.0
CI,79,3.0
CI,80,3.0
CI,81,3.0
CI,82,4.0
CI,83,3.0
CI,84,4.0
CI,85,5.0
CI,86,4.0
CI,87,6.0
CI,88,4.0
CI,89,5.0
CI,90,4.0
CI,91,5.0
CI,92,4.0
CI,93,5.0
CI,94,5.0
CI,95,4.0
CI,96,4.0
CI,97,3.0
CI,98,3.0
CI,99,6.0
CI,100,4.0
CI,101,4.0
CI,102,8.0
CI,103,4.0
CI,104,5.0
CI,105,3.0
CI,106,3.0
CI,107,4.0
CI,108,4.0
CI,109,4.0
CI,110,4.0
CI,111,6.0
CI,112,5.0
CI,113,5.0
CI,114,4.0
CI,115,6.0
CI,116,5.0
CI,117,5.0
CI,118,6.0
CI,119,4.0
CI,120,3.0
CI,121,4.0
CI,122,5.0
CI,123,3.0
CI,124,4.0
CI,125,5.0
CI,126,4.0
CI,127,4.0
CI,128,4.0
CI,129,4.0
CI,130,6.0
CI,131,5.0
CI,132,4.0
CI,133,4.0
CI,134,5.0
CI,135,3.0
CI,136,5.0
CI,137,4.0
CI,138,6.0
CI,139,5.0
CI,140,3.0
CI,141,3.0
CI,142,5.0
CI,143,3.0
CI,144,4.0
CI,145,4.0
CI,146,5.0
CI,147,4.0
CI,148,4.0
CI,149,4.0
CI,150,5.0
CI,151,4.0
CI,152,4.0
CI,153,5.0
CI,154,3.0
CI,155,4.0
CI,156,5.0
CI,157,5.0
CI,158,4.0
CI,159,4.0
CI,160,4.0
CI,161,5.0
CI,162,4.0
CI,163,4.0
CI,164,4.0
CI,165,3.0
CI,166,5.0
CI,167,5.0
CI,168,5.0
CI,169,4.0
CI,170,3.0
CI,171,6.0
CI,172,4.0
CI,173,4.0
CI,174,6.0
CI,175,4.0
CI,176,3.0
CI,177,4.0
CI,178,3.0
CI,179,4.0
CI,180,4.0
CI,181,6.0
CI,182,3.0
CI,183,4.0
CI,184,5.0
CI,185,5.0
CI,186,3.0
CI,187,4.0
CI,188,4.0
CI,189,6.0
CI,190,5.0
CI,191,3.0
CI,192,3.0
CI,193,5.0
CI,194,5.0
CI,195,5.0
CI,196,4.0
CI,197,5.0
CI,198,4.0
CI,199,4.0
CI+IE,0,3.0
CI+IE,1,3.0
CI+IE,2,5.0
CI+IE,3,5.0
CI+IE,4,4.0
CI+IE,5,4.0
CI+IE,6,5.0
CI+IE,7,4.0
CI+IE,8,3.0
CI+IE,9,4.0
CI+IE,10,3.0
CI+IE,11,3.0
CI+IE,12,4.0
CI+IE,13,4.0
CI+IE,14,5.0
CI+IE,15,4.0
CI+IE,16,4.0
CI+IE,17,4.0
CI+IE,18,3.0
CI+IE,19,3.0
CI+IE,20,3.0
CI+IE,21,4.0
CI+IE,22,4.0
CI+IE,23,4.0
CI+IE,24,4.0
CI+IE,25,5.0
CI+IE,26,4.0
CI+IE,27,4.0
CI+IE,28,5.0
CI+IE,29,4.0
CI+IE,30,4.0
CI+IE,31,5.0
CI+IE,32,4.0
CI+IE,33,5.0
CI+IE,34,5.0
CI+IE,35,3.0
CI+IE,36,4.0
CI+IE,37,3.0
CI+IE,38,3.0
CI+IE,39,4.0
CI+IE,40,4.0
CI+IE,41,3.0
CI+IE,42,4.0
CI+IE,43,3.0
CI+IE,44,4.0
CI+IE,45,4.0
CI+IE,46,4.0
CI+IE,47,4.0
CI+IE,48,3.0
CI+IE,49,4.0
CI+IE,50,4.0
CI+IE,51,4.0
CI+IE,52,5.0
CI+IE,53,4.0
CI+IE,54,3.0
CI+IE,55,3.0
CI+IE,56,4.0
CI+IE,57,4.0
CI+IE,58,3.0
CI+IE,59,4.0
CI+IE,60,4.0
CI+IE,61,4.0
CI+IE,62,4.0
CI+IE,63,4.0
CI+IE,64,4.0
CI+IE,65,4.0
CI+IE,66,4.0
CI+IE,67,3.0
CI+IE,68,4.0
CI+IE,69,4.0
CI+IE,70,4.0
CI+IE,71,5.0
CI+IE,72,5.0
CI+IE,73,3.0
CI+IE,74,4.0
CI+IE,75,5.0
CI+IE,76,4.0
CI+IE,77,3.0
CI+IE,78,4.0
CI+IE,79,4.0
CI+IE,80,4.0
CI+IE,81,4.0
CI+IE,82,4.0
CI+IE,83,3.0
CI+IE,84,5.0
CI+IE,85,5.0
CI+IE,86,4.0
CI+IE,87,3.0
CI+IE,88,4.0
CI+IE,89,4.0
CI+IE,90,4.0
CI+IE,91,3.0
CI+IE,92,3.0
CI+IE,93,5.0
CI+IE,94,3.0
CI+IE,95,4.0
CI+IE,96,4.0
CI+IE,97,3.0
CI+IE,98,4.0
CI+IE,99,5.0
CI+IE,100,5.0
CI+IE,101,3.0
CI+IE,102,4.0
CI+IE,103,3.0
CI+IE,104,5.0
CI+IE,105,4.0
CI+IE,106,4.0
CI+IE,107,4.0
CI+IE,108,4.0
CI+IE,109,5.0
CI+IE,110,5.0
CI+IE,111,3.0
CI+IE,112,5.0
CI+IE,113,6.0
CI+IE,114,4.0
CI+IE,115,3.0
CI+IE,116,4.0
CI+IE,117,3.0
CI+IE,118,3.0
CI+IE,119,3.0
CI+IE,120,4.0
CI+IE,121,4.0
CI+IE,122,3.0
CI+IE,123,3.0
CI+IE,124,5.0
CI+IE,125,3.0
CI+IE,126,4.0
CI+IE,127,4.0
CI+IE,128,4.0
CI+IE,129,4.0
CI+IE,130,5.0
CI+IE,131,4.0
CI+IE,132,4.0
CI+IE,133,3.0
CI+IE,134,4.0
CI+IE,135,5.0
CI+IE,136,4.0
CI+IE,137,4.0
CI+IE,138,4.0
CI+IE,139,4.0
CI+IE,140,3.0
CI+IE,141,3.0
CI+IE,142,3.0
CI+IE,143,3.0
CI+IE,144,3.0
CI+IE,145,4.0
CI+IE,146,4.0
CI+IE,147,4.0
CI+IE,148,4.0
CI+IE,149,3.0
CI+IE,150,5.0
CI+IE,151,4.0
CI+IE,152,3.0
CI+IE,153,3.0
CI+IE,154,3.0
CI+IE,155,4.0
CI+IE,156,3.0
CI+IE,157,4.0
CI+IE,158,3.0
CI+IE,159,4.0
CI+IE,160,4.0
CI+IE,161,4.0
CI+IE,162,4.0
CI+IE,163,4.0
CI+IE,164,4.0
CI+IE,165,3.0
CI+IE,166,5.0
CI+IE,167,4.0
CI+IE,168,5.0
CI+IE,169,3.0
CI+IE,170,3.0
CI+IE,171,3.0
CI+IE,172,4.0
CI+IE,173,4.0
CI+IE,174,4.0
CI+IE,175,3.0
CI+IE,176,4.0
CI+IE,177,5.0
CI+IE,178,4.0
CI+IE,179,4.0
CI+IE,180,4.0
CI+IE,181,4.0
CI+IE,182,3.0
CI+IE,183,3.0
CI+IE,184,3.0
CI+IE,185,3.0
CI+IE,186,3.0
CI+IE,187,4.0
CI+IE,188,4.0
CI+IE,189,4.0
CI+IE,190,5.0
CI+IE,191,4.0
CI+IE,192,3.0
CI+IE,193,4.0
CI+IE,194,5.0
CI+IE,195,4.0
CI+IE,196,4.0
CI+IE,197,5.0
CI+IE,198,4.0
CI+IE,199,5.0
CI+ER,0,5.0
CI+ER,1,3.0
CI+ER,2,4.0
CI+ER,3,4.0
CI+ER,4,5.0
CI+ER,5,4.0
CI+ER,6,5.0
CI+ER,7,4.0
CI+ER,8,4.0
CI+ER,9,4.0
CI+ER,10,3.0
CI+ER,11,4.0
CI+ER,12,4.0
CI+ER,13,3.0
CI+ER,14,4.0
CI+ER,15,4.0
CI+ER,16,3.0
CI+ER,17,3.0
CI+ER,18,4.0
CI+ER,19,3.0
CI+ER,20,3.0
CI+ER,21,3.0
CI+ER,22,4.0
CI+ER,23,4.0
CI+ER,24,4.0
CI+ER,25,4.0
CI+ER,26,3.0
CI+ER,27,4.0
CI+ER,28,4.0
CI+ER,29,5.0
CI+ER,30,3.0
CI+ER,31,3.0
CI+ER,32,4.0
CI+ER,33,4.0
CI+ER,34,3.0
CI+ER,35,4.0
CI+ER,36,4.0
CI+ER,37,4.0
CI+ER,38,3.0
CI+ER,39,4.0
CI+ER,40,3.0
CI+ER,41,3.0
CI+ER,42,4.0
CI+ER,43,5.0
CI+ER,44,4.0
CI+ER,45,4.0
CI+ER,46,3.0
CI+ER,47,4.0
CI+ER,48,3.0
CI+ER,49,4.0
CI+ER,50,4.0
CI+ER,51,4.0
CI+ER,52,4.0
CI+ER,53,4.0
CI+ER,54,4.0
CI+ER,55,4.0
CI+ER,56,4.0
CI+ER,57,4.0
CI+ER,58,4.0
CI+ER,59,4.0
CI+ER,60,3.0
CI+ER,61,3.0
CI+ER,62,4.0
CI+ER,63,3.0
CI+ER,64,4.0
CI+ER,65,4.0
CI+ER,66,4.0
CI+ER,67,4.0
CI+ER,68,4.0
CI+ER,69,3.0
CI+ER,70,5.0
CI+ER,71,5.0
CI+ER,72,4.0
CI+ER,73,5.0
CI+ER,74,5.0
CI+ER,75,4.0
CI+ER,76,3.0
CI+ER,77,4.0
CI+ER,78,4.0
CI+ER,79,4.0
CI+ER,80,4.0
CI+ER,81,3.0
CI+ER,82,5.0
CI+ER,83,3.0
CI+ER,84,4.0
CI+ER,85,3.0
CI+ER,86,3.0
CI+ER,87,4.0
CI+ER,88,3.0
CI+ER,89,5.0
CI+ER,90,3.0
CI+ER,91,4.0
CI+ER,92,3.0
CI+ER,93,4.0
CI+ER,94,4.0
CI+ER,95,3.0
CI+ER,96,3.0
CI+ER,97,3.0
CI+ER,98,4.0
CI+ER,99,4.0
CI+ER,100,4.0
CI+ER,101,3.0
CI+ER,102,4.0
CI+ER,103,5.0
CI+ER,104,5.0
CI+ER,105,4.0
CI+ER,106,4.0
CI+ER,107,3.0
CI+ER,108,4.0
CI+ER,109,4.0
CI+ER,110,3.0
CI+ER,111,4.0
CI+ER,112,4.0
CI+ER,113,4.0
CI+ER,114,4.0
CI+ER,115,5.0
CI+ER,116,4.0
CI+ER,117,4.0
CI+ER,118,4.0
CI+ER,119,3.0
CI+ER,120,4.0
CI+ER,121,3.0
CI+ER,122,3.0
CI+ER,123,3.0
CI+ER,124,6.0
CI+ER,125,3.0
CI+ER,126,5.0
CI+ER,127,3.0
CI+ER,128,3.0
CI+ER,129,3.0
CI+ER,130,4.0
CI+ER,131,3.0
CI+ER,132,3.0
CI+ER,133,4.0
CI+ER,134,3.0
CI+ER,135,3.0
CI+ER,136,3.0
CI+ER,137,5.0
CI+ER,138,3.0
CI+ER,139,3.0
CI+ER,140,5.0
CI+ER,141,4.0
CI+ER,142,3.0
CI+ER,143,5.0
CI+ER,144,3.0
CI+ER,145,3.0
CI+ER,146,4.0
CI+ER,147,4.0
CI+ER,148,4.0
CI+ER,149,4.0
CI+ER,150,4.0
CI+ER,151,4.0
CI+ER,152,4.0
CI+ER,153,4.0
CI+ER,154,3.0
CI+ER,155,4.0
CI+ER,156,3.0
CI+ER,157,4.0
CI+ER,158,3.0
CI+ER,159,4.0
CI+ER,160,3.0
CI+ER,161,4.0
CI+ER,162,4.0
CI+ER,163,4.0
CI+ER,164,3.0
CI+ER,165,3.0
CI+ER,166,4.0
CI+ER,167,4.0
CI+ER,168,4.0
CI+ER,169,4.0
CI+ER,170,3.0
CI+ER,171,4.0
CI+ER,172,4.0
CI+ER,173,3.0
CI+ER,174,5.0
CI+ER,175,4.0
CI+ER,176,3.0
CI+ER,177,3.0
CI+ER,178,3.0
CI+ER,179,6.0
CI+ER,180,4.0
CI+ER,181,4.0
CI+ER,182,5.0
CI+ER,183,3.0
CI+ER,184,5.0
CI+ER,185,3.0
CI+ER,186,5.0
CI+ER,187,4.0
CI+ER,188,4.0
CI+ER,189,3.0
CI+ER,190,4.0
CI+ER,191,4.0
CI+ER,192,4.0
CI+ER,193,6.0
CI+ER,194,3.0
CI+ER,195,4.0
CI+ER,196,4.0
CI+ER,197,5.0
CI+ER,198,3.0
CI+ER,199,4.0
CI+ER+IE,0,4.0
CI+ER+IE,1,3.0
CI+ER+IE,2,5.0
CI+ER+IE,3,5.0
CI+ER+IE,4,3.0
CI+ER+IE,5,4.0
CI+ER+IE,6,3.0
CI+ER+IE,7,3.0
CI+ER+IE,8,3.0
CI+ER+IE,9,4.0
CI+ER+IE,10,3.0
CI+ER+IE,11,3.0
CI+ER+IE,12,3.0
CI+ER+IE,13,4.0
CI+ER+IE,14,3.0
CI+ER+IE,15,3.0
CI+ER+IE,16,3.0
CI+ER+IE,17,3.0
CI+ER+IE,18,3.0
CI+ER+IE,19,3.0
CI+ER+IE,20,3.0
CI+ER+IE,21,4.0
CI+ER+IE,22,4.0
CI+ER+IE,23,3.0
CI+ER+IE,24,4.0
CI+ER+IE,25,3.0
CI+ER+IE,26,4.0
CI+ER+IE,27,4.0
CI+ER+IE,28,4.0
CI+ER+IE,29,3.0
CI+ER+IE,30,3.0
CI+ER+IE,31,3.0
CI+ER+IE,32,3.0
CI+ER+IE,33,4.0
CI+ER+IE,34,4.0
CI+ER+IE,35,3.0
CI+ER+IE,36,3.0
CI+ER+IE,37,3.0
CI+ER+IE,38,3.0
CI+ER+IE,39,4.0
CI+ER+IE,40,3.0
CI+ER+IE,41,4.0
CI+ER+IE,42,3.0
CI+ER+IE,43,4.0
CI+ER+IE,44,3.0
CI+ER+IE,45,3.0
CI+ER+IE,46,4.0
CI+ER+IE,47,3.0
CI+ER+IE,48,3.0
CI+ER+IE,49,4.0
CI+ER+IE,50,3.0
CI+ER+IE,51,4.0
CI+ER+IE,52,4.0
CI+ER+IE,53,2.0
CI+ER+IE,54,4.0
CI+ER+IE,55,3.0
CI+ER+IE,56,4.0
CI+ER+IE,57,4.0
CI+ER+IE,58,3.0
CI+ER+IE,59,4.0
CI+ER+IE,60,3.0
CI+ER+IE,61,3.0
CI+ER+IE,62,4.0
CI+ER+IE,63,3.0
CI+ER+IE,64,3.0
CI+ER+IE,65,4.0
CI+ER+IE,66,3.0
CI+ER+IE,67,3.0
CI+ER+IE,68,3.0
CI+ER+IE,69,4.0
CI+ER+IE,70,4.0
CI+ER+IE,71,3.0
CI+ER+IE,72,3.0
CI+ER+IE,73,4.0
CI+ER+IE,74,3.0
CI+ER+IE,75,4.0
CI+ER+IE,76,3.0
CI+ER+IE,77,4.0
CI+ER+IE,78,3.0
CI+ER+IE,79,4.0
CI+ER+IE,80,3.0
CI+ER+IE,81,4.0
CI+ER+IE,82,3.0
CI+ER+IE,83,3.0
CI+ER+IE,84,3.0
CI+ER+IE,85,4.0
CI+ER+IE,86,3.0
CI+ER+IE,87,3.0
CI+ER+IE,88,3.0
CI+ER+IE,89,4.0
CI+ER+IE,90,5.0
CI+ER+IE,91,3.0
CI+ER+IE,92,3.0
CI+ER+IE,93,3.0
CI+ER+IE,94,4.0
CI+ER+IE,95,3.0
CI+ER+IE,96,3.0
CI+ER+IE,97,3.0
CI+ER+IE,98,4.0
CI+ER+IE,99,3.0
CI+ER+IE,100,4.0
CI+ER+IE,101,3.0
CI+ER+IE,102,3.0
CI+ER+IE,103,4.0
CI+ER+IE,104,3.0
CI+ER+IE,105,4.0
CI+ER+IE,106,4.0
CI+ER+IE,107,3.0
CI+ER+IE,108,4.0
CI+ER+IE,109,4.0
CI+ER+IE,110,4.0
CI+ER+IE,111,3.0
CI+ER+IE,112,3.0
CI+ER+IE,113,3.0
CI+ER+IE,114,3.0
CI+ER+IE,115,3.0
CI+ER+IE,116,3.0
CI+ER+IE,117,3.0
CI+ER+IE,118,4.0
CI+ER+IE,119,3.0
CI+ER+IE,120,5.0
CI+ER+IE,121,4.0
CI+ER+IE,122,4.0
CI+ER+IE,123,4.0
CI+ER+IE,124,3.0
CI+ER+IE,125,4.0
CI+ER+IE,126,4.0
CI+ER+IE,127,4.0
CI+ER+IE,128,3.0
CI+ER+IE,129,3.0
CI+ER+IE,130,4.0
CI+ER+IE,131,3.0
CI+ER+IE,132,4.0
CI+ER+IE,133,4.0
CI+ER+IE,134,3.0
CI+ER+IE,135,3.0
CI+ER+IE,136,3.0
CI+ER+IE,137,3.0
CI+ER+IE,138,3.0
CI+ER+IE,139,4.0
CI+ER+IE,140,2.0
CI+ER+IE,141,5.0
CI+ER+IE,142,5.0
CI+ER+IE,143,3.0
CI+ER+IE,144,3.0
CI+ER+IE,145,3.0
CI+ER+IE,146,3.0
CI+ER+IE,147,4.0
CI+ER+IE,148,3.0
CI+ER+IE,149,4.0
CI+ER+IE,150,3.0
CI+ER+IE,151,4.0
CI+ER+IE,152,3.0
CI+ER+IE,153,3.0
CI+ER+IE,154,3.0
CI+ER+IE,155,4.0
CI+ER+IE,156,4.0
CI+ER+IE,157,4.0
CI+ER+IE,158,3.0
CI+ER+IE,159,4.0
CI+ER+IE,160,4.0
CI+ER+IE,161,4.0
CI+ER+IE,162,3.0
CI+ER+IE,163,3.0
CI+ER+IE,164,3.0
CI+ER+IE,165,4.0
CI+ER+IE,166,3.0
CI+ER+IE,167,4.0
CI+ER+IE,168,3.0
CI+ER+IE,169,3.0
CI+ER+IE,170,3.0
CI+ER+IE,171,3.0
CI+ER+IE,172,3.0
CI+ER+IE,173,3.0
CI+ER+IE,174,3.0
CI+ER+IE,175,3.0
CI+ER+IE,176,3.0
CI+ER+IE,177,3.0
CI+ER+IE,178,3.0
CI+ER+IE,179,4.0
CI+ER+IE,180,3.0
CI+ER+IE,181,3.0
CI+ER+IE,182,3.0
CI+ER+IE,183,4.0
CI+ER+IE,184,3.0
CI+ER+IE,185,3.0
CI+ER+IE,186,4.0
CI+ER+IE,187,3.0
CI+ER+IE,188,3.0
CI+ER+IE,189,3.0
CI+ER+IE,190,3.0
CI+ER+IE,191,4.0
CI+ER+IE,192,3.0
CI+ER+IE,193,4.0
CI+ER+IE,194,4.0
CI+ER+IE,195,3.0
CI+ER+IE,196,3.0
CI+ER+IE,197,3.0
CI+ER+IE,198,3.0
CI+ER+IE,199,4.0
CI+MK,0,5.0
CI+MK,1,5.0
CI+MK,2,5.0
CI+MK,3,7.0
CI+MK,4,6.0
CI+MK,5,5.0
CI+MK,6,3.0
CI+MK,7,6.0
CI+MK,8,6.0
CI+MK,9,4.0
CI+MK,10,4.0
CI+MK,11,5.0
CI+MK,12,5.0
CI+MK,13,5.0
CI+MK,14,5.0
CI+MK,15,7.0
CI+MK,16,4.0
CI+MK,17,4.0
CI+MK,18,5.0
CI+MK,19,5.0
CI+MK,20,4.0
CI+MK,21,4.0
CI+MK,22,4.0
CI+MK,23,6.0
CI+MK,24,4.0
CI+MK,25,6.0
CI+MK,26,5.0
CI+MK,27,5.0
CI+MK,28,7.0
CI+MK,29,5.0
CI+MK,30,6.0
CI+MK,31,3.0
CI+MK,32,6.0
CI+MK,33,5.0
CI+MK,34,5.0
CI+MK,35,3.0
CI+MK,36,3.0
CI+MK,37,5.0
CI+MK,38,5.0
CI+MK,39,4.0
CI+MK,40,4.0
CI+MK,41,5.0
CI+MK,42,5.0
CI+MK,43,5.0
CI+MK,44,5.0
CI+MK,45,4.0
CI+MK,46,6.0
CI+MK,47,4.0
CI+MK,48,5.0
CI+MK,49,4.0
CI+MK,50,5.0
CI+MK,51,4.0
CI+MK,52,4.0
CI+MK,53,4.0
CI+MK,54,5.0
CI+MK,55,6.0
CI+MK,56,5.0
CI+MK,57,4.0
CI+MK,58,6.0
CI+MK,59,6.0
CI+MK,60,6.0
CI+MK,61,5.0
CI+MK,62,5.0
CI+MK,63,5.0
CI+MK,64,5.0
CI+MK,65,3.0
CI+MK,66,5.0
CI+MK,67,5.0
CI+MK,68,5.0
CI+MK,69,4.0
CI+MK,70,4.0
CI+MK,71,4.0
CI+MK,72,4.0
CI+MK,73,3.0
CI+MK,74,6.0
CI+MK,75,5.0
CI+MK,76,3.0
CI+MK,77,7.0
CI+MK,78,5.0
CI+MK,79,4.0
CI+MK,80,5.0
CI+MK,81,4.0
CI+MK,82,7.0
CI+MK,83,4.0
CI+MK,84,5.0
CI+MK,85,4.0
CI+MK,86,4.0
CI+MK,87,5.0
CI+MK,88,5.0
CI+MK,89,5.0
CI+MK,90,3.0
CI+MK,91,6.0
CI+MK,92,4.0
CI+MK,93,4.0
CI+MK,94,5.0
CI+MK,95,5.0
CI+MK,96,5.0
CI+MK,97,5.0
CI+MK,98,4.0
CI+MK,99,5.0
CI+MK,100,4.0
CI+MK,101,5.0
CI+MK,102,6.0
CI+MK,103,5.0
CI+MK,104,4.0
CI+MK,105,5.0
CI+MK,106,4.0
CI+MK,107,3.0
CI+MK,108,5.0
CI+MK,109,5.0
CI+MK,110,7.0
CI+MK,111,4.0
CI+MK,112,3.0
CI+MK,113,6.0
CI+MK,114,4.0
CI+MK,115,5.0
CI+MK,116,5.0
CI+MK,117,5.0
CI+MK,118,5.0
CI+MK,119,5.0
CI+MK,120,4.0
CI+MK,121,5.0
CI+MK,122,4.0
CI+MK,123,6.0
CI+MK,124,4.0
CI+MK,125,7.0
CI+MK,126,4.0
CI+MK,127,4.0
CI+MK,128,4.0
CI+MK,129,4.0
CI+MK,130,5.0
CI+MK,131,6.0
CI+MK,132,5.0
CI+MK,133,4.0
CI+MK,134,5.0
CI+MK,135,5.0
CI+MK,136,5.0
CI+MK,137,5.0
CI+MK,138,5.0
CI+MK,139,7.0
CI+MK,140,4.0
CI+MK,141,4.0
CI+MK,142,5.0
CI+MK,143,4.0
CI+MK,144,5.0
CI+MK,145,5.0
CI+MK,146,5.0
CI+MK,147,6.0
CI+MK,148,5.0
CI+MK,149,5.0
CI+MK,150,4.0
CI+MK,151,4.0
CI+MK,152,5.0
CI+MK,153,4.0
CI+MK,154,3.0
CI+MK,155,4.0
CI+MK,156,7.0
CI+MK,157,5.0
CI+MK,158,5.0
CI+MK,159,5.0
CI+MK,160,4.0
CI+MK,161,5.0
CI+MK,162,5.0
CI+MK,163,5.0
CI+MK,164,4.0
CI+MK,165,6.0
CI+MK,166,4.0
CI+MK,167,4.0
CI+MK,168,5.0
CI+MK,169,5.0
CI+MK,170,8.0
CI+MK,171,5.0
CI+MK,172,4.0
CI+MK,173,6.0
CI+MK,174,4.0
CI+MK,175,5.0
CI+MK,176,5.0
CI+MK,177,5.0
CI+MK,178,4.0
CI+MK,179,7.0
CI+MK,180,5.0
CI+MK,181,6.0
CI+MK,182,7.0
CI+MK,183,4.0
CI+MK,184,5.0
CI+MK,185,3.0
CI+MK,186,7.0
CI+MK,187,6.0
CI+MK,188,5.0
CI+MK,189,4.0
CI+MK,190,4.0
CI+MK,191,4.0
CI+MK,192,4.0
CI+MK,193,4.0
CI+MK,194,4.0
CI+MK,195,4.0
CI+MK,196,4.0
CI+MK,197,4.0
CI+MK,198,4.0
CI+MK,199,6.0
CI+MK+IE,0,3.0
CI+MK+IE,1,5.0
CI+MK+IE,2,5.0
CI+MK+IE,3,3.0
CI+MK+IE,4,5.0
CI+MK+IE,5,5.0
CI+MK+IE,6,3.0
CI+MK+IE,7,3.0
CI+MK+IE,8,4.0
CI+MK+IE,9,5.0
CI+MK+IE,10,4.0
CI+MK+IE,11,4.0
CI+MK+IE,12,4.0
CI+MK+IE,13,3.0
CI+MK+IE,14,3.0
CI+MK+IE,15,5.0
CI+MK+IE,16,4.0
CI+MK+IE,17,5.0
CI+MK+IE,18,4.0
CI+MK+IE,19,4.0
CI+MK+IE,20,5.0
CI+MK+IE,21,3.0
CI+MK+IE,22,4.0
CI+MK+IE,23,4.0
CI+MK+IE,24,5.0
CI+MK+IE,25,4.0
CI+MK+IE,26,5.0
CI+MK+IE,27,3.0
CI+MK+IE,28,5.0
CI+MK+IE,29,4.0
CI+MK+IE,30,4.0
CI+MK+IE,31,4.0
CI+MK+IE,32,4.0
CI+MK+IE,33,4.0
CI+MK+IE,34,4.0
CI+MK+IE,35,5.0
CI+MK+IE,36,3.0
CI+MK+IE,37,5.0
CI+MK+IE,38,4.0
CI+MK+IE,39,7.0
CI+MK+IE,40,4.0
CI+MK+IE,41,3.0
CI+MK+IE,42,4.0
CI+MK+IE,43,5.0
CI+MK+IE,44,4.0
CI+MK+IE,45,3.0
CI+MK+IE,46,4.0
CI+MK+IE,47,4.0
CI+MK+IE,48,5.0
CI+MK+IE,49,3.0
CI+MK+IE,50,4.0
CI+MK+IE,51,4.0
CI+MK+IE,52,3.0
CI+MK+IE,53,5.0
CI+MK+IE,54,3.0
CI+MK+IE,55,4.0
CI+MK+IE,56,3.0
CI+MK+IE,57,4.0
CI+MK+IE,58,5.0
CI+MK+IE,59,4.0
CI+MK+IE,60,5.0
CI+MK+IE,61,5.0
CI+MK+IE,62,5.0
CI+MK+IE,63,4.0
CI+MK+IE,64,5.0
CI+MK+IE,65,3.0
CI+MK+IE,66,4.0
CI+MK+IE,67,5.0
CI+MK+IE,68,4.0
CI+MK+IE,69,4.0
CI+MK+IE,70,5.0
CI+MK+IE,71,5.0
CI+MK+IE,72,4.0
CI+MK+IE,73,4.0
CI+MK+IE,74,5.0
CI+MK+IE,75,4.0
CI+MK+IE,76,5.0
CI+MK+IE,77,4.0
CI+MK+IE,78,4.0
CI+MK+IE,79,5.0
CI+MK+IE,80,4.0
CI+MK+IE,81,5.0
CI+MK+IE,82,5.0
CI+MK+IE,83,3.0
CI+MK+IE,84,4.0
CI+MK+IE,85,4.0
CI+MK+IE,86,5.0
CI+MK+IE,87,4.0
CI+MK+IE,88,4.0
CI+MK+IE,89,5.0
CI+MK+IE,90,5.0
CI+MK+IE,91,3.0
CI+MK+IE,92,5.0
CI+MK+IE,93,5.0
CI+MK+IE,94,4.0
CI+MK+IE,95,6.0
CI+MK+IE,96,5.0
CI+MK+IE,97,4.0
CI+MK+IE,98,5.0
CI+MK+IE,99,3.0
CI+MK+IE,100,5.0
CI+MK+IE,101,3.0
CI+MK+IE,102,5.0
CI+MK+IE,103,4.0
CI+MK+IE,104,4.0
CI+MK+IE,105,4.0
CI+MK+IE,106,5.0
CI+MK+IE,107,5.0
CI+MK+IE,108,4.0
CI+MK+IE,109,4.0
CI+MK+IE,110,5.0
CI+MK+IE,111,3.0
CI+MK+IE,112,4.0
CI+MK+IE,113,3.0
CI+MK+IE,114,5.0
CI+MK+IE,115,3.0
CI+MK+IE,116,4.0
CI+MK+IE,117,4.0
CI+MK+IE,118,5.0
CI+MK+IE,119,4.0
CI+MK+IE,120,4.0
CI+MK+IE,121,4.0
CI+MK+IE,122,4.0
CI+MK+IE,123,5.0
CI+MK+IE,124,6.0
CI+MK+IE,125,4.0
CI+MK+IE,126,4.0
CI+MK+IE,127,3.0
CI+MK+IE,128,4.0
CI+MK+IE,129,4.0
CI+MK+IE,130,4.0
CI+MK+IE,131,4.0
CI+MK+IE,132,4.0
CI+MK+IE,133,4.0
CI+MK+IE,134,5.0
CI+MK+IE,135,6.0
CI+MK+IE,136,5.0
CI+MK+IE,137,6.0
CI+MK+IE,138,4.0
CI+MK+IE,139,4.0
CI+MK+IE,140,5.0
CI+MK+IE,141,5.0
CI+MK+IE,142,3.0
CI+MK+IE,143,5.0
CI+MK+IE,144,4.0
CI+MK+IE,145,3.0
CI+MK+IE,146,4.0
CI+MK+IE,147,5.0
CI+MK+IE,148,4.0
CI+MK+IE,149,5.0
CI+MK+IE,150,5.0
CI+MK+IE,151,5.0
CI+MK+IE,152,5.0
CI+MK+IE,153,4.0
CI+MK+IE,154,4.0
CI+MK+IE,155,4.0
CI+MK+IE,156,4.0
CI+MK+IE,157,4.0
CI+MK+IE,158,3.0
CI+MK+IE,159,5.0
CI+MK+IE,160,4.0
CI+MK+IE,161,5.0
CI+MK+IE,162,4.0
CI+MK+IE,163,5.0
CI+MK+IE,164,6.0
CI+MK+IE,165,4.0
CI+MK+IE,166,5.0
CI+MK+IE,167,5.0
CI+MK+IE,168,5.0
CI+MK+IE,169,4.0
CI+MK+IE,170,4.0
CI+MK+IE,171,3.0
CI+MK+IE,172,3.0
CI+MK+IE,173,3.0
CI+MK+IE,174,5.0
CI+MK+IE,175,3.0
CI+MK+IE,176,4.0
CI+MK+IE,177,5.0
CI+MK+IE,178,4.0
CI+MK+IE,179,5.0
CI+MK+IE,180,5.0
CI+MK+IE,181,4.0
CI+MK+IE,182,5.0
CI+MK+IE,183,4.0
CI+MK+IE,184,4.0
CI+MK+IE,185,5.0
CI+MK+IE,186,5.0
CI+MK+IE,187,4.0
CI+MK+IE,188,4.0
CI+MK+IE,189,5.0
CI+MK+IE,190,5.0
CI+MK+IE,191,3.0
CI+MK+IE,192,3.0
CI+MK+IE,193,4.0
CI+MK+IE,194,5.0
CI+MK+IE,195,3.0
CI+MK+IE,196,5.0
CI+MK+IE,197,5.0
CI+MK+IE,198,4.0
CI+MK+IE,199,3.0
CI+MK+ER,0,5.0
CI+MK+ER,1,3.0
CI+MK+ER,2,4.0
CI+MK+ER,3,5.0
CI+MK+ER,4,4.0
CI+MK+ER,5,4.0
CI+MK+ER,6,4.0
CI+MK+ER,7,5.0
CI+MK+ER,8,5.0
CI+MK+ER,9,4.0
CI+MK+ER,10,4.0
CI+MK+ER,11,4.0
CI+MK+ER,12,4.0
CI+MK+ER,13,4.0
CI+MK+ER,14,3.0
CI+MK+ER,15,3.0
CI+MK+ER,16,6.0
CI+MK+ER,17,4.0
CI+MK+ER,18,5.0
CI+MK+ER,19,5.0
CI+MK+ER,20,5.0
CI+MK+ER,21,3.0
CI+MK+ER,22,5.0
CI+MK+ER,23,4.0
CI+MK+ER,24,4.0
CI+MK+ER,25,4.0
CI+MK+ER,26,6.0
CI+MK+ER,27,4.0
CI+MK+ER,28,3.0
CI+MK+ER,29,5.0
CI+MK+ER,30,3.0
CI+MK+ER,31,6.0
CI+MK+ER,32,5.0
CI+MK+ER,33,5.0
CI+MK+ER,34,4.0
CI+MK+ER,35,4.0
CI+MK+ER,36,4.0
CI+MK+ER,37,4.0
CI+MK+ER,38,3.0
CI+MK+ER,39,3.0
CI+MK+ER,40,4.0
CI+MK+ER,41,5.0
CI+MK+ER,42,3.0
CI+MK+ER,43,4.0
CI+MK+ER,44,4.0
CI+MK+ER,45,6.0
CI+MK+ER,46,4.0
CI+MK+ER,47,4.0
CI+MK+ER,48,4.0
CI+MK+ER,49,4.0
CI+MK+ER,50,4.0
CI+MK+ER,51,4.0
CI+MK+ER,52,4.0
CI+MK+ER,53,5.0
CI+MK+ER,54,4.0
CI+MK+ER,55,4.0
CI+MK+ER,56,3.0
CI+MK+ER,57,5.0
CI+MK+ER,58,4.0
CI+MK+ER,59,3.0
CI+MK+ER,60,4.0
CI+MK+ER,61,5.0
CI+MK+ER,62,5.0
CI+MK+ER,63,3.0
CI+MK+ER,64,3.0
CI+MK+ER,65,4.0
CI+MK+ER,66,4.0
CI+MK+ER,67,4.0
CI+MK+ER,68,6.0
CI+MK+ER,69,5.0
CI+MK+ER,70,4.0
CI+MK+ER,71,4.0
CI+MK+ER,72,2.0
CI+MK+ER,73,4.0
CI+MK+ER,74,4.0
CI+MK+ER,75,4.0
CI+MK+ER,76,3.0
CI+MK+ER,77,4.0
CI+MK+ER,78,4.0
CI+MK+ER,79,3.0
CI+MK+ER,80,3.0
CI+MK+ER,81,4.0
CI+MK+ER,82,5.0
CI+MK+ER,83,4.0
CI+MK+ER,84,4.0
CI+MK+ER,85,4.0
CI+MK+ER,86,4.0
CI+MK+ER,87,3.0
CI+MK+ER,88,4.0
CI+MK+ER,89,4.0
CI+MK+ER,90,3.0
CI+MK+ER,91,3.0
CI+MK+ER,92,3.0
CI+MK+ER,93,4.0
CI+MK+ER,94,4.0
CI+MK+ER,95,3.0
CI+MK+ER,96,4.0
CI+MK+ER,97,3.0
CI+MK+ER,98,5.0
CI+MK+ER,99,5.0
CI+MK+ER,100,4.0
CI+MK+ER,101,3.0
CI+MK+ER,102,4.0
CI+MK+ER,103,4.0
CI+MK+ER,104,3.0
CI+MK+ER,105,5.0
CI+MK+ER,106,5.0
CI+MK+ER,107,4.0
CI+MK+ER,108,5.0
CI+MK+ER,109,4.0
CI+MK+ER,110,4.0
CI+MK+ER,111,5.0
CI+MK+ER,112,4.0
CI+MK+ER,113,4.0
CI+MK+ER,114,5.0
CI+MK+ER,115,4.0
CI+MK+ER,116,4.0
CI+MK+ER,117,3.0
CI+MK+ER,118,4.0
CI+MK+ER,119,4.0
CI+MK+ER,120,4.0
CI+MK+ER,121,4.0
CI+MK+ER,122,5.0
CI+MK+ER,123,4.0
CI+MK+ER,124,3.0
CI+MK+ER,125,5.0
CI+MK+ER,126,3.0
CI+MK+ER,127,3.0
CI+MK+ER,128,4.0
CI+MK+ER,129,4.0
CI+MK+ER,130,3.0
CI+MK+ER,131,3.0
CI+MK+ER,132,3.0
CI+MK+ER,133,4.0
CI+MK+ER,134,4.0
CI+MK+ER,135,3.0
CI+MK+ER,136,4.0
CI+MK+ER,137,3.0
CI+MK+ER,138,4.0
CI+MK+ER,139,5.0
CI+MK+ER,140,4.0
CI+MK+ER,141,5.0
CI+MK+ER,142,5.0
CI+MK+ER,143,4.0
CI+MK+ER,144,4.0
CI+MK+ER,145,4.0
CI+MK+ER,146,4.0
CI+MK+ER,147,3.0
CI+MK+ER,148,4.0
CI+MK+ER,149,4.0
CI+MK+ER,150,3.0
CI+MK+ER,151,5.0
CI+MK+ER,152,3.0
CI+MK+ER,153,5.0
CI+MK+ER,154,5.0
CI+MK+ER,155,4.0
CI+MK+ER,156,4.0
CI+MK+ER,157,4.0
CI+MK+ER,158,4.0
CI+MK+ER,159,4.0
CI+MK+ER,160,5.0
CI+MK+ER,161,5.0
CI+MK+ER,162,6.0
CI+MK+ER,163,4.0
CI+MK+ER,164,5.0
CI+MK+ER,165,4.0
CI+MK+ER,166,2.0
CI+MK+ER,167,3.0
CI+MK+ER,168,4.0
CI+MK+ER,169,5.0
CI+MK+ER,170,4.0
CI+MK+ER,171,5.0
CI+MK+ER,172,4.0
CI+MK+ER,173,5.0
CI+MK+ER,174,5.0
CI+MK+ER,175,5.0
CI+MK+ER,176,4.0
CI+MK+ER,177,3.0
CI+MK+ER,178,4.0
CI+MK+ER,179,4.0
CI+MK+ER,180,5.0
CI+MK+ER,181,5.0
CI+MK+ER,182,4.0
CI+MK+ER,183,3.0
CI+MK+ER,184,4.0
CI+MK+ER,185,4.0
CI+MK+ER,186,5.0
CI+MK+ER,187,5.0
CI+MK+ER,188,5.0
CI+MK+ER,189,3.0
CI+MK+ER,190,4.0
CI+MK+ER,191,4.0
CI+MK+ER,192,4.0
CI+MK+ER,193,4.0
CI+MK+ER,194,4.0
CI+MK+ER,195,5.0
CI+MK+ER,196,4.0
CI+MK+ER,197,4.0
CI+MK+ER,198,3.0
CI+MK+ER,199,4.0
CI+MK+ER+IE,0,3.0
CI+MK+ER+IE,1,3.0
CI+MK+ER+IE,2,4.0
CI+MK+ER+IE,3,3.0
CI+MK+ER+IE,4,4.0
CI+MK+ER+IE,5,3.0
CI+MK+ER+IE,6,3.0
CI+MK+ER+IE,7,3.0
CI+MK+ER+IE,8,4.0
CI+MK+ER+IE,9,4.0
CI+MK+ER+IE,10,5.0
CI+MK+ER+IE,11,3.0
CI+MK+ER+IE,12,3.0
CI+MK+ER+IE,13,3.0
CI+MK+ER+IE,14,3.0
CI+MK+ER+IE,15,3.0
CI+MK+ER+IE,16,3.0
CI+MK+ER+IE,17,4.0
CI+MK+ER+IE,18,3.0
CI+MK+ER+IE,19,4.0
CI+MK+ER+IE,20,4.0
CI+MK+ER+IE,21,3.0
CI+MK+ER+IE,22,3.0
CI+MK+ER+IE,23,5.0
CI+MK+ER+IE,24,4.0
CI+MK+ER+IE,25,4.0
CI+MK+ER+IE,26,3.0
CI+MK+ER+IE,27,3.0
CI+MK+ER+IE,28,3.0
CI+MK+ER+IE,29,3.0
CI+MK+ER+IE,30,3.0
CI+MK+ER+IE,31,3.0
CI+MK+ER+IE,32,4.0
CI+MK+ER+IE,33,3.0
CI+MK+ER+IE,34,3.0
CI+MK+ER+IE,35,3.0
CI+MK+ER+IE,36,4.0
CI+MK+ER+IE,37,2.0
CI+MK+ER+IE,38,5.0
CI+MK+ER+IE,39,4.0
CI+MK+ER+IE,40,4.0
CI+MK+ER+IE,41,4.0
CI+MK+ER+IE,42,4.0
CI+MK+ER+IE,43,4.0
CI+MK+ER+IE,44,4.0
CI+MK+ER+IE,45,4.0
CI+MK+ER+IE,46,3.0
CI+MK+ER+IE,47,4.0
CI+MK+ER+IE,48,3.0
CI+MK+ER+IE,49,5.0
CI+MK+ER+IE,50,4.0
CI+MK+ER+IE,51,4.0
CI+MK+ER+IE,52,3.0
CI+MK+ER+IE,53,4.0
CI+MK+ER+IE,54,4.0
CI+MK+ER+IE,55,4.0
CI+MK+ER+IE,56,4.0
CI+MK+ER+IE,57,3.0
CI+MK+ER+IE,58,4.0
CI+MK+ER+IE,59,3.0
CI+MK+ER+IE,60,4.0
CI+MK+ER+IE,61,3.0
CI+MK+ER+IE,62,4.0
CI+MK+ER+IE,63,4.0
CI+MK+ER+IE,64,5.0
CI+MK+ER+IE,65,4.0
CI+MK+ER+IE,66,3.0
CI+MK+ER+IE,67,4.0
CI+MK+ER+IE,68,4.0
CI+MK+ER+IE,69,4.0
CI+MK+ER+IE,70,3.0
CI+MK+ER+IE,71,4.0
CI+MK+ER+IE,72,4.0
CI+MK+ER+IE,73,3.0
CI+MK+ER+IE,74,4.0
CI+MK+ER+IE,75,4.0
CI+MK+ER+IE,76,4.0
CI+MK+ER+IE,77,4.0
CI+MK+ER+IE,78,3.0
CI+MK+ER+IE,79,3.0
CI+MK+ER+IE,80,3.0
CI+MK+ER+IE,81,4.0
CI+MK+ER+IE,82,5.0
CI+MK+ER+IE,83,4.0
CI+MK+ER+IE,84,5.0
CI+MK+ER+IE,85,3.0
CI+MK+ER+IE,86,4.0
CI+MK+ER+IE,87,4.0
CI+MK+ER+IE,88,4.0
CI+MK+ER+IE,89,3.0
CI+MK+ER+IE,90,5.0
CI+MK+ER+IE,91,4.0
CI+MK+ER+IE,92,3.0
CI+MK+ER+IE,93,3.0
CI+MK+ER+IE,94,4.0
CI+MK+ER+IE,95,4.0
CI+MK+ER+IE,96,3.0
CI+MK+ER+IE,97,3.0
CI+MK+ER+IE,98,3.0
CI+MK+ER+IE,99,4.0
CI+MK+ER+IE,100,3.0
CI+MK+ER+IE,101,4.0
CI+MK+ER+IE,102,4.0
CI+MK+ER+IE,103,4.0
CI+MK+ER+IE,104,4.0
CI+MK+ER+IE,105,4.0
CI+MK+ER+IE,106,4.0
CI+MK+ER+IE,107,3.0
CI+MK+ER+IE,108,3.0
CI+MK+ER+IE,109,3.0
CI+MK+ER+IE,110,3.0
CI+MK+ER+IE,111,4.0
CI+MK+ER+IE,112,4.0
CI+MK+ER+IE,113,4.0
CI+MK+ER+IE,114,4.0
CI+MK+ER+IE,115,5.0
CI+MK+ER+IE,116,3.0
CI+MK+ER+IE,117,3.0
CI+MK+ER+IE,118,4.0
CI+MK+ER+IE,119,4.0
CI+MK+ER+IE,120,4.0
CI+MK+ER+IE,121,3.0
CI+MK+ER+IE,122,3.0
CI+MK+ER+IE,123,3.0
CI+MK+ER+IE,124,5.0
CI+MK+ER+IE,125,3.0
CI+MK+ER+IE,126,5.0
CI+MK+ER+IE,127,4.0
CI+MK+ER+IE,128,4.0
CI+MK+ER+IE,129,3.0
CI+MK+ER+IE,130,3.0
CI+MK+ER+IE,131,5.0
CI+MK+ER+IE,132,4.0
CI+MK+ER+IE,133,4.0
CI+MK+ER+IE,134,4.0
CI+MK+ER+IE,135,3.0
CI+MK+ER+IE,136,4.0
CI+MK+ER+IE,137,4.0
CI+MK+ER+IE,138,4.0
CI+MK+ER+IE,139,3.0
CI+MK+ER+IE,140,4.0
CI+MK+ER+IE,141,4.0
CI+MK+ER+IE,142,4.0
CI+MK+ER+IE,143,3.0
CI+MK+ER+IE,144,4.0
CI+MK+ER+IE,145,5.0
CI+MK+ER+IE,146,5.0
CI+MK+ER+IE,147,4.0
CI+MK+ER+IE,148,3.0
CI+MK+ER+IE,149,4.0
CI+MK+ER+IE,150,5.0
CI+MK+ER+IE,151,4.0
CI+MK+ER+IE,152,4.0
CI+MK+ER+IE,153,4.0
CI+MK+ER+IE,154,3.0
CI+MK+ER+IE,155,5.0
CI+MK+ER+IE,156,4.0
CI+MK+ER+IE,157,4.0
CI+MK+ER+IE,158,3.0
CI+MK+ER+IE,159,3.0
CI+MK+ER+IE,160,3.0
CI+MK+ER+IE,161,4.0
CI+MK+ER+IE,162,4.0
CI+MK+ER+IE,163,4.0
CI+MK+ER+IE,164,4.0
CI+MK+ER+IE,165,3.0
CI+MK+ER+IE,166,4.0
CI+MK+ER+IE,167,3.0
CI+MK+ER+IE,168,3.0
CI+MK+ER+IE,169,3.0
CI+MK+ER+IE,170,4.0
CI+MK+ER+IE,171,4.0
CI+MK+ER+IE,172,5.0
CI+MK+ER+IE,173,3.0
CI+MK+ER+IE,174,4.0
CI+MK+ER+IE,175,5.0
CI+MK+ER+IE,176,3.0
CI+MK+ER+IE,177,5.0
CI+MK+ER+IE,178,4.0
CI+MK+ER+IE,179,4.0
CI+MK+ER+IE,180,4.0
CI+MK+ER+IE,181,3.0
CI+MK+ER+IE,182,4.0
CI+MK+ER+IE,183,3.0
CI+MK+ER+IE,184,3.0
CI+MK+ER+IE,185,3.0
CI+MK+ER+IE,186,4.0
CI+MK+ER+IE,187,4.0
CI+MK+ER+IE,188,4.0
CI+MK+ER+IE,189,4.0
CI+MK+ER+IE,190,3.0
CI+MK+ER+IE,191,4.0
CI+MK+ER+IE,192,3.0
CI+MK+ER+IE,193,4.0
CI+MK+ER+IE,194,4.0
CI+MK+ER+IE,195,3.0
CI+MK+ER+IE,196,5.0
CI+MK+ER+IE,197,4.0
CI+MK+ER+IE,198,4.0
CI+MK+ER+IE,199,3.0
