mechanic,final_infection_rate
None,0.193398
None,0.061216
None,0.162226
None,0.170563
None,0.019271
None,0.03446
None,0.091006
None,0.031321
None,0.107344
None,0.157648
None,0.198732
None,0.111274
None,0.052367
None,0.065865
None,0.103989
None,0.070135
None,0.049353
None,0.177155
None,0.143002
None,0.129263
None,0.213683
None,0.041072
None,0.127808
None,0.099544
None,0.21315
None,0.11302
None,0.104154
None,0.125681
None,0.214681
None,0.099954
None,0.054234
None,0.111016
None,0.136999
None,0.136703
None,0.124219
None,0.212261
None,0.078063
None,0.133519
None,0.06489
None,0.083737
None,0.022806
None,0.222346
None,0.194033
None,0.085451
None,0.105967
None,0.19829
None,0.094781
None,0.168158
None,0.105386
None,0.135938
None,0.241259
None,0.1404
None,0.032438
None,0.116268
None,0.043549
None,0.095071
None,0.124975
None,0.23685
None,0.149571
None,0.124005
None,0.24967
None,0.09013
None,0.114962
None,0.143249
None,0.119158
None,0.056822
None,0.145289
None,0.073181
None,0.139562
None,0.159884
None,0.116891
None,0.182757
None,0.15362
None,0.187994
None,0.114959
None,0.137856
None,0.164575
None,0.072351
None,0.070584
None,0.105132
None,0.096766
None,0.159692
None,0.11799
None,0.092681
None,0.122457
None,0.030378
None,0.14523
None,0.077125
None,0.084004
None,0.125613
None,0.085529
None,0.060806
None,0.115224
None,0.15987
None,0.124009
None,0.148512
None,0.026273
None,0.13043
None,0.127873
None,0.024497
None,0.095497
None,0.062898
None,0.078677
None,0.104623
None,0.043734
None,0.08168
None,0.078262
None,0.132616
None,0.100731
None,0.062459
None,0.198028
None,0.11083
None,0.156323
None,0.290855
None,0.147166
None,0.051642
None,0.040905
None,0.211834
None,0.030799
None,0.073005
None,0.07463
None,0.123415
None,0.111342
None,0.167818
None,0.076195
None,0.118392
None,0.108929
None,0.100432
None,0.130214
None,0.101063
None,0.045945
None,0.050924
None,0.084012
None,0.100998
None,0.046239
None,0.093921
None,0.145147
None,0.011481
None,0.110018
None,0.101048
None,0.205141
None,0.04208
None,0.123008
None,0.107562
None,0.075555
None,0.117695
None,0.187166
None,0.058764
None,0.058469
None,0.016505
None,0.143535
None,0.177762
None,0.082645
None,0.165949
None,0.155258
None,0.157258
None,0.007914
None,0.11024
None,0.064792
None,0.19708
None,0.070849
None,0.15897
None,0.082204
None,0.183094
None,0.13312
None,0.103296
None,0.053341
None,0.129519
None,0.115256
None,0.113766
None,0.056815
None,0.113057
None,0.107464
None,0.103261
None,0.066853
None,0.171531
None,0.053262
None,0.059592
None,0.083942
None,0.11156
None,0.082333
None,0.178302
None,0.181026
None,0.076536
None,0.127954
None,0.102176
None,0.083181
None,0.222155
None,0.108204
None,0.093292
None,0.064387
None,0.115334
None,0.184358
None,0.057275
None,0.053191
None,0.069963
None,0.204536
None,0.084935
None,0.101849
None,0.05296
ER,0.065592
ER,0.132934
ER,0.108294
ER,0.146752
ER,0.12758
ER,0.191029
ER,0.186696
ER,0.083907
ER,0.204381
ER,0.089338
ER,0.259819
ER,0.156391
ER,0.17935
ER,0.100436
ER,0.176551
ER,0.167985
ER,0.111471
ER,0.23167
ER,0.138336
ER,0.202382
ER,0.188806
ER,0.091228
ER,0.292145
ER,0.178586
ER,0.057651
ER,0.079415
ER,0.157844
ER,0.185091
ER,0.044482
ER,0.123767
ER,0.15933
ER,0.162072
ER,0.180819
ER,0.13414
ER,0.147479
ER,0.226697
ER,0.203712
ER,0.17914
ER,0.208613
ER,0.108137
ER,0.088775
ER,0.169976
ER,0.144349
ER,0.181127
ER,0.219868
ER,0.076294
ER,0.059581
ER,0.298904
ER,0.204874
ER,0.126017
ER,0.212004
ER,0.164051
ER,0.130656
ER,0.154475
ER,0.035785
ER,0.188432
ER,0.177405
ER,0.192768
ER,0.228468
ER,0.14763
ER,0.11989
ER,0.033047
ER,0.19543
ER,0.113852
ER,0.046315
ER,0.160233
ER,0.259057
ER,0.152676
ER,0.157985
ER,0.185033
ER,0.154201
ER,0.205516
ER,0.191104
ER,0.126488
ER,0.196106
ER,0.040638
ER,0.073922
ER,0.169519
ER,0.178088
ER,0.202698
ER,0.150466
ER,0.150129
ER,0.134752
ER,0.084657
ER,0.150831
ER,0.212149
ER,0.14677
ER,0.133567
ER,0.16102
ER,0.13485
ER,0.046365
ER,0.12054
ER,0.107533
ER,0.134299
ER,0.104182
ER,0.142234
ER,0.211698
ER,0.10427
ER,0.135352
ER,0.231219
ER,0.137547
ER,0.147301
ER,0.162739
ER,0.121089
ER,0.163501
ER,0.271136
ER,0.1831
ER,0.177563
ER,0.325439
ER,0.15279
ER,0.052366
ER,0.226653
ER,0.175347
ER,0.103232
ER,0.252787
ER,0.21827
ER,0.115377
ER,0.131001
ER,0.238912
ER,0.126834
ER,0.170012
ER,0.178859
ER,0.106577
ER,0.126177
ER,0.195428
ER,0.161404
ER,0.260784
ER,0.194032
ER,0.186
ER,0.201658
ER,0.095517
ER,0.190073
ER,0.259169
ER,0.167658
ER,0.154728
ER,0.183797
ER,0.055207
ER,0.138556
ER,0.018722
ER,0.086433
ER,0.134908
ER,0.108428
ER,0.208891
ER,0.105726
ER,0.162019
ER,0.240439
ER,0.171793
ER,0.153749
ER,0.150397
ER,0.327535
ER,0.183546
ER,0.065831
ER,0.058357
ER,0.16742
ER,0.114083
ER,0.23344
ER,0.158095
ER,0.185818
ER,0.283432
ER,0.076657
ER,0.096784
ER,0.251084
ER,0.163919
ER,0.140184
ER,0.133675
ER,0.098167
ER,0.171111
ER,0.106274
ER,0.168521
ER,0.18937
ER,0.148586
ER,0.188361
ER,0.167334
ER,0.324016
ER,0.21132
ER,0.094914
ER,0.129502
ER,0.196953
ER,0.100981
ER,0.236089
ER,0.242955
ER,0.263662
ER,0.149299
ER,0.088289
ER,0.187399
ER,0.387251
ER,0.253918
ER,0.151621
ER,0.161087
ER,0.250051
ER,0.124072
ER,0.135726
ER,0.170031
ER,0.162383
ER,0.208684
ER,0.119186
ER,0.201947
ER,0.088486
ER,0.18764
ER,0.156036
IE,0.160328
IE,0.104554
IE,0.112403
IE,0.184831
IE,0.104225
IE,0.162436
IE,0.11455
IE,0.202539
IE,0.157636
IE,0.107616
IE,0.272047
IE,0.175713
IE,0.231329
IE,0.406906
IE,0.24957
IE,0.123286
IE,0.095051
IE,0.299365
IE,0.044275
IE,0.119978
IE,0.132032
IE,0.228481
IE,0.167699
IE,0.2356
IE,0.114706
IE,0.175663
IE,0.156439
IE,0.193414
IE,0.242467
IE,0.155458
IE,0.075652
IE,0.153181
IE,0.125013
IE,0.182837
IE,0.081085
IE,0.153562
IE,0.200598
IE,0.014684
IE,0.177874
IE,0.16401
IE,0.335464
IE,0.098884
IE,0.198548
IE,0.202532
IE,0.10263
IE,0.211256
IE,0.269103
IE,0.119377
IE,0.104775
IE,0.027545
IE,0.224913
IE,0.235427
IE,0.146179
IE,0.232591
IE,0.280809
IE,0.239448
IE,0.01298
IE,0.163368
IE,0.120683
IE,0.280213
IE,0.122991
IE,0.252742
IE,0.116243
IE,0.266596
IE,0.201597
IE,0.164894
IE,0.096912
IE,0.220288
IE,0.208615
IE,0.193782
IE,0.090467
IE,0.189295
IE,0.205506
IE,0.169195
IE,0.114969
IE,0.258868
IE,0.101268
IE,0.115248
IE,0.167998
IE,0.186238
IE,0.133738
IE,0.272111
IE,0.297863
IE,0.115273
IE,0.199201
IE,0.192582
IE,0.136646
IE,0.319915
IE,0.182038
IE,0.156429
IE,0.129816
IE,0.167451
IE,0.294669
IE,0.093267
IE,0.116028
IE,0.133131
IE,0.32177
IE,0.106591
IE,0.154298
IE,0.103443
IE,0.102246
IE,0.16066
IE,0.217989
IE,0.156065
IE,0.094272
IE,0.315952
IE,0.157054
IE,0.10172
IE,0.1841
IE,0.25676
IE,0.189233
IE,0.180126
IE,0.228285
IE,0.262474
IE,0.235516
IE,0.255654
IE,0.157624
IE,0.21672
IE,0.272993
IE,0.290391
IE,0.125413
IE,0.07072
IE,0.367354
IE,0.184276
IE,0.110612
IE,0.101636
IE,0.172293
IE,0.294728
IE,0.047191
IE,0.028817
IE,0.250947
IE,0.186706
IE,0.116367
IE,0.146857
IE,0.160978
IE,0.300324
IE,0.249723
IE,0.166633
IE,0.304376
IE,0.179204
IE,0.185604
IE,0.194033
IE,0.132995
IE,0.131301
IE,0.243341
IE,0.018562
IE,0.166726
IE,0.223746
IE,0.097088
IE,0.225692
IE,0.269701
IE,0.250695
IE,0.18994
IE,0.148671
IE,0.051624
IE,0.233254
IE,0.233818
IE,0.244166
IE,0.299335
IE,0.299793
IE,0.254733
IE,0.295299
IE,0.336901
IE,0.058236
IE,0.093527
IE,0.284128
IE,0.375729
IE,0.274906
IE,0.200607
IE,0.150978
IE,0.212905
IE,0.257117
IE,0.191664
IE,0.156572
IE,0.287691
IE,0.067967
IE,0.157408
IE,0.274546
IE,0.169144
IE,0.289535
IE,0.251904
IE,0.129145
IE,0.245229
IE,0.112964
IE,0.235404
IE,0.245922
IE,0.236669
IE,0.066714
IE,0.065191
IE,0.245713
IE,0.141083
IE,0.198776
IE,0.196696
IE,0.178542
IE,0.206703
IE,0.162603
IE,0.30305
IE,0.075845
IE,0.23999
IE,0.265072
MK,0.255348
MK,0.353668
MK,0.318946
MK,0.234431
MK,0.60698
MK,0.342636
MK,0.498249
MK,0.214855
MK,0.375832
MK,0.4144
MK,0.274119
MK,0.469014
MK,0.4377
MK,0.37145
MK,0.184609
MK,0.202714
MK,0.108272
MK,0.4303
MK,0.374925
MK,0.19993
MK,0.201237
MK,0.305416
MK,0.377669
MK,0.397909
MK,0.295065
MK,0.388069
MK,0.456473
MK,0.48165
MK,0.33085
MK,0.05921
MK,0.340603
MK,0.6061
MK,0.1337
MK,0.217623
MK,0.136947
MK,0.337501
MK,0.245166
MK,0.415645
MK,0.391828
MK,0.569892
MK,0.299655
MK,0.165982
MK,0.31285
MK,0.293069
MK,0.188736
MK,0.3303
MK,0.5001
MK,0.2591
MK,0.368524
MK,0.304807
MK,0.302191
MK,0.444817
MK,0.278995
MK,0.305031
MK,0.458123
MK,0.25849
MK,0.35905
MK,0.4238
MK,0.319127
MK,0.316917
MK,0.354171
MK,0.388789
MK,0.3861
MK,0.192173
MK,0.428557
MK,0.346489
MK,0.485796
MK,0.424406
MK,0.50995
MK,0.151456
MK,0.318687
MK,0.235448
MK,0.194549
MK,0.3554
MK,0.318164
MK,0.133678
MK,0.233133
MK,0.5164
MK,0.099935
MK,0.36516
MK,0.471397
MK,0.4214
MK,0.050965
MK,0.056901
MK,0.32643
MK,0.262963
MK,0.623062
MK,0.276685
MK,0.182878
MK,0.505501
MK,0.4933
MK,0.515656
MK,0.24856
MK,0.227805
MK,0.039633
MK,0.100499
MK,0.191522
MK,0.194289
MK,0.179649
MK,0.295299
MK,0.4967
MK,0.179762
MK,0.493075
MK,0.370189
MK,0.186017
MK,0.302024
MK,0.31664
MK,0.282273
MK,0.517826
MK,0.264476
MK,0.397619
MK,0.308423
MK,0.242495
MK,0.25985
MK,0.309994
MK,0.31675
MK,0.368345
MK,0.239027
MK,0.494025
MK,0.4601
MK,0.386839
MK,0.56345
MK,0.086943
MK,0.227473
MK,0.26119
MK,0.402401
MK,0.274528
MK,0.193203
MK,0.194625
MK,0.361794
MK,0.405664
MK,0.046196
MK,0.232226
MK,0.338935
MK,0.083682
MK,0.165965
MK,0.265714
MK,0.322264
MK,0.5668
MK,0.163938
MK,0.322413
MK,0.330066
MK,0.39762
MK,0.296092
MK,0.227067
MK,0.411844
MK,0.46585
MK,0.456173
MK,0.268888
MK,0.256134
MK,0.48945
MK,0.261389
MK,0.124924
MK,0.240449
MK,0.390048
MK,0.295699
MK,0.387705
MK,0.349152
MK,0.185326
MK,0.431043
MK,0.366608
MK,0.393838
MK,0.485274
MK,0.362449
MK,0.234159
MK,0.4152
MK,0.453359
MK,0.5125
MK,0.26758
MK,0.268811
MK,0.293417
MK,0.148116
MK,0.330067
MK,0.463746
MK,0.313804
MK,0.377382
MK,0.299794
MK,0.200482
MK,0.266613
MK,0.537581
MK,0.206418
MK,0.342673
MK,0.356982
MK,0.369672
MK,0.111234
MK,0.5538
MK,0.496775
MK,0.328982
MK,0.14377
MK,0.424876
MK,0.131697
MK,0.369646
MK,0.24066
MK,0.420734
MK,0.236668
MK,0.453618
MK,0.180485
MK,0.38975
MK,0.31205
MK,0.4146
CI,0.150131
CI,0.103501
CI,0.172424
CI,0.225623
CI,0.11198
CI,0.036636
CI,0.150005
CI,0.121912
CI,0.076605
CI,0.179154
CI,0.081893
CI,0.254047
CI,0.094155
CI,0.195327
CI,0.198548
CI,0.196043
CI,0.078892
CI,0.22479
CI,0.189621
CI,0.460909
CI,0.128799
CI,0.230877
CI,0.15088
CI,0.091608
CI,0.090974
CI,0.148114
CI,0.07579
CI,0.144382
CI,0.174063
CI,0.170332
CI,0.09013
CI,0.119361
CI,0.251648
CI,0.022519
CI,0.169916
CI,0.089401
CI,0.159785
CI,0.077433
CI,0.089259
CI,0.063222
CI,0.094182
CI,0.08372
CI,0.191056
CI,0.107629
CI,0.137256
CI,0.10808
CI,0.079148
CI,0.178715
CI,0.419961
CI,0.206037
CI,0.071301
CI,0.098384
CI,0.134909
CI,0.129097
CI,0.093055
CI,0.115643
CI,0.270235
CI,0.168076
CI,0.193859
CI,0.248465
CI,0.127583
CI,0.054954
CI,0.097458
CI,0.105753
CI,0.09552
CI,0.138262
CI,0.211831
CI,0.124475
CI,0.134487
CI,0.133854
CI,0.069632
CI,0.199452
CI,0.18044
CI,0.27379
CI,0.167301
CI,0.114415
CI,0.147241
CI,0.067969
CI,0.167583
CI,0.111026
CI,0.274412
CI,0.194195
CI,0.153656
CI,0.096147
CI,0.056473
CI,0.166624
CI,0.146508
CI,0.199547
CI,0.106837
CI,0.349137
CI,0.186815
CI,0.016867
CI,0.11771
CI,0.18648
CI,0.159688
CI,0.071608
CI,0.071827
CI,0.154174
CI,0.244263
CI,0.096733
CI,0.131723
CI,0.103776
CI,0.063719
CI,0.128982
CI,0.13741
CI,0.219139
CI,0.097889
CI,0.122848
CI,0.167413
CI,0.107639
CI,0.121882
CI,0.094547
CI,0.035369
CI,0.316238
CI,0.165796
CI,0.055126
CI,0.186672
CI,0.076408
CI,0.176983
CI,0.082092
CI,0.065743
CI,0.106308
CI,0.100143
CI,0.178435
CI,0.17777
CI,0.138441
CI,0.074655
CI,0.057514
CI,0.16101
CI,0.188454
CI,0.139437
CI,0.133612
CI,0.266304
CI,0.1485
CI,0.131071
CI,0.115605
CI,0.057636
CI,0.218449
CI,0.083975
CI,0.017265
CI,0.042982
CI,0.058857
CI,0.121944
CI,0.086427
CI,0.018154
CI,0.078853
CI,0.07265
CI,0.135554
CI,0.259926
CI,0.142659
CI,0.148057
CI,0.023109
CI,0.108591
CI,0.18816
CI,0.172746
CI,0.244413
CI,0.162407
CI,0.066684
CI,0.12039
CI,0.360333
CI,0.086335
CI,0.037426
CI,0.030215
CI,0.077366
CI,0.157732
CI,0.109275
CI,0.091672
CI,0.225578
CI,0.138223
CI,0.263975
CI,0.13497
CI,0.194713
CI,0.144188
CI,0.064743
CI,0.141654
CI,0.070195
CI,0.227834
CI,0.243136
CI,0.020911
CI,0.2582
CI,0.116831
CI,0.274265
CI,0.191408
CI,0.141469
CI,0.002791
CI,0.119662
CI,0.247949
CI,0.168419
CI,0.213389
CI,0.183251
CI,0.184508
CI,0.061195
CI,0.235163
CI,0.172343
CI,0.099959
CI,0.069924
CI,0.174755
CI,0.014527
CI,0.118115
CI,0.171581
CI+MK+ER+IE,0.588076
CI+MK+ER+IE,0.7136
CI+MK+ER+IE,0.8005
CI+MK+ER+IE,0.4786
CI+MK+ER+IE,0.62015
CI+MK+ER+IE,0.575
CI+MK+ER+IE,0.579703
CI+MK+ER+IE,0.6187
CI+MK+ER+IE,0.78765
CI+MK+ER+IE,0.54765
CI+MK+ER+IE,0.4968
CI+MK+ER+IE,0.742
CI+MK+ER+IE,0.59505
CI+MK+ER+IE,0.584679
CI+MK+ER+IE,0.489424
CI+MK+ER+IE,0.8722
CI+MK+ER+IE,0.76385
CI+MK+ER+IE,0.6604
CI+MK+ER+IE,0.63195
CI+MK+ER+IE,0.81195
CI+MK+ER+IE,0.7528
CI+MK+ER+IE,0.7498
CI+MK+ER+IE,0.39085
CI+MK+ER+IE,0.5691
CI+MK+ER+IE,0.772939
CI+MK+ER+IE,0.74945
CI+MK+ER+IE,0.83
CI+MK+ER+IE,0.6142
CI+MK+ER+IE,0.7632
CI+MK+ER+IE,0.8244
CI+MK+ER+IE,0.87765
CI+MK+ER+IE,0.7651
CI+MK+ER+IE,0.6198
CI+MK+ER+IE,0.72235
CI+MK+ER+IE,0.6236
CI+MK+ER+IE,0.58605
CI+MK+ER+IE,0.745925
CI+MK+ER+IE,0.494498
CI+MK+ER+IE,0.304639
CI+MK+ER+IE,0.178704
CI+MK+ER+IE,0.7851
CI+MK+ER+IE,0.70545
CI+MK+ER+IE,0.6015
CI+MK+ER+IE,0.44615
CI+MK+ER+IE,0.405173
CI+MK+ER+IE,0.63395
CI+MK+ER+IE,0.551388
CI+MK+ER+IE,0.631882
CI+MK+ER+IE,0.513203
CI+MK+ER+IE,0.459896
CI+MK+ER+IE,0.74195
CI+MK+ER+IE,0.7316
CI+MK+ER+IE,0.70985
CI+MK+ER+IE,0.74895
CI+MK+ER+IE,0.543477
CI+MK+ER+IE,0.57455
CI+MK+ER+IE,0.719186
CI+MK+ER+IE,0.84055
CI+MK+ER+IE,0.090561
CI+MK+ER+IE,0.69965
CI+MK+ER+IE,0.636864
CI+MK+ER+IE,0.645365
CI+MK+ER+IE,0.492674
CI+MK+ER+IE,0.4943
CI+MK+ER+IE,0.60435
CI+MK+ER+IE,0.7533
CI+MK+ER+IE,0.271654
CI+MK+ER+IE,0.5602
CI+MK+ER+IE,0.289732
CI+MK+ER+IE,0.4279
CI+MK+ER+IE,0.71875
CI+MK+ER+IE,0.436687
CI+MK+ER+IE,0.615531
CI+MK+ER+IE,0.7241
CI+MK+ER+IE,0.68825
CI+MK+ER+IE,0.633432
CI+MK+ER+IE,0.827883
CI+MK+ER+IE,0.7086
CI+MK+ER+IE,0.838042
CI+MK+ER+IE,0.56615
CI+MK+ER+IE,0.360022
CI+MK+ER+IE,0.8921
CI+MK+ER+IE,0.56165
CI+MK+ER+IE,0.42198
CI+MK+ER+IE,0.70365
CI+MK+ER+IE,0.6017
CI+MK+ER+IE,0.7477
CI+MK+ER+IE,0.294044
CI+MK+ER+IE,0.68885
CI+MK+ER+IE,0.773
CI+MK+ER+IE,0.52645
CI+MK+ER+IE,0.653183
CI+MK+ER+IE,0.61685
CI+MK+ER+IE,0.5479
CI+MK+ER+IE,0.5108
CI+MK+ER+IE,0.39752
CI+MK+ER+IE,0.60245
CI+MK+ER+IE,0.62985
CI+MK+ER+IE,0.736787
CI+MK+ER+IE,0.6395
CI+MK+ER+IE,0.75625
CI+MK+ER+IE,0.7434
CI+MK+ER+IE,0.55865
CI+MK+ER+IE,0.749387
CI+MK+ER+IE,0.8217
CI+MK+ER+IE,0.655516
CI+MK+ER+IE,0.285907
CI+MK+ER+IE,0.47
CI+MK+ER+IE,0.68295
CI+MK+ER+IE,0.669
CI+MK+ER+IE,0.588488
CI+MK+ER+IE,0.76585
CI+MK+ER+IE,0.7638
CI+MK+ER+IE,0.6874
CI+MK+ER+IE,0.319676
CI+MK+ER+IE,0.5529
CI+MK+ER+IE,0.5863
CI+MK+ER+IE,0.25645
CI+MK+ER+IE,0.6378
CI+MK+ER+IE,0.56105
CI+MK+ER+IE,0.458137
CI+MK+ER+IE,0.8169
CI+MK+ER+IE,0.786939
CI+MK+ER+IE,0.6306
CI+MK+ER+IE,0.6271
CI+MK+ER+IE,0.139367
CI+MK+ER+IE,0.442349
CI+MK+ER+IE,0.76885
CI+MK+ER+IE,0.6031
CI+MK+ER+IE,0.651848
CI+MK+ER+IE,0.70267
CI+MK+ER+IE,0.744637
CI+MK+ER+IE,0.59955
CI+MK+ER+IE,0.7625
CI+MK+ER+IE,0.8655
CI+MK+ER+IE,0.68585
CI+MK+ER+IE,0.5099
CI+MK+ER+IE,0.75195
CI+MK+ER+IE,0.7766
CI+MK+ER+IE,0.66845
CI+MK+ER+IE,0.6977
CI+MK+ER+IE,0.8155
CI+MK+ER+IE,0.70945
CI+MK+ER+IE,0.701
CI+MK+ER+IE,0.76935
CI+MK+ER+IE,0.79385
CI+MK+ER+IE,0.73275
CI+MK+ER+IE,0.63605
CI+MK+ER+IE,0.7584
CI+MK+ER+IE,0.8724
CI+MK+ER+IE,0.69635
CI+MK+ER+IE,0.72655
CI+MK+ER+IE,0.4269
CI+MK+ER+IE,0.822
CI+MK+ER+IE,0.85295
CI+MK+ER+IE,0.874144
CI+MK+ER+IE,0.440108
CI+MK+ER+IE,0.662299
CI+MK+ER+IE,0.6289
CI+MK+ER+IE,0.5841
CI+MK+ER+IE,0.319444
CI+MK+ER+IE,0.593159
CI+MK+ER+IE,0.6123
CI+MK+ER+IE,0.356332
CI+MK+ER+IE,0.619374
CI+MK+ER+IE,0.70795
CI+MK+ER+IE,0.682734
CI+MK+ER+IE,0.692735
CI+MK+ER+IE,0.6835
CI+MK+ER+IE,0.713707
CI+MK+ER+IE,0.747762
CI+MK+ER+IE,0.7459
CI+MK+ER+IE,0.4814
CI+MK+ER+IE,0.6133
CI+MK+ER+IE,0.72995
CI+MK+ER+IE,0.8416
CI+MK+ER+IE,0.7271
CI+MK+ER+IE,0.86755
CI+MK+ER+IE,0.67545
CI+MK+ER+IE,0.57995
CI+MK+ER+IE,0.76
CI+MK+ER+IE,0.3913
CI+MK+ER+IE,0.6805
CI+MK+ER+IE,0.395997
CI+MK+ER+IE,0.78635
CI+MK+ER+IE,0.671784
CI+MK+ER+IE,0.7757
CI+MK+ER+IE,0.618
CI+MK+ER+IE,0.8162
CI+MK+ER+IE,0.735887
CI+MK+ER+IE,0.60091
CI+MK+ER+IE,0.784339
CI+MK+ER+IE,0.6355
CI+MK+ER+IE,0.553711
CI+MK+ER+IE,0.72275
CI+MK+ER+IE,0.75185
CI+MK+ER+IE,0.8014
CI+MK+ER+IE,0.45985
CI+MK+ER+IE,0.729736
CI+MK+ER+IE,0.077647
