mechanic,replicate,final_infection_rate
None,0,0.193398
None,1,0.061216
None,2,0.162226
None,3,0.170563
None,4,0.019271
None,5,0.03446
None,6,0.091006
None,7,0.031321
None,8,0.107344
None,9,0.157648
None,10,0.198732
None,11,0.111274
None,12,0.052367
None,13,0.065865
None,14,0.103989
None,15,0.070135
None,16,0.049353
None,17,0.177155
None,18,0.143002
None,19,0.129263
None,20,0.213683
None,21,0.041072
None,22,0.127808
None,23,0.099544
None,24,0.21315
None,25,0.11302
None,26,0.104154
None,27,0.125681
None,28,0.214681
None,29,0.099954
None,30,0.054234
None,31,0.111016
None,32,0.136999
None,33,0.136703
None,34,0.124219
None,35,0.212261
None,36,0.078063
None,37,0.133519
None,38,0.06489
None,39,0.083737
None,40,0.022806
None,41,0.222346
None,42,0.194033
None,43,0.085451
None,44,0.105967
None,45,0.19829
None,46,0.094781
None,47,0.168158
None,48,0.105386
None,49,0.135938
None,50,0.241259
None,51,0.1404
None,52,0.032438
None,53,0.116268
None,54,0.043549
None,55,0.095071
None,56,0.124975
None,57,0.23685
None,58,0.149571
None,59,0.124005
None,60,0.24967
None,61,0.09013
None,62,0.114962
None,63,0.143249
None,64,0.119158
None,65,0.056822
None,66,0.145289
None,67,0.073181
None,68,0.139562
None,69,0.159884
None,70,0.116891
None,71,0.182757
None,72,0.15362
None,73,0.187994
None,74,0.114959
None,75,0.137856
None,76,0.164575
None,77,0.072351
None,78,0.070584
None,79,0.105132
None,80,0.096766
None,81,0.159692
None,82,0.11799
None,83,0.092681
None,84,0.122457
None,85,0.030378
None,86,0.14523
None,87,0.077125
None,88,0.084004
None,89,0.125613
None,90,0.085529
None,91,0.060806
None,92,0.115224
None,93,0.15987
None,94,0.124009
None,95,0.148512
None,96,0.026273
None,97,0.13043
None,98,0.127873
None,99,0.024497
None,100,0.095497
None,101,0.062898
None,102,0.078677
None,103,0.104623
None,104,0.043734
None,105,0.08168
None,106,0.078262
None,107,0.132616
None,108,0.100731
None,109,0.062459
None,110,0.198028
None,111,0.11083
None,112,0.156323
None,113,0.290855
None,114,0.147166
None,115,0.051642
None,116,0.040905
None,117,0.211834
None,118,0.030799
None,119,0.073005
None,120,0.07463
None,121,0.123415
None,122,0.111342
None,123,0.167818
None,124,0.076195
None,125,0.118392
None,126,0.108929
None,127,0.100432
None,128,0.130214
None,129,0.101063
None,130,0.045945
None,131,0.050924
None,132,0.084012
None,133,0.100998
None,134,0.046239
None,135,0.093921
None,136,0.145147
None,137,0.011481
None,138,0.110018
None,139,0.101048
None,140,0.205141
None,141,0.04208
None,142,0.123008
None,143,0.107562
None,144,0.075555
None,145,0.117695
None,146,0.187166
None,147,0.058764
None,148,0.058469
None,149,0.016505
None,150,0.143535
None,151,0.177762
None,152,0.082645
None,153,0.165949
None,154,0.155258
None,155,0.157258
None,156,0.007914
None,157,0.11024
None,158,0.064792
None,159,0.19708
None,160,0.070849
None,161,0.15897
None,162,0.082204
None,163,0.183094
None,164,0.13312
None,165,0.103296
None,166,0.053341
None,167,0.129519
None,168,0.115256
None,169,0.113766
None,170,0.056815
None,171,0.113057
None,172,0.107464
None,173,0.103261
None,174,0.066853
None,175,0.171531
None,176,0.053262
None,177,0.059592
None,178,0.083942
None,179,0.11156
None,180,0.082333
None,181,0.178302
None,182,0.181026
None,183,0.076536
None,184,0.127954
None,185,0.102176
None,186,0.083181
None,187,0.222155
None,188,0.108204
None,189,0.093292
None,190,0.064387
None,191,0.115334
None,192,0.184358
None,193,0.057275
None,194,0.053191
None,195,0.069963
None,196,0.204536
None,197,0.084935
None,198,0.101849
None,199,0.05296
IE,0,0.160328
IE,1,0.104554
IE,2,0.112403
IE,3,0.184831
IE,4,0.104225
IE,5,0.162436
IE,6,0.11455
IE,7,0.202539
IE,8,0.157636
IE,9,0.107616
IE,10,0.272047
IE,11,0.175713
IE,12,0.231329
IE,13,0.406906
IE,14,0.24957
IE,15,0.123286
IE,16,0.095051
IE,17,0.299365
IE,18,0.044275
IE,19,0.119978
IE,20,0.132032
IE,21,0.228481
IE,22,0.167699
IE,23,0.2356
IE,24,0.114706
IE,25,0.175663
IE,26,0.156439
IE,27,0.193414
IE,28,0.242467
IE,29,0.155458
IE,30,0.075652
IE,31,0.153181
IE,32,0.125013
IE,33,0.182837
IE,34,0.081085
IE,35,0.153562
IE,36,0.200598
IE,37,0.014684
IE,38,0.177874
IE,39,0.16401
IE,40,0.335464
IE,41,0.098884
IE,42,0.198548
IE,43,0.202532
IE,44,0.10263
IE,45,0.211256
IE,46,0.269103
IE,47,0.119377
IE,48,0.104775
IE,49,0.027545
IE,50,0.224913
IE,51,0.235427
IE,52,0.146179
IE,53,0.232591
IE,54,0.280809
IE,55,0.239448
IE,56,0.01298
IE,57,0.163368
IE,58,0.120683
IE,59,0.280213
IE,60,0.122991
IE,61,0.252742
IE,62,0.116243
IE,63,0.266596
IE,64,0.201597
IE,65,0.164894
IE,66,0.096912
IE,67,0.220288
IE,68,0.208615
IE,69,0.193782
IE,70,0.090467
IE,71,0.189295
IE,72,0.205506
IE,73,0.169195
IE,74,0.114969
IE,75,0.258868
IE,76,0.101268
IE,77,0.115248
IE,78,0.167998
IE,79,0.186238
IE,80,0.133738
IE,81,0.272111
IE,82,0.297863
IE,83,0.115273
IE,84,0.199201
IE,85,0.192582
IE,86,0.136646
IE,87,0.319915
IE,88,0.182038
IE,89,0.156429
IE,90,0.129816
IE,91,0.167451
IE,92,0.294669
IE,93,0.093267
IE,94,0.116028
IE,95,0.133131
IE,96,0.32177
IE,97,0.106591
IE,98,0.154298
IE,99,0.103443
IE,100,0.102246
IE,101,0.16066
IE,102,0.217989
IE,103,0.156065
IE,104,0.094272
IE,105,0.315952
IE,106,0.157054
IE,107,0.10172
IE,108,0.1841
IE,109,0.25676
IE,110,0.189233
IE,111,0.180126
IE,112,0.228285
IE,113,0.262474
IE,114,0.235516
IE,115,0.255654
IE,116,0.157624
IE,117,0.21672
IE,118,0.272993
IE,119,0.290391
IE,120,0.125413
IE,121,0.07072
IE,122,0.367354
IE,123,0.184276
IE,124,0.110612
IE,125,0.101636
IE,126,0.172293
IE,127,0.294728
IE,128,0.047191
IE,129,0.028817
IE,130,0.250947
IE,131,0.186706
IE,132,0.116367
IE,133,0.146857
IE,134,0.160978
IE,135,0.300324
IE,136,0.249723
IE,137,0.166633
IE,138,0.304376
IE,139,0.179204
IE,140,0.185604
IE,141,0.194033
IE,142,0.132995
IE,143,0.131301
IE,144,0.243341
IE,145,0.018562
IE,146,0.166726
IE,147,0.223746
IE,148,0.097088
IE,149,0.225692
IE,150,0.269701
IE,151,0.250695
IE,152,0.18994
IE,153,0.148671
IE,154,0.051624
IE,155,0.233254
IE,156,0.233818
IE,157,0.244166
IE,158,0.299335
IE,159,0.299793
IE,160,0.254733
IE,161,0.295299
IE,162,0.336901
IE,163,0.058236
IE,164,0.093527
IE,165,0.284128
IE,166,0.375729
IE,167,0.274906
IE,168,0.200607
IE,169,0.150978
IE,170,0.212905
IE,171,0.257117
IE,172,0.191664
IE,173,0.156572
IE,174,0.287691
IE,175,0.067967
IE,176,0.157408
IE,177,0.274546
IE,178,0.169144
IE,179,0.289535
IE,180,0.251904
IE,181,0.129145
IE,182,0.245229
IE,183,0.112964
IE,184,0.235404
IE,185,0.245922
IE,186,0.236669
IE,187,0.066714
IE,188,0.065191
IE,189,0.245713
IE,190,0.141083
IE,191,0.198776
IE,192,0.196696
IE,193,0.178542
IE,194,0.206703
IE,195,0.162603
IE,196,0.30305
IE,197,0.075845
IE,198,0.23999
IE,199,0.265072
ER,0,0.065592
ER,1,0.132934
ER,2,0.108294
ER,3,0.146752
ER,4,0.12758
ER,5,0.191029
ER,6,0.186696
ER,7,0.083907
ER,8,0.204381
ER,9,0.089338
ER,10,0.259819
ER,11,0.156391
ER,12,0.17935
ER,13,0.100436
ER,14,0.176551
ER,15,0.167985
ER,16,0.111471
ER,17,0.23167
ER,18,0.138336
ER,19,0.202382
ER,20,0.188806
ER,21,0.091228
ER,22,0.292145
ER,23,0.178586
ER,24,0.057651
ER,25,0.079415
ER,26,0.157844
ER,27,0.185091
ER,28,0.044482
ER,29,0.123767
ER,30,0.15933
ER,31,0.162072
ER,32,0.180819
ER,33,0.13414
ER,34,0.147479
ER,35,0.226697
ER,36,0.203712
ER,37,0.17914
ER,38,0.208613
ER,39,0.108137
ER,40,0.088775
ER,41,0.169976
ER,42,0.144349
ER,43,0.181127
ER,44,0.219868
ER,45,0.076294
ER,46,0.059581
ER,47,0.298904
ER,48,0.204874
ER,49,0.126017
ER,50,0.212004
ER,51,0.164051
ER,52,0.130656
ER,53,0.154475
ER,54,0.035785
ER,55,0.188432
ER,56,0.177405
ER,57,0.192768
ER,58,0.228468
ER,59,0.14763
ER,60,0.11989
ER,61,0.033047
ER,62,0.19543
ER,63,0.113852
ER,64,0.046315
ER,65,0.160233
ER,66,0.259057
ER,67,0.152676
ER,68,0.157985
ER,69,0.185033
ER,70,0.154201
ER,71,0.205516
ER,72,0.191104
ER,73,0.126488
ER,74,0.196106
ER,75,0.040638
ER,76,0.073922
ER,77,0.169519
ER,78,0.178088
ER,79,0.202698
ER,80,0.150466
ER,81,0.150129
ER,82,0.134752
ER,83,0.084657
ER,84,0.150831
ER,85,0.212149
ER,86,0.14677
ER,87,0.133567
ER,88,0.16102
ER,89,0.13485
ER,90,0.046365
ER,91,0.12054
ER,92,0.107533
ER,93,0.134299
ER,94,0.104182
ER,95,0.142234
ER,96,0.211698
ER,97,0.10427
ER,98,0.135352
ER,99,0.231219
ER,100,0.137547
ER,101,0.147301
ER,102,0.162739
ER,103,0.121089
ER,104,0.163501
ER,105,0.271136
ER,106,0.1831
ER,107,0.177563
ER,108,0.325439
ER,109,0.15279
ER,110,0.052366
ER,111,0.226653
ER,112,0.175347
ER,113,0.103232
ER,114,0.252787
ER,115,0.21827
ER,116,0.115377
ER,117,0.131001
ER,118,0.238912
ER,119,0.126834
ER,120,0.170012
ER,121,0.178859
ER,122,0.106577
ER,123,0.126177
ER,124,0.195428
ER,125,0.161404
ER,126,0.260784
ER,127,0.194032
ER,128,0.186
ER,129,0.201658
ER,130,0.095517
ER,131,0.190073
ER,132,0.259169
ER,133,0.167658
ER,134,0.154728
ER,135,0.183797
ER,136,0.055207
ER,137,0.138556
ER,138,0.018722
ER,139,0.086433
ER,140,0.134908
ER,141,0.108428
ER,142,0.208891
ER,143,0.105726
ER,144,0.162019
ER,145,0.240439
ER,146,0.171793
ER,147,0.153749
ER,148,0.150397
ER,149,0.327535
ER,150,0.183546
ER,151,0.065831
ER,152,0.058357
ER,153,0.16742
ER,154,0.114083
ER,155,0.23344
ER,156,0.158095
ER,157,0.185818
ER,158,0.283432
ER,159,0.076657
ER,160,0.096784
ER,161,0.251084
ER,162,0.163919
ER,163,0.140184
ER,164,0.133675
ER,165,0.098167
ER,166,0.171111
ER,167,0.106274
ER,168,0.168521
ER,169,0.18937
ER,170,0.148586
ER,171,0.188361
ER,172,0.167334
ER,173,0.324016
ER,174,0.21132
ER,175,0.094914
ER,176,0.129502
ER,177,0.196953
ER,178,0.100981
ER,179,0.236089
ER,180,0.242955
ER,181,0.263662
ER,182,0.149299
ER,183,0.088289
ER,184,0.187399
ER,185,0.387251
ER,186,0.253918
ER,187,0.151621
ER,188,0.161087
ER,189,0.250051
ER,190,0.124072
ER,191,0.135726
ER,192,0.170031
ER,193,0.162383
ER,194,0.208684
ER,195,0.119186
ER,196,0.201947
ER,197,0.088486
ER,198,0.18764
ER,199,0.156036
ER+IE,0,0.211524
ER+IE,1,0.233034
ER+IE,2,0.230874
ER+IE,3,0.212989
ER+IE,4,0.24156
ER+IE,5,0.397503
ER+IE,6,0.281637
ER+IE,7,0.272049
ER+IE,8,0.481726
ER+IE,9,0.252167
ER+IE,10,0.101815
ER+IE,11,0.354266
ER+IE,12,0.31203
ER+IE,13,0.182398
ER+IE,14,0.339905
ER+IE,15,0.377358
ER+IE,16,0.176869
ER+IE,17,0.241595
ER+IE,18,0.355565
ER+IE,19,0.225868
ER+IE,20,0.223947
ER+IE,21,0.274202
ER+IE,22,0.178752
ER+IE,23,0.194554
ER+IE,24,0.335732
ER+IE,25,0.262737
ER+IE,26,0.386356
ER+IE,27,0.308824
ER+IE,28,0.284923
ER+IE,29,0.315444
ER+IE,30,0.149491
ER+IE,31,0.283769
ER+IE,32,0.421529
ER+IE,33,0.239094
ER+IE,34,0.245189
ER+IE,35,0.318102
ER+IE,36,0.088959
ER+IE,37,0.214455
ER+IE,38,0.028185
ER+IE,39,0.153862
ER+IE,40,0.239535
ER+IE,41,0.174314
ER+IE,42,0.303266
ER+IE,43,0.182972
ER+IE,44,0.288049
ER+IE,45,0.36001
ER+IE,46,0.259043
ER+IE,47,0.242917
ER+IE,48,0.267264
ER+IE,49,0.452731
ER+IE,50,0.303721
ER+IE,51,0.085463
ER+IE,52,0.099418
ER+IE,53,0.288662
ER+IE,54,0.189653
ER+IE,55,0.361059
ER+IE,56,0.281345
ER+IE,57,0.304484
ER+IE,58,0.420446
ER+IE,59,0.131461
ER+IE,60,0.17602
ER+IE,61,0.343072
ER+IE,62,0.301321
ER+IE,63,0.234241
ER+IE,64,0.199716
ER+IE,65,0.158847
ER+IE,66,0.273533
ER+IE,67,0.221638
ER+IE,68,0.23872
ER+IE,69,0.298823
ER+IE,70,0.254347
ER+IE,71,0.323952
ER+IE,72,0.315967
ER+IE,73,0.430009
ER+IE,74,0.305017
ER+IE,75,0.167983
ER+IE,76,0.216923
ER+IE,77,0.296422
ER+IE,78,0.152441
ER+IE,79,0.363288
ER+IE,80,0.363228
ER+IE,81,0.373704
ER+IE,82,0.252588
ER+IE,83,0.173473
ER+IE,84,0.293702
ER+IE,85,0.535988
ER+IE,86,0.363029
ER+IE,87,0.25713
ER+IE,88,0.266232
ER+IE,89,0.361455
ER+IE,90,0.196715
ER+IE,91,0.198359
ER+IE,92,0.257833
ER+IE,93,0.25094
ER+IE,94,0.334019
ER+IE,95,0.223775
ER+IE,96,0.302518
ER+IE,97,0.173966
ER+IE,98,0.314094
ER+IE,99,0.176444
ER+IE,100,0.28557
ER+IE,101,0.166768
ER+IE,102,0.20479
ER+IE,103,0.308255
ER+IE,104,0.350958
ER+IE,105,0.340047
ER+IE,106,0.312535
ER+IE,107,0.182049
ER+IE,108,0.120825
ER+IE,109,0.123176
ER+IE,110,0.216718
ER+IE,111,0.302425
ER+IE,112,0.233905
ER+IE,113,0.33002
ER+IE,114,0.223238
ER+IE,115,0.224168
ER+IE,116,0.123867
ER+IE,117,0.281458
ER+IE,118,0.312721
ER+IE,119,0.352214
ER+IE,120,0.386553
ER+IE,121,0.232284
ER+IE,122,0.393869
ER+IE,123,0.276153
ER+IE,124,0.249204
ER+IE,125,0.251757
ER+IE,126,0.080529
ER+IE,127,0.214603
ER+IE,128,0.346605
ER+IE,129,0.232622
ER+IE,130,0.259226
ER+IE,131,0.412621
ER+IE,132,0.13495
ER+IE,133,0.174212
ER+IE,134,0.191636
ER+IE,135,0.304909
ER+IE,136,0.191709
ER+IE,137,0.229294
ER+IE,138,0.370329
ER+IE,139,0.361507
ER+IE,140,0.162102
ER+IE,141,0.182836
ER+IE,142,0.376299
ER+IE,143,0.227452
ER+IE,144,0.306177
ER+IE,145,0.309849
ER+IE,146,0.182985
ER+IE,147,0.20679
ER+IE,148,0.254131
ER+IE,149,0.294914
ER+IE,150,0.178401
ER+IE,151,0.258631
ER+IE,152,0.433573
ER+IE,153,0.30183
ER+IE,154,0.294846
ER+IE,155,0.3138
ER+IE,156,0.161325
ER+IE,157,0.362891
ER+IE,158,0.34547
ER+IE,159,0.393504
ER+IE,160,0.246176
ER+IE,161,0.069355
ER+IE,162,0.228898
ER+IE,163,0.11356
ER+IE,164,0.384
ER+IE,165,0.33251
ER+IE,166,0.307522
ER+IE,167,0.247056
ER+IE,168,0.343421
ER+IE,169,0.1333
ER+IE,170,0.317522
ER+IE,171,0.235051
ER+IE,172,0.124709
ER+IE,173,0.348478
ER+IE,174,0.23525
ER+IE,175,0.206197
ER+IE,176,0.227394
ER+IE,177,0.214571
ER+IE,178,0.101518
ER+IE,179,0.347406
ER+IE,180,0.204033
ER+IE,181,0.198341
ER+IE,182,0.087106
ER+IE,183,0.105428
ER+IE,184,0.18028
ER+IE,185,0.199343
ER+IE,186,0.388979
ER+IE,187,0.113821
ER+IE,188,0.258467
ER+IE,189,0.276949
ER+IE,190,0.374128
ER+IE,191,0.286472
ER+IE,192,0.230533
ER+IE,193,0.13658
ER+IE,194,0.128051
ER+IE,195,0.123123
ER+IE,196,0.115118
ER+IE,197,0.199504
ER+IE,198,0.345139
ER+IE,199,0.183622
MK,0,0.255348
MK,1,0.353668
MK,2,0.318946
MK,3,0.234431
MK,4,0.60698
MK,5,0.342636
MK,6,0.498249
MK,7,0.214855
MK,8,0.375832
MK,9,0.4144
MK,10,0.274119
MK,11,0.469014
MK,12,0.4377
MK,13,0.37145
MK,14,0.184609
MK,15,0.202714
MK,16,0.108272
MK,17,0.4303
MK,18,0.374925
MK,19,0.19993
MK,20,0.201237
MK,21,0.305416
MK,22,0.377669
MK,23,0.397909
MK,24,0.295065
MK,25,0.388069
MK,26,0.456473
MK,27,0.48165
MK,28,0.33085
MK,29,0.05921
MK,30,0.340603
MK,31,0.6061
MK,32,0.1337
MK,33,0.217623
MK,34,0.136947
MK,35,0.337501
MK,36,0.245166
MK,37,0.415645
MK,38,0.391828
MK,39,0.569892
MK,40,0.299655
MK,41,0.165982
MK,42,0.31285
MK,43,0.293069
MK,44,0.188736
MK,45,0.3303
MK,46,0.5001
MK,47,0.2591
MK,48,0.368524
MK,49,0.304807
MK,50,0.302191
MK,51,0.444817
MK,52,0.278995
MK,53,0.305031
MK,54,0.458123
MK,55,0.25849
MK,56,0.35905
MK,57,0.4238
MK,58,0.319127
MK,59,0.316917
MK,60,0.354171
MK,61,0.388789
MK,62,0.3861
MK,63,0.192173
MK,64,0.428557
MK,65,0.346489
MK,66,0.485796
MK,67,0.424406
MK,68,0.50995
MK,69,0.151456
MK,70,0.318687
MK,71,0.235448
MK,72,0.194549
MK,73,0.3554
MK,74,0.318164
MK,75,0.133678
MK,76,0.233133
MK,77,0.5164
MK,78,0.099935
MK,79,0.36516
MK,80,0.471397
MK,81,0.4214
MK,82,0.050965
MK,83,0.056901
MK,84,0.32643
MK,85,0.262963
MK,86,0.623062
MK,87,0.276685
MK,88,0.182878
MK,89,0.505501
MK,90,0.4933
MK,91,0.515656
MK,92,0.24856
MK,93,0.227805
MK,94,0.039633
MK,95,0.100499
MK,96,0.191522
MK,97,0.194289
MK,98,0.179649
MK,99,0.295299
MK,100,0.4967
MK,101,0.179762
MK,102,0.493075
MK,103,0.370189
MK,104,0.186017
MK,105,0.302024
MK,106,0.31664
MK,107,0.282273
MK,108,0.517826
MK,109,0.264476
MK,110,0.397619
MK,111,0.308423
MK,112,0.242495
MK,113,0.25985
MK,114,0.309994
MK,115,0.31675
MK,116,0.368345
MK,117,0.239027
MK,118,0.494025
MK,119,0.4601
MK,120,0.386839
MK,121,0.56345
MK,122,0.086943
MK,123,0.227473
MK,124,0.26119
MK,125,0.402401
MK,126,0.274528
MK,127,0.193203
MK,128,0.194625
MK,129,0.361794
MK,130,0.405664
MK,131,0.046196
MK,132,0.232226
MK,133,0.338935
MK,134,0.083682
MK,135,0.165965
MK,136,0.265714
MK,137,0.322264
MK,138,0.5668
MK,139,0.163938
MK,140,0.322413
MK,141,0.330066
MK,142,0.39762
MK,143,0.296092
MK,144,0.227067
MK,145,0.411844
MK,146,0.46585
MK,147,0.456173
MK,148,0.268888
MK,149,0.256134
MK,150,0.48945
MK,151,0.261389
MK,152,0.124924
MK,153,0.240449
MK,154,0.390048
MK,155,0.295699
MK,156,0.387705
MK,157,0.349152
MK,158,0.185326
MK,159,0.431043
MK,160,0.366608
MK,161,0.393838
MK,162,0.485274
MK,163,0.362449
MK,164,0.234159
MK,165,0.4152
MK,166,0.453359
MK,167,0.5125
MK,168,0.26758
MK,169,0.268811
MK,170,0.293417
MK,171,0.148116
MK,172,0.330067
MK,173,0.463746
MK,174,0.313804
MK,175,0.377382
MK,176,0.299794
MK,177,0.200482
MK,178,0.266613
MK,179,0.537581
MK,180,0.206418
MK,181,0.342673
MK,182,0.356982
MK,183,0.369672
MK,184,0.111234
MK,185,0.5538
MK,186,0.496775
MK,187,0.328982
MK,188,0.14377
MK,189,0.424876
MK,190,0.131697
MK,191,0.369646
MK,192,0.24066
MK,193,0.420734
MK,194,0.236668
MK,195,0.453618
MK,196,0.180485
MK,197,0.38975
MK,198,0.31205
MK,199,0.4146
MK+IE,0,0.64035
MK+IE,1,0.286629
MK+IE,2,0.6636
MK+IE,3,0.56235
MK+IE,4,0.29575
MK+IE,5,0.477098
MK+IE,6,0.47475
MK+IE,7,0.4329
MK+IE,8,0.67645
MK+IE,9,0.4272
MK+IE,10,0.571
MK+IE,11,0.457806
MK+IE,12,0.4152
MK+IE,13,0.447339
MK+IE,14,0.472294
MK+IE,15,0.481993
MK+IE,16,0.586029
MK+IE,17,0.370806
MK+IE,18,0.71135
MK+IE,19,0.6473
MK+IE,20,0.5402
MK+IE,21,0.6956
MK+IE,22,0.151031
MK+IE,23,0.352368
MK+IE,24,0.324146
MK+IE,25,0.568228
MK+IE,26,0.442172
MK+IE,27,0.342951
MK+IE,28,0.324132
MK+IE,29,0.555406
MK+IE,30,0.626425
MK+IE,31,0.089771
MK+IE,32,0.369255
MK+IE,33,0.502501
MK+IE,34,0.126885
MK+IE,35,0.343467
MK+IE,36,0.45295
MK+IE,37,0.5143
MK+IE,38,0.744212
MK+IE,39,0.309727
MK+IE,40,0.5261
MK+IE,41,0.519952
MK+IE,42,0.573429
MK+IE,43,0.454323
MK+IE,44,0.3198
MK+IE,45,0.587
MK+IE,46,0.6766
MK+IE,47,0.633632
MK+IE,48,0.4187
MK+IE,49,0.40335
MK+IE,50,0.67675
MK+IE,51,0.395179
MK+IE,52,0.21337
MK+IE,53,0.393895
MK+IE,54,0.516
MK+IE,55,0.4676
MK+IE,56,0.51995
MK+IE,57,0.509303
MK+IE,58,0.329283
MK+IE,59,0.6293
MK+IE,60,0.52605
MK+IE,61,0.60355
MK+IE,62,0.645326
MK+IE,63,0.58215
MK+IE,64,0.348307
MK+IE,65,0.54585
MK+IE,66,0.621512
MK+IE,67,0.67005
MK+IE,68,0.46665
MK+IE,69,0.41865
MK+IE,70,0.48295
MK+IE,71,0.284164
MK+IE,72,0.49345
MK+IE,73,0.642014
MK+IE,74,0.47215
MK+IE,75,0.53795
MK+IE,76,0.4718
MK+IE,77,0.28385
MK+IE,78,0.437794
MK+IE,79,0.6922
MK+IE,80,0.324565
MK+IE,81,0.50355
MK+IE,82,0.524907
MK+IE,83,0.55715
MK+IE,84,0.192539
MK+IE,85,0.72905
MK+IE,86,0.64815
MK+IE,87,0.483774
MK+IE,88,0.254164
MK+IE,89,0.611881
MK+IE,90,0.223622
MK+IE,91,0.543904
MK+IE,92,0.404011
MK+IE,93,0.605
MK+IE,94,0.3221
MK+IE,95,0.63275
MK+IE,96,0.30155
MK+IE,97,0.58765
MK+IE,98,0.46055
MK+IE,99,0.59505
MK+IE,100,0.202212
MK+IE,101,0.4573
MK+IE,102,0.252563
MK+IE,103,0.3161
MK+IE,104,0.7383
MK+IE,105,0.60095
MK+IE,106,0.4542
MK+IE,107,0.52695
MK+IE,108,0.57035
MK+IE,109,0.549705
MK+IE,110,0.3825
MK+IE,111,0.7205
MK+IE,112,0.425
MK+IE,113,0.133236
MK+IE,114,0.61575
MK+IE,115,0.2339
MK+IE,116,0.4259
MK+IE,117,0.5438
MK+IE,118,0.53435
MK+IE,119,0.42255
MK+IE,120,0.267247
MK+IE,121,0.191685
MK+IE,122,0.380919
MK+IE,123,0.58365
MK+IE,124,0.55845
MK+IE,125,0.3466
MK+IE,126,0.449817
MK+IE,127,0.570486
MK+IE,128,0.341185
MK+IE,129,0.4627
MK+IE,130,0.496825
MK+IE,131,0.348867
MK+IE,132,0.41325
MK+IE,133,0.44995
MK+IE,134,0.64285
MK+IE,135,0.73755
MK+IE,136,0.5282
MK+IE,137,0.420542
MK+IE,138,0.441122
MK+IE,139,0.349402
MK+IE,140,0.56695
MK+IE,141,0.6809
MK+IE,142,0.3024
MK+IE,143,0.45115
MK+IE,144,0.5012
MK+IE,145,0.530656
MK+IE,146,0.6139
MK+IE,147,0.6663
MK+IE,148,0.59
MK+IE,149,0.58445
MK+IE,150,0.343867
MK+IE,151,0.46055
MK+IE,152,0.68215
MK+IE,153,0.48345
MK+IE,154,0.535854
MK+IE,155,0.7223
MK+IE,156,0.509026
MK+IE,157,0.5141
MK+IE,158,0.35025
MK+IE,159,0.5185
MK+IE,160,0.5012
MK+IE,161,0.70795
MK+IE,162,0.459496
MK+IE,163,0.5445
MK+IE,164,0.599
MK+IE,165,0.63465
MK+IE,166,0.53275
MK+IE,167,0.5446
MK+IE,168,0.4989
MK+IE,169,0.289808
MK+IE,170,0.260626
MK+IE,171,0.42885
MK+IE,172,0.47575
MK+IE,173,0.5409
MK+IE,174,0.500125
MK+IE,175,0.363705
MK+IE,176,0.236597
MK+IE,177,0.51555
MK+IE,178,0.56655
MK+IE,179,0.50205
MK+IE,180,0.423641
MK+IE,181,0.457287
MK+IE,182,0.33945
MK+IE,183,0.65405
MK+IE,184,0.4651
MK+IE,185,0.61055
MK+IE,186,0.59563
MK+IE,187,0.51685
MK+IE,188,0.199699
MK+IE,189,0.51135
MK+IE,190,0.6055
MK+IE,191,0.6703
MK+IE,192,0.437522
MK+IE,193,0.48225
MK+IE,194,0.513501
MK+IE,195,0.48535
MK+IE,196,0.39422
MK+IE,197,0.064285
MK+IE,198,0.490849
MK+IE,199,0.6999
MK+ER,0,0.13121
MK+ER,1,0.498225
MK+ER,2,0.12134
MK+ER,3,0.286265
MK+ER,4,0.656033
MK+ER,5,0.35
MK+ER,6,0.286315
MK+ER,7,0.4314
MK+ER,8,0.443405
MK+ER,9,0.397589
MK+ER,10,0.381745
MK+ER,11,0.623475
MK+ER,12,0.345644
MK+ER,13,0.107782
MK+ER,14,0.444917
MK+ER,15,0.43725
MK+ER,16,0.6342
MK+ER,17,0.463246
MK+ER,18,0.425055
MK+ER,19,0.448722
MK+ER,20,0.42235
MK+ER,21,0.48385
MK+ER,22,0.237955
MK+ER,23,0.4299
MK+ER,24,0.490847
MK+ER,25,0.378769
MK+ER,26,0.64065
MK+ER,27,0.363363
MK+ER,28,0.471771
MK+ER,29,0.472183
MK+ER,30,0.431722
MK+ER,31,0.328943
MK+ER,32,0.183654
MK+ER,33,0.465747
MK+ER,34,0.57595
MK+ER,35,0.40715
MK+ER,36,0.443867
MK+ER,37,0.34465
MK+ER,38,0.407494
MK+ER,39,0.211616
MK+ER,40,0.257648
MK+ER,41,0.523128
MK+ER,42,0.40996
MK+ER,43,0.518433
MK+ER,44,0.446495
MK+ER,45,0.53234
MK+ER,46,0.585
MK+ER,47,0.593439
MK+ER,48,0.3985
MK+ER,49,0.50175
MK+ER,50,0.49665
MK+ER,51,0.460392
MK+ER,52,0.41725
MK+ER,53,0.320816
MK+ER,54,0.3459
MK+ER,55,0.684018
MK+ER,56,0.316113
MK+ER,57,0.61855
MK+ER,58,0.181096
MK+ER,59,0.4437
MK+ER,60,0.25473
MK+ER,61,0.540089
MK+ER,62,0.48525
MK+ER,63,0.332449
MK+ER,64,0.466973
MK+ER,65,0.267187
MK+ER,66,0.5449
MK+ER,67,0.586079
MK+ER,68,0.561306
MK+ER,69,0.20773
MK+ER,70,0.253927
MK+ER,71,0.319442
MK+ER,72,0.472823
MK+ER,73,0.40196
MK+ER,74,0.50375
MK+ER,75,0.29365
MK+ER,76,0.216565
MK+ER,77,0.522
MK+ER,78,0.471374
MK+ER,79,0.440372
MK+ER,80,0.3541
MK+ER,81,0.318719
MK+ER,82,0.260015
MK+ER,83,0.516602
MK+ER,84,0.430879
MK+ER,85,0.564128
MK+ER,86,0.699905
MK+ER,87,0.456087
MK+ER,88,0.4556
MK+ER,89,0.444222
MK+ER,90,0.38505
MK+ER,91,0.428286
MK+ER,92,0.334917
MK+ER,93,0.48255
MK+ER,94,0.360848
MK+ER,95,0.138526
MK+ER,96,0.410982
MK+ER,97,0.385189
MK+ER,98,0.453418
MK+ER,99,0.50955
MK+ER,100,0.43325
MK+ER,101,0.498074
MK+ER,102,0.176997
MK+ER,103,0.463143
MK+ER,104,0.245669
MK+ER,105,0.387578
MK+ER,106,0.40645
MK+ER,107,0.432051
MK+ER,108,0.323135
MK+ER,109,0.21761
MK+ER,110,0.295663
MK+ER,111,0.342773
MK+ER,112,0.40722
MK+ER,113,0.563935
MK+ER,114,0.605121
MK+ER,115,0.59915
MK+ER,116,0.47464
MK+ER,117,0.458869
MK+ER,118,0.52975
MK+ER,119,0.5432
MK+ER,120,0.460611
MK+ER,121,0.314713
MK+ER,122,0.498624
MK+ER,123,0.308562
MK+ER,124,0.5118
MK+ER,125,0.267919
MK+ER,126,0.122742
MK+ER,127,0.384496
MK+ER,128,0.347556
MK+ER,129,0.39983
MK+ER,130,0.4954
MK+ER,131,0.066075
MK+ER,132,0.35075
MK+ER,133,0.60565
MK+ER,134,0.277087
MK+ER,135,0.3803
MK+ER,136,0.334334
MK+ER,137,0.447667
MK+ER,138,0.500875
MK+ER,139,0.413519
MK+ER,140,0.530477
MK+ER,141,0.23522
MK+ER,142,0.4471
MK+ER,143,0.475663
MK+ER,144,0.6484
MK+ER,145,0.550715
MK+ER,146,0.357918
MK+ER,147,0.54995
MK+ER,148,0.48815
MK+ER,149,0.32795
MK+ER,150,0.469217
MK+ER,151,0.4678
MK+ER,152,0.267424
MK+ER,153,0.4401
MK+ER,154,0.53075
MK+ER,155,0.34395
MK+ER,156,0.310471
MK+ER,157,0.22488
MK+ER,158,0.103875
MK+ER,159,0.194153
MK+ER,160,0.547077
MK+ER,161,0.49865
MK+ER,162,0.437581
MK+ER,163,0.410482
MK+ER,164,0.3776
MK+ER,165,0.311662
MK+ER,166,0.475919
MK+ER,167,0.28525
MK+ER,168,0.452181
MK+ER,169,0.55855
MK+ER,170,0.4653
MK+ER,171,0.341567
MK+ER,172,0.5005
MK+ER,173,0.364928
MK+ER,174,0.567
MK+ER,175,0.258994
MK+ER,176,0.440744
MK+ER,177,0.179653
MK+ER,178,0.381751
MK+ER,179,0.356064
MK+ER,180,0.5227
MK+ER,181,0.418788
MK+ER,182,0.487699
MK+ER,183,0.493899
MK+ER,184,0.4206
MK+ER,185,0.31685
MK+ER,186,0.5039
MK+ER,187,0.491349
MK+ER,188,0.341123
MK+ER,189,0.36585
MK+ER,190,0.51135
MK+ER,191,0.445217
MK+ER,192,0.3975
MK+ER,193,0.4717
MK+ER,194,0.351251
MK+ER,195,0.195203
MK+ER,196,0.283013
MK+ER,197,0.357175
MK+ER,198,0.377176
MK+ER,199,0.470821
MK+ER+IE,0,0.5865
MK+ER+IE,1,0.65675
MK+ER+IE,2,0.286372
MK+ER+IE,3,0.6277
MK+ER+IE,4,0.40389
MK+ER+IE,5,0.591259
MK+ER+IE,6,0.59865
MK+ER+IE,7,0.5812
MK+ER+IE,8,0.480222
MK+ER+IE,9,0.348189
MK+ER+IE,10,0.4706
MK+ER+IE,11,0.478124
MK+ER+IE,12,0.58905
MK+ER+IE,13,0.73335
MK+ER+IE,14,0.742
MK+ER+IE,15,0.7518
MK+ER+IE,16,0.62965
MK+ER+IE,17,0.547477
MK+ER+IE,18,0.71165
MK+ER+IE,19,0.67975
MK+ER+IE,20,0.659349
MK+ER+IE,21,0.489699
MK+ER+IE,22,0.68855
MK+ER+IE,23,0.4429
MK+ER+IE,24,0.66815
MK+ER+IE,25,0.485223
MK+ER+IE,26,0.244872
MK+ER+IE,27,0.551388
MK+ER+IE,28,0.559378
MK+ER+IE,29,0.585579
MK+ER+IE,30,0.65635
MK+ER+IE,31,0.119026
MK+ER+IE,32,0.52545
MK+ER+IE,33,0.77515
MK+ER+IE,34,0.412906
MK+ER+IE,35,0.60045
MK+ER+IE,36,0.5094
MK+ER+IE,37,0.6371
MK+ER+IE,38,0.6434
MK+ER+IE,39,0.59965
MK+ER+IE,40,0.696035
MK+ER+IE,41,0.373619
MK+ER+IE,42,0.5862
MK+ER+IE,43,0.63465
MK+ER+IE,44,0.77275
MK+ER+IE,45,0.7191
MK+ER+IE,46,0.475271
MK+ER+IE,47,0.708335
MK+ER+IE,48,0.65565
MK+ER+IE,49,0.46225
MK+ER+IE,50,0.6464
MK+ER+IE,51,0.6463
MK+ER+IE,52,0.389397
MK+ER+IE,53,0.60898
MK+ER+IE,54,0.68445
MK+ER+IE,55,0.4963
MK+ER+IE,56,0.5136
MK+ER+IE,57,0.3901
MK+ER+IE,58,0.202954
MK+ER+IE,59,0.393809
MK+ER+IE,60,0.6893
MK+ER+IE,61,0.63725
MK+ER+IE,62,0.5941
MK+ER+IE,63,0.60021
MK+ER+IE,64,0.523829
MK+ER+IE,65,0.462643
MK+ER+IE,66,0.6763
MK+ER+IE,67,0.40046
MK+ER+IE,68,0.624962
MK+ER+IE,69,0.73325
MK+ER+IE,70,0.657516
MK+ER+IE,71,0.51115
MK+ER+IE,72,0.662966
MK+ER+IE,73,0.543
MK+ER+IE,74,0.7324
MK+ER+IE,75,0.455332
MK+ER+IE,76,0.581112
MK+ER+IE,77,0.272377
MK+ER+IE,78,0.5169
MK+ER+IE,79,0.4932
MK+ER+IE,80,0.70155
MK+ER+IE,81,0.59661
MK+ER+IE,82,0.69155
MK+ER+IE,83,0.64065
MK+ER+IE,84,0.60355
MK+ER+IE,85,0.4963
MK+ER+IE,86,0.6534
MK+ER+IE,87,0.650033
MK+ER+IE,88,0.49515
MK+ER+IE,89,0.56095
MK+ER+IE,90,0.6809
MK+ER+IE,91,0.60965
MK+ER+IE,92,0.56785
MK+ER+IE,93,0.67895
MK+ER+IE,94,0.4923
MK+ER+IE,95,0.377538
MK+ER+IE,96,0.49635
MK+ER+IE,97,0.523881
MK+ER+IE,98,0.4961
MK+ER+IE,99,0.62495
MK+ER+IE,100,0.7186
MK+ER+IE,101,0.423364
MK+ER+IE,102,0.621855
MK+ER+IE,103,0.6965
MK+ER+IE,104,0.56285
MK+ER+IE,105,0.52215
MK+ER+IE,106,0.58645
MK+ER+IE,107,0.6072
MK+ER+IE,108,0.495349
MK+ER+IE,109,0.64285
MK+ER+IE,110,0.527603
MK+ER+IE,111,0.60183
MK+ER+IE,112,0.4651
MK+ER+IE,113,0.68005
MK+ER+IE,114,0.5528
MK+ER+IE,115,0.7697
MK+ER+IE,116,0.52075
MK+ER+IE,117,0.62945
MK+ER+IE,118,0.530477
MK+ER+IE,119,0.59355
MK+ER+IE,120,0.6502
MK+ER+IE,121,0.69415
MK+ER+IE,122,0.312988
MK+ER+IE,123,0.69465
MK+ER+IE,124,0.55905
MK+ER+IE,125,0.6129
MK+ER+IE,126,0.6745
MK+ER+IE,127,0.62345
MK+ER+IE,128,0.5793
MK+ER+IE,129,0.62555
MK+ER+IE,130,0.35595
MK+ER+IE,131,0.5911
MK+ER+IE,132,0.692885
MK+ER+IE,133,0.5404
MK+ER+IE,134,0.75295
MK+ER+IE,135,0.601
MK+ER+IE,136,0.548227
MK+ER+IE,137,0.645165
MK+ER+IE,138,0.49055
MK+ER+IE,139,0.489024
MK+ER+IE,140,0.761138
MK+ER+IE,141,0.5133
MK+ER+IE,142,0.482624
MK+ER+IE,143,0.561628
MK+ER+IE,144,0.7278
MK+ER+IE,145,0.66945
MK+ER+IE,146,0.496575
MK+ER+IE,147,0.62185
MK+ER+IE,148,0.729323
MK+ER+IE,149,0.7323
MK+ER+IE,150,0.128213
MK+ER+IE,151,0.525458
MK+ER+IE,152,0.5435
MK+ER+IE,153,0.49015
MK+ER+IE,154,0.6197
MK+ER+IE,155,0.663983
MK+ER+IE,156,0.5867
MK+ER+IE,157,0.4382
MK+ER+IE,158,0.6488
MK+ER+IE,159,0.510376
MK+ER+IE,160,0.69325
MK+ER+IE,161,0.4759
MK+ER+IE,162,0.5585
MK+ER+IE,163,0.53945
MK+ER+IE,164,0.393318
MK+ER+IE,165,0.574586
MK+ER+IE,166,0.702635
MK+ER+IE,167,0.371206
MK+ER+IE,168,0.73375
MK+ER+IE,169,0.65625
MK+ER+IE,170,0.444
MK+ER+IE,171,0.6723
MK+ER+IE,172,0.383558
MK+ER+IE,173,0.7243
MK+ER+IE,174,0.49395
MK+ER+IE,175,0.028532
MK+ER+IE,176,0.59615
MK+ER+IE,177,0.391626
MK+ER+IE,178,0.556483
MK+ER+IE,179,0.590909
MK+ER+IE,180,0.622381
MK+ER+IE,181,0.037539
MK+ER+IE,182,0.67815
MK+ER+IE,183,0.37105
MK+ER+IE,184,0.6042
MK+ER+IE,185,0.7108
MK+ER+IE,186,0.5562
MK+ER+IE,187,0.7353
MK+ER+IE,188,0.63465
MK+ER+IE,189,0.35065
MK+ER+IE,190,0.57545
MK+ER+IE,191,0.729
MK+ER+IE,192,0.465293
MK+ER+IE,193,0.7311
MK+ER+IE,194,0.66265
MK+ER+IE,195,0.668517
MK+ER+IE,196,0.64745
MK+ER+IE,197,0.58595
MK+ER+IE,198,0.66345
MK+ER+IE,199,0.643132
CI,0,0.150131
CI,1,0.103501
CI,2,0.172424
CI,3,0.225623
CI,4,0.11198
CI,5,0.036636
CI,6,0.150005
CI,7,0.121912
CI,8,0.076605
CI,9,0.179154
CI,10,0.081893
CI,11,0.254047
CI,12,0.094155
CI,13,0.195327
CI,14,0.198548
CI,15,0.196043
CI,16,0.078892
CI,17,0.22479
CI,18,0.189621
CI,19,0.460909
CI,20,0.128799
CI,21,0.230877
CI,22,0.15088
CI,23,0.091608
CI,24,0.090974
CI,25,0.148114
CI,26,0.07579
CI,27,0.144382
CI,28,0.174063
CI,29,0.170332
CI,30,0.09013
CI,31,0.119361
CI,32,0.251648
CI,33,0.022519
CI,34,0.169916
CI,35,0.089401
CI,36,0.159785
CI,37,0.077433
CI,38,0.089259
CI,39,0.063222
CI,40,0.094182
CI,41,0.08372
CI,42,0.191056
CI,43,0.107629
CI,44,0.137256
CI,45,0.10808
CI,46,0.079148
CI,47,0.178715
CI,48,0.419961
CI,49,0.206037
CI,50,0.071301
CI,51,0.098384
CI,52,0.134909
CI,53,0.129097
CI,54,0.093055
CI,55,0.115643
CI,56,0.270235
CI,57,0.168076
CI,58,0.193859
CI,59,0.248465
CI,60,0.127583
CI,61,0.054954
CI,62,0.097458
CI,63,0.105753
CI,64,0.09552
CI,65,0.138262
CI,66,0.211831
CI,67,0.124475
CI,68,0.134487
CI,69,0.133854
CI,70,0.069632
CI,71,0.199452
CI,72,0.18044
CI,73,0.27379
CI,74,0.167301
CI,75,0.114415
CI,76,0.147241
CI,77,0.067969
CI,78,0.167583
CI,79,0.111026
CI,80,0.274412
CI,81,0.194195
CI,82,0.153656
CI,83,0.096147
CI,84,0.056473
CI,85,0.166624
CI,86,0.146508
CI,87,0.199547
CI,88,0.106837
CI,89,0.349137
CI,90,0.186815
CI,91,0.016867
CI,92,0.11771
CI,93,0.18648
CI,94,0.159688
CI,95,0.071608
CI,96,0.071827
CI,97,0.154174
CI,98,0.244263
CI,99,0.096733
CI,100,0.131723
CI,101,0.103776
CI,102,0.063719
CI,103,0.128982
CI,104,0.13741
CI,105,0.219139
CI,106,0.097889
CI,107,0.122848
CI,108,0.167413
CI,109,0.107639
CI,110,0.121882
CI,111,0.094547
CI,112,0.035369
CI,113,0.316238
CI,114,0.165796
CI,115,0.055126
CI,116,0.186672
CI,117,0.076408
CI,118,0.176983
CI,119,0.082092
CI,120,0.065743
CI,121,0.106308
CI,122,0.100143
CI,123,0.178435
CI,124,0.17777
CI,125,0.138441
CI,126,0.074655
CI,127,0.057514
CI,128,0.16101
CI,129,0.188454
CI,130,0.139437
CI,131,0.133612
CI,132,0.266304
CI,133,0.1485
CI,134,0.131071
CI,135,0.115605
CI,136,0.057636
CI,137,0.218449
CI,138,0.083975
CI,139,0.017265
CI,140,0.042982
CI,141,0.058857
CI,142,0.121944
CI,143,0.086427
CI,144,0.018154
CI,145,0.078853
CI,146,0.07265
CI,147,0.135554
CI,148,0.259926
CI,149,0.142659
CI,150,0.148057
CI,151,0.023109
CI,152,0.108591
CI,153,0.18816
CI,154,0.172746
CI,155,0.244413
CI,156,0.162407
CI,157,0.066684
CI,158,0.12039
CI,159,0.360333
CI,160,0.086335
CI,161,0.037426
CI,162,0.030215
CI,163,0.077366
CI,164,0.157732
CI,165,0.109275
CI,166,0.091672
CI,167,0.225578
CI,168,0.138223
CI,169,0.263975
CI,170,0.13497
CI,171,0.194713
CI,172,0.144188
CI,173,0.064743
CI,174,0.141654
CI,175,0.070195
CI,176,0.227834
CI,177,0.243136
CI,178,0.020911
CI,179,0.2582
CI,180,0.116831
CI,181,0.274265
CI,182,0.191408
CI,183,0.141469
CI,184,0.002791
CI,185,0.119662
CI,186,0.247949
CI,187,0.168419
CI,188,0.213389
CI,189,0.183251
CI,190,0.184508
CI,191,0.061195
CI,192,0.235163
CI,193,0.172343
CI,194,0.099959
CI,195,0.069924
CI,196,0.174755
CI,197,0.014527
CI,198,0.118115
CI,199,0.171581
CI+IE,0,0.22608
CI+IE,1,0.195553
CI+IE,2,0.136257
CI+IE,3,0.254506
CI+IE,4,0.284043
CI+IE,5,0.33354
CI+IE,6,0.18128
CI+IE,7,0.207201
CI+IE,8,0.279149
CI+IE,9,0.23071
CI+IE,10,0.219006
CI+IE,11,0.210832
CI+IE,12,0.067001
CI+IE,13,0.455501
CI+IE,14,0.3115
CI+IE,15,0.091867
CI+IE,16,0.299164
CI+IE,17,0.180533
CI+IE,18,0.305402
CI+IE,19,0.143209
CI+IE,20,0.107416
CI+IE,21,0.183179
CI+IE,22,0.18053
CI+IE,23,0.250781
CI+IE,24,0.266746
CI+IE,25,0.233022
CI+IE,26,0.11949
CI+IE,27,0.114418
CI+IE,28,0.313527
CI+IE,29,0.291966
CI+IE,30,0.252657
CI+IE,31,0.216323
CI+IE,32,0.361218
CI+IE,33,0.234718
CI+IE,34,0.246518
CI+IE,35,0.216488
CI+IE,36,0.098747
CI+IE,37,0.312696
CI+IE,38,0.186737
CI+IE,39,0.018035
CI+IE,40,0.090734
CI+IE,41,0.074618
CI+IE,42,0.232696
CI+IE,43,0.196104
CI+IE,44,0.050709
CI+IE,45,0.121257
CI+IE,46,0.125185
CI+IE,47,0.212127
CI+IE,48,0.389556
CI+IE,49,0.278601
CI+IE,50,0.263342
CI+IE,51,0.032329
CI+IE,52,0.144305
CI+IE,53,0.340297
CI+IE,54,0.323399
CI+IE,55,0.439372
CI+IE,56,0.35439
CI+IE,57,0.122405
CI+IE,58,0.202727
CI+IE,59,0.587586
CI+IE,60,0.166324
CI+IE,61,0.141512
CI+IE,62,0.060787
CI+IE,63,0.094753
CI+IE,64,0.266698
CI+IE,65,0.216372
CI+IE,66,0.188232
CI+IE,67,0.411246
CI+IE,68,0.254243
CI+IE,69,0.470555
CI+IE,70,0.258165
CI+IE,71,0.331194
CI+IE,72,0.246753
CI+IE,73,0.153386
CI+IE,74,0.223278
CI+IE,75,0.129763
CI+IE,76,0.391983
CI+IE,77,0.437053
CI+IE,78,0.050822
CI+IE,79,0.405882
CI+IE,80,0.161935
CI+IE,81,0.439482
CI+IE,82,0.314801
CI+IE,83,0.271565
CI+IE,84,0.005724
CI+IE,85,0.275715
CI+IE,86,0.367614
CI+IE,87,0.309871
CI+IE,88,0.317409
CI+IE,89,0.304143
CI+IE,90,0.264342
CI+IE,91,0.109504
CI+IE,92,0.410912
CI+IE,93,0.215555
CI+IE,94,0.196558
CI+IE,95,0.149531
CI+IE,96,0.266612
CI+IE,97,0.025113
CI+IE,98,0.187526
CI+IE,99,0.287597
CI+IE,100,0.174337
CI+IE,101,0.174288
CI+IE,102,0.316504
CI+IE,103,0.185587
CI+IE,104,0.331339
CI+IE,105,0.248154
CI+IE,106,0.581987
CI+IE,107,0.362727
CI+IE,108,0.257755
CI+IE,109,0.160297
CI+IE,110,0.144269
CI+IE,111,0.250077
CI+IE,112,0.235394
CI+IE,113,0.327199
CI+IE,114,0.259124
CI+IE,115,0.193306
CI+IE,116,0.30303
CI+IE,117,0.313565
CI+IE,118,0.129529
CI+IE,119,0.203494
CI+IE,120,0.507023
CI+IE,121,0.514526
CI+IE,122,0.040477
CI+IE,123,0.403446
CI+IE,124,0.303716
CI+IE,125,0.274593
CI+IE,126,0.336914
CI+IE,127,0.290549
CI+IE,128,0.446015
CI+IE,129,0.244673
CI+IE,130,0.366448
CI+IE,131,0.361812
CI+IE,132,0.144928
CI+IE,133,0.245204
CI+IE,134,0.399156
CI+IE,135,0.351887
CI+IE,136,0.380595
CI+IE,137,0.384758
CI+IE,138,0.2431
CI+IE,139,0.202865
CI+IE,140,0.33232
CI+IE,141,0.246856
CI+IE,142,0.109559
CI+IE,143,0.447292
CI+IE,144,0.503744
CI+IE,145,0.223075
CI+IE,146,0.144335
CI+IE,147,0.1578
CI+IE,148,0.362313
CI+IE,149,0.292419
CI+IE,150,0.184343
CI+IE,151,0.083312
CI+IE,152,0.12809
CI+IE,153,0.309589
CI+IE,154,0.129724
CI+IE,155,0.355093
CI+IE,156,0.241967
CI+IE,157,0.282679
CI+IE,158,0.219865
CI+IE,159,0.04766
CI+IE,160,0.055423
CI+IE,161,0.163208
CI+IE,162,0.577615
CI+IE,163,0.133402
CI+IE,164,0.473877
CI+IE,165,0.387667
CI+IE,166,0.306787
CI+IE,167,0.499021
CI+IE,168,0.187972
CI+IE,169,0.404013
CI+IE,170,0.178714
CI+IE,171,0.169533
CI+IE,172,0.196045
CI+IE,173,0.315273
CI+IE,174,0.490121
CI+IE,175,0.273901
CI+IE,176,0.445838
CI+IE,177,0.277143
CI+IE,178,0.312622
CI+IE,179,0.478241
CI+IE,180,0.214014
CI+IE,181,0.314075
CI+IE,182,0.429072
CI+IE,183,0.144902
CI+IE,184,0.179393
CI+IE,185,0.17648
CI+IE,186,0.020114
CI+IE,187,0.186957
CI+IE,188,0.359281
CI+IE,189,0.245252
CI+IE,190,0.30456
CI+IE,191,0.538465
CI+IE,192,0.285935
CI+IE,193,0.332681
CI+IE,194,0.356701
CI+IE,195,0.476315
CI+IE,196,0.201529
CI+IE,197,0.177033
CI+IE,198,0.455241
CI+IE,199,0.175301
CI+ER,0,0.198214
CI+ER,1,0.294757
CI+ER,2,0.328204
CI+ER,3,0.087114
CI+ER,4,0.610397
CI+ER,5,0.249143
CI+ER,6,0.237304
CI+ER,7,0.206428
CI+ER,8,0.221115
CI+ER,9,0.257589
CI+ER,10,0.16781
CI+ER,11,0.275678
CI+ER,12,0.326045
CI+ER,13,0.237068
CI+ER,14,0.143524
CI+ER,15,0.14862
CI+ER,16,0.115538
CI+ER,17,0.254629
CI+ER,18,0.158751
CI+ER,19,0.111946
CI+ER,20,0.226013
CI+ER,21,0.24184
CI+ER,22,0.127907
CI+ER,23,0.121217
CI+ER,24,0.281203
CI+ER,25,0.335479
CI+ER,26,0.247489
CI+ER,27,0.253645
CI+ER,28,0.26975
CI+ER,29,0.239095
CI+ER,30,0.207092
CI+ER,31,0.189196
CI+ER,32,0.280523
CI+ER,33,0.304556
CI+ER,34,0.259891
CI+ER,35,0.163084
CI+ER,36,0.293293
CI+ER,37,0.414175
CI+ER,38,0.082733
CI+ER,39,0.359545
CI+ER,40,0.223366
CI+ER,41,0.142645
CI+ER,42,0.08559
CI+ER,43,0.143275
CI+ER,44,0.08449
CI+ER,45,0.129851
CI+ER,46,0.199742
CI+ER,47,0.174506
CI+ER,48,0.223789
CI+ER,49,0.165835
CI+ER,50,0.290476
CI+ER,51,0.224623
CI+ER,52,0.066555
CI+ER,53,0.265708
CI+ER,54,0.035042
CI+ER,55,0.15505
CI+ER,56,0.323229
CI+ER,57,0.229285
CI+ER,58,0.158648
CI+ER,59,0.204095
CI+ER,60,0.171068
CI+ER,61,0.431831
CI+ER,62,0.42485
CI+ER,63,0.126926
CI+ER,64,0.22491
CI+ER,65,0.28022
CI+ER,66,0.128166
CI+ER,67,0.299087
CI+ER,68,0.156533
CI+ER,69,0.284642
CI+ER,70,0.163868
CI+ER,71,0.192296
CI+ER,72,0.104874
CI+ER,73,0.182137
CI+ER,74,0.358114
CI+ER,75,0.236846
CI+ER,76,0.339715
CI+ER,77,0.09147
CI+ER,78,0.264709
CI+ER,79,0.276931
CI+ER,80,0.187739
CI+ER,81,0.158122
CI+ER,82,0.252396
CI+ER,83,0.272596
CI+ER,84,0.119012
CI+ER,85,0.236881
CI+ER,86,0.056714
CI+ER,87,0.287969
CI+ER,88,0.351308
CI+ER,89,0.255022
CI+ER,90,0.297441
CI+ER,91,0.252972
CI+ER,92,0.296448
CI+ER,93,0.317546
CI+ER,94,0.452733
CI+ER,95,0.102075
CI+ER,96,0.182564
CI+ER,97,0.156951
CI+ER,98,0.132979
CI+ER,99,0.282642
CI+ER,100,0.295219
CI+ER,101,0.262658
CI+ER,102,0.295106
CI+ER,103,0.102967
CI+ER,104,0.08129
CI+ER,105,0.106387
CI+ER,106,0.263956
CI+ER,107,0.398911
CI+ER,108,0.196358
CI+ER,109,0.212054
CI+ER,110,0.165255
CI+ER,111,0.213271
CI+ER,112,0.216711
CI+ER,113,0.106216
CI+ER,114,0.187452
CI+ER,115,0.096607
CI+ER,116,0.25168
CI+ER,117,0.295344
CI+ER,118,0.240318
CI+ER,119,0.247408
CI+ER,120,0.211017
CI+ER,121,0.218093
CI+ER,122,0.30056
CI+ER,123,0.502448
CI+ER,124,0.220906
CI+ER,125,0.107571
CI+ER,126,0.12016
CI+ER,127,0.354991
CI+ER,128,0.260657
CI+ER,129,0.177099
CI+ER,130,0.225292
CI+ER,131,0.266067
CI+ER,132,0.241585
CI+ER,133,0.158796
CI+ER,134,0.092918
CI+ER,135,0.227838
CI+ER,136,0.095079
CI+ER,137,0.09622
CI+ER,138,0.188992
CI+ER,139,0.206859
CI+ER,140,0.176091
CI+ER,141,0.194208
CI+ER,142,0.065476
CI+ER,143,0.047913
CI+ER,144,0.221265
CI+ER,145,0.201319
CI+ER,146,0.24047
CI+ER,147,0.166427
CI+ER,148,0.090429
CI+ER,149,0.236373
CI+ER,150,0.333022
CI+ER,151,0.204289
CI+ER,152,0.221753
CI+ER,153,0.108389
CI+ER,154,0.369865
CI+ER,155,0.042152
CI+ER,156,0.34846
CI+ER,157,0.092131
CI+ER,158,0.168365
CI+ER,159,0.083602
CI+ER,160,0.330798
CI+ER,161,0.289937
CI+ER,162,0.141784
CI+ER,163,0.232158
CI+ER,164,0.184739
CI+ER,165,0.174836
CI+ER,166,0.138961
CI+ER,167,0.230062
CI+ER,168,0.225364
CI+ER,169,0.155837
CI+ER,170,0.166099
CI+ER,171,0.279216
CI+ER,172,0.539107
CI+ER,173,0.27674
CI+ER,174,0.166118
CI+ER,175,0.49823
CI+ER,176,0.125822
CI+ER,177,0.081548
CI+ER,178,0.176093
CI+ER,179,0.24656
CI+ER,180,0.123061
CI+ER,181,0.137091
CI+ER,182,0.138099
CI+ER,183,0.165389
CI+ER,184,0.204843
CI+ER,185,0.26401
CI+ER,186,0.473761
CI+ER,187,0.215202
CI+ER,188,0.109253
CI+ER,189,0.089047
CI+ER,190,0.227223
CI+ER,191,0.111043
CI+ER,192,0.232585
CI+ER,193,0.224076
CI+ER,194,0.359165
CI+ER,195,0.34623
CI+ER,196,0.130983
CI+ER,197,0.209967
CI+ER,198,0.393412
CI+ER,199,0.194569
CI+ER+IE,0,0.483721
CI+ER+IE,1,0.457976
CI+ER+IE,2,0.466395
CI+ER+IE,3,0.134946
CI+ER+IE,4,0.235116
CI+ER+IE,5,0.199908
CI+ER+IE,6,0.430046
CI+ER+IE,7,0.577813
CI+ER+IE,8,0.371244
CI+ER+IE,9,0.332541
CI+ER+IE,10,0.308508
CI+ER+IE,11,0.329861
CI+ER+IE,12,0.338905
CI+ER+IE,13,0.25
CI+ER+IE,14,0.360311
CI+ER+IE,15,0.179979
CI+ER+IE,16,0.3861
CI+ER+IE,17,0.472872
CI+ER+IE,18,0.337108
CI+ER+IE,19,0.433107
CI+ER+IE,20,0.33218
CI+ER+IE,21,0.320336
CI+ER+IE,22,0.42764
CI+ER+IE,23,0.624627
CI+ER+IE,24,0.397127
CI+ER+IE,25,0.242006
CI+ER+IE,26,0.253168
CI+ER+IE,27,0.511931
CI+ER+IE,28,0.405888
CI+ER+IE,29,0.256764
CI+ER+IE,30,0.395545
CI+ER+IE,31,0.441512
CI+ER+IE,32,0.431511
CI+ER+IE,33,0.351019
CI+ER+IE,34,0.177901
CI+ER+IE,35,0.344248
CI+ER+IE,36,0.217006
CI+ER+IE,37,0.212141
CI+ER+IE,38,0.362912
CI+ER+IE,39,0.370129
CI+ER+IE,40,0.298032
CI+ER+IE,41,0.350762
CI+ER+IE,42,0.12784
CI+ER+IE,43,0.073786
CI+ER+IE,44,0.357788
CI+ER+IE,45,0.306989
CI+ER+IE,46,0.421639
CI+ER+IE,47,0.303268
CI+ER+IE,48,0.181762
CI+ER+IE,49,0.397882
CI+ER+IE,50,0.508863
CI+ER+IE,51,0.359965
CI+ER+IE,52,0.400114
CI+ER+IE,53,0.177324
CI+ER+IE,54,0.595782
CI+ER+IE,55,0.071363
CI+ER+IE,56,0.525439
CI+ER+IE,57,0.160546
CI+ER+IE,58,0.278213
CI+ER+IE,59,0.215601
CI+ER+IE,60,0.470671
CI+ER+IE,61,0.429006
CI+ER+IE,62,0.245023
CI+ER+IE,63,0.378978
CI+ER+IE,64,0.276599
CI+ER+IE,65,0.283072
CI+ER+IE,66,0.230974
CI+ER+IE,67,0.33335
CI+ER+IE,68,0.387858
CI+ER+IE,69,0.260093
CI+ER+IE,70,0.275272
CI+ER+IE,71,0.479053
CI+ER+IE,72,0.771091
CI+ER+IE,73,0.471782
CI+ER+IE,74,0.266506
CI+ER+IE,75,0.681574
CI+ER+IE,76,0.222975
CI+ER+IE,77,0.125991
CI+ER+IE,78,0.340172
CI+ER+IE,79,0.45618
CI+ER+IE,80,0.189494
CI+ER+IE,81,0.286419
CI+ER+IE,82,0.201748
CI+ER+IE,83,0.30865
CI+ER+IE,84,0.304207
CI+ER+IE,85,0.487227
CI+ER+IE,86,0.701396
CI+ER+IE,87,0.380319
CI+ER+IE,88,0.192785
CI+ER+IE,89,0.164736
CI+ER+IE,90,0.359365
CI+ER+IE,91,0.190847
CI+ER+IE,92,0.395274
CI+ER+IE,93,0.369915
CI+ER+IE,94,0.530521
CI+ER+IE,95,0.583941
CI+ER+IE,96,0.240976
CI+ER+IE,97,0.3177
CI+ER+IE,98,0.591176
CI+ER+IE,99,0.374482
CI+ER+IE,100,0.634026
CI+ER+IE,101,0.005673
CI+ER+IE,102,0.400217
CI+ER+IE,103,0.025654
CI+ER+IE,104,0.277042
CI+ER+IE,105,0.497003
CI+ER+IE,106,0.472041
CI+ER+IE,107,0.412118
CI+ER+IE,108,0.392475
CI+ER+IE,109,0.726697
CI+ER+IE,110,0.392135
CI+ER+IE,111,0.247567
CI+ER+IE,112,0.34432
CI+ER+IE,113,0.488696
CI+ER+IE,114,0.413461
CI+ER+IE,115,0.522924
CI+ER+IE,116,0.313792
CI+ER+IE,117,0.298762
CI+ER+IE,118,0.173404
CI+ER+IE,119,0.3422
CI+ER+IE,120,0.409525
CI+ER+IE,121,0.229882
CI+ER+IE,122,0.544281
CI+ER+IE,123,0.221885
CI+ER+IE,124,0.095284
CI+ER+IE,125,0.300726
CI+ER+IE,126,0.473218
CI+ER+IE,127,0.353041
CI+ER+IE,128,0.353238
CI+ER+IE,129,0.234926
CI+ER+IE,130,0.417539
CI+ER+IE,131,0.368697
CI+ER+IE,132,0.285236
CI+ER+IE,133,0.311228
CI+ER+IE,134,0.377763
CI+ER+IE,135,0.329753
CI+ER+IE,136,0.241685
CI+ER+IE,137,0.313526
CI+ER+IE,138,0.392167
CI+ER+IE,139,0.256826
CI+ER+IE,140,0.411184
CI+ER+IE,141,0.561762
CI+ER+IE,142,0.243368
CI+ER+IE,143,0.500128
CI+ER+IE,144,0.26691
CI+ER+IE,145,0.195693
CI+ER+IE,146,0.234633
CI+ER+IE,147,0.303225
CI+ER+IE,148,0.273495
CI+ER+IE,149,0.371634
CI+ER+IE,150,0.390996
CI+ER+IE,151,0.13939
CI+ER+IE,152,0.272563
CI+ER+IE,153,0.308375
CI+ER+IE,154,0.349977
CI+ER+IE,155,0.157271
CI+ER+IE,156,0.243651
CI+ER+IE,157,0.318533
CI+ER+IE,158,0.302232
CI+ER+IE,159,0.407872
CI+ER+IE,160,0.361969
CI+ER+IE,161,0.463485
CI+ER+IE,162,0.418593
CI+ER+IE,163,0.401804
CI+ER+IE,164,0.110452
CI+ER+IE,165,0.387584
CI+ER+IE,166,0.289888
CI+ER+IE,167,0.226639
CI+ER+IE,168,0.494177
CI+ER+IE,169,0.551767
CI+ER+IE,170,0.24897
CI+ER+IE,171,0.700164
CI+ER+IE,172,0.534408
CI+ER+IE,173,0.408926
CI+ER+IE,174,0.306864
CI+ER+IE,175,0.173873
CI+ER+IE,176,0.266159
CI+ER+IE,177,0.489853
CI+ER+IE,178,0.124687
CI+ER+IE,179,0.539565
CI+ER+IE,180,0.378721
CI+ER+IE,181,0.238054
CI+ER+IE,182,0.148735
CI+ER+IE,183,0.159443
CI+ER+IE,184,0.351722
CI+ER+IE,185,0.225442
CI+ER+IE,186,0.585574
CI+ER+IE,187,0.238354
CI+ER+IE,188,0.558911
CI+ER+IE,189,0.284669
CI+ER+IE,190,0.335133
CI+ER+IE,191,0.446711
CI+ER+IE,192,0.203488
CI+ER+IE,193,0.486132
CI+ER+IE,194,0.468047
CI+ER+IE,195,0.601352
CI+ER+IE,196,0.617267
CI+ER+IE,197,0.029993
CI+ER+IE,198,0.622568
CI+ER+IE,199,0.29571
CI+MK,0,0.389315
CI+MK,1,0.008792
CI+MK,2,0.307469
CI+MK,3,0.109342
CI+MK,4,0.508685
CI+MK,5,0.2807
CI+MK,6,0.457033
CI+MK,7,0.4342
CI+MK,8,0.389836
CI+MK,9,0.183918
CI+MK,10,0.345022
CI+MK,11,0.42695
CI+MK,12,0.239613
CI+MK,13,0.485268
CI+MK,14,0.300658
CI+MK,15,0.538388
CI+MK,16,0.23743
CI+MK,17,0.334617
CI+MK,18,0.250125
CI+MK,19,0.162827
CI+MK,20,0.59475
CI+MK,21,0.593269
CI+MK,22,0.345059
CI+MK,23,0.274105
CI+MK,24,0.319562
CI+MK,25,0.377463
CI+MK,26,0.015187
CI+MK,27,0.081905
CI+MK,28,0.27571
CI+MK,29,0.277313
CI+MK,30,0.507958
CI+MK,31,0.421237
CI+MK,32,0.390398
CI+MK,33,0.253538
CI+MK,34,0.510877
CI+MK,35,0.395727
CI+MK,36,0.369017
CI+MK,37,0.370372
CI+MK,38,0.217781
CI+MK,39,0.248137
CI+MK,40,0.387126
CI+MK,41,0.479472
CI+MK,42,0.411029
CI+MK,43,0.296895
CI+MK,44,0.248456
CI+MK,45,0.3747
CI+MK,46,0.304198
CI+MK,47,0.387642
CI+MK,48,0.403082
CI+MK,49,0.32855
CI+MK,50,0.516329
CI+MK,51,0.220037
CI+MK,52,0.09606
CI+MK,53,0.144672
CI+MK,54,0.338288
CI+MK,55,0.214904
CI+MK,56,0.301386
CI+MK,57,0.447253
CI+MK,58,0.318376
CI+MK,59,0.368229
CI+MK,60,0.391912
CI+MK,61,0.240265
CI+MK,62,0.425935
CI+MK,63,0.31012
CI+MK,64,0.305326
CI+MK,65,0.269375
CI+MK,66,0.403875
CI+MK,67,0.483721
CI+MK,68,0.470438
CI+MK,69,0.102669
CI+MK,70,0.213719
CI+MK,71,0.285069
CI+MK,72,0.262693
CI+MK,73,0.497799
CI+MK,74,0.481293
CI+MK,75,0.142307
CI+MK,76,0.410705
CI+MK,77,0.200584
CI+MK,78,0.020168
CI+MK,79,0.546327
CI+MK,80,0.259042
CI+MK,81,0.290649
CI+MK,82,0.409953
CI+MK,83,0.141595
CI+MK,84,0.329632
CI+MK,85,0.6522
CI+MK,86,0.513008
CI+MK,87,0.3778
CI+MK,88,0.635082
CI+MK,89,0.351005
CI+MK,90,0.284798
CI+MK,91,0.50675
CI+MK,92,0.411912
CI+MK,93,0.463493
CI+MK,94,0.363627
CI+MK,95,0.591627
CI+MK,96,0.47645
CI+MK,97,0.326432
CI+MK,98,0.586067
CI+MK,99,0.06613
CI+MK,100,0.454591
CI+MK,101,0.413391
CI+MK,102,0.438913
CI+MK,103,0.199055
CI+MK,104,0.506701
CI+MK,105,0.030117
CI+MK,106,0.302675
CI+MK,107,0.475843
CI+MK,108,0.447284
CI+MK,109,0.319832
CI+MK,110,0.156831
CI+MK,111,0.53595
CI+MK,112,0.252414
CI+MK,113,0.307373
CI+MK,114,0.409488
CI+MK,115,0.299735
CI+MK,116,0.197797
CI+MK,117,0.21992
CI+MK,118,0.328797
CI+MK,119,0.340209
CI+MK,120,0.428943
CI+MK,121,0.49185
CI+MK,122,0.216162
CI+MK,123,0.639132
CI+MK,124,0.368834
CI+MK,125,0.3892
CI+MK,126,0.426314
CI+MK,127,0.47625
CI+MK,128,0.393727
CI+MK,129,0.461261
CI+MK,130,0.583942
CI+MK,131,0.50335
CI+MK,132,0.313671
CI+MK,133,0.522978
CI+MK,134,0.332533
CI+MK,135,0.384454
CI+MK,136,0.479024
CI+MK,137,0.312268
CI+MK,138,0.59689
CI+MK,139,0.269671
CI+MK,140,0.3638
CI+MK,141,0.46432
CI+MK,142,0.411323
CI+MK,143,0.25225
CI+MK,144,0.347939
CI+MK,145,0.337586
CI+MK,146,0.35
CI+MK,147,0.279458
CI+MK,148,0.44785
CI+MK,149,0.418434
CI+MK,150,0.251658
CI+MK,151,0.418809
CI+MK,152,0.083629
CI+MK,153,0.34788
CI+MK,154,0.3847
CI+MK,155,0.090104
CI+MK,156,0.534277
CI+MK,157,0.327747
CI+MK,158,0.267956
CI+MK,159,0.406585
CI+MK,160,0.085149
CI+MK,161,0.5552
CI+MK,162,0.391724
CI+MK,163,0.60316
CI+MK,164,0.200302
CI+MK,165,0.454414
CI+MK,166,0.253164
CI+MK,167,0.3447
CI+MK,168,0.226632
CI+MK,169,0.414495
CI+MK,170,0.342129
CI+MK,171,0.277619
CI+MK,172,0.26964
CI+MK,173,0.146113
CI+MK,174,0.376384
CI+MK,175,0.260697
CI+MK,176,0.526326
CI+MK,177,0.18471
CI+MK,178,0.204191
CI+MK,179,0.4276
CI+MK,180,0.311651
CI+MK,181,0.262378
CI+MK,182,0.409541
CI+MK,183,0.470335
CI+MK,184,0.215864
CI+MK,185,0.451689
CI+MK,186,0.49795
CI+MK,187,0.416763
CI+MK,188,0.157121
CI+MK,189,0.173972
CI+MK,190,0.405072
CI+MK,191,0.373048
CI+MK,192,0.468622
CI+MK,193,0.407265
CI+MK,194,0.34819
CI+MK,195,0.53535
CI+MK,196,0.349437
CI+MK,197,0.310003
CI+MK,198,0.248569
CI+MK,199,0.251091
CI+MK+IE,0,0.60865
CI+MK+IE,1,0.60411
CI+MK+IE,2,0.60445
CI+MK+IE,3,0.333867
CI+MK+IE,4,0.730687
CI+MK+IE,5,0.073573
CI+MK+IE,6,0.418634
CI+MK+IE,7,0.6532
CI+MK+IE,8,0.679484
CI+MK+IE,9,0.480092
CI+MK+IE,10,0.261031
CI+MK+IE,11,0.732
CI+MK+IE,12,0.40267
CI+MK+IE,13,0.534324
CI+MK+IE,14,0.627581
CI+MK+IE,15,0.447779
CI+MK+IE,16,0.320144
CI+MK+IE,17,0.42985
CI+MK+IE,18,0.475643
CI+MK+IE,19,0.51745
CI+MK+IE,20,0.5523
CI+MK+IE,21,0.64595
CI+MK+IE,22,0.355089
CI+MK+IE,23,0.77915
CI+MK+IE,24,0.587509
CI+MK+IE,25,0.5283
CI+MK+IE,26,0.6438
CI+MK+IE,27,0.6317
CI+MK+IE,28,0.579608
CI+MK+IE,29,0.651615
CI+MK+IE,30,0.72415
CI+MK+IE,31,0.66885
CI+MK+IE,32,0.549782
CI+MK+IE,33,0.72145
CI+MK+IE,34,0.492625
CI+MK+IE,35,0.577952
CI+MK+IE,36,0.6601
CI+MK+IE,37,0.45925
CI+MK+IE,38,0.7498
CI+MK+IE,39,0.50695
CI+MK+IE,40,0.5432
CI+MK+IE,41,0.69822
CI+MK+IE,42,0.55949
CI+MK+IE,43,0.42375
CI+MK+IE,44,0.53525
CI+MK+IE,45,0.5103
CI+MK+IE,46,0.56645
CI+MK+IE,47,0.442939
CI+MK+IE,48,0.6478
CI+MK+IE,49,0.63745
CI+MK+IE,50,0.4693
CI+MK+IE,51,0.617804
CI+MK+IE,52,0.137562
CI+MK+IE,53,0.532093
CI+MK+IE,54,0.5526
CI+MK+IE,55,0.193653
CI+MK+IE,56,0.742337
CI+MK+IE,57,0.5137
CI+MK+IE,58,0.417642
CI+MK+IE,59,0.65055
CI+MK+IE,60,0.163511
CI+MK+IE,61,0.7501
CI+MK+IE,62,0.557556
CI+MK+IE,63,0.77675
CI+MK+IE,64,0.325096
CI+MK+IE,65,0.627431
CI+MK+IE,66,0.438938
CI+MK+IE,67,0.559
CI+MK+IE,68,0.373681
CI+MK+IE,69,0.58245
CI+MK+IE,70,0.4924
CI+MK+IE,71,0.442149
CI+MK+IE,72,0.48445
CI+MK+IE,73,0.238048
CI+MK+IE,74,0.56695
CI+MK+IE,75,0.38555
CI+MK+IE,76,0.7643
CI+MK+IE,77,0.33125
CI+MK+IE,78,0.270191
CI+MK+IE,79,0.61885
CI+MK+IE,80,0.3839
CI+MK+IE,81,0.42975
CI+MK+IE,82,0.6357
CI+MK+IE,83,0.66635
CI+MK+IE,84,0.376363
CI+MK+IE,85,0.650998
CI+MK+IE,86,0.692708
CI+MK+IE,87,0.6233
CI+MK+IE,88,0.295739
CI+MK+IE,89,0.354239
CI+MK+IE,90,0.565435
CI+MK+IE,91,0.6331
CI+MK+IE,92,0.71705
CI+MK+IE,93,0.59703
CI+MK+IE,94,0.54045
CI+MK+IE,95,0.713243
CI+MK+IE,96,0.54365
CI+MK+IE,97,0.560584
CI+MK+IE,98,0.442216
CI+MK+IE,99,0.4826
CI+MK+IE,100,0.52735
CI+MK+IE,101,0.352953
CI+MK+IE,102,0.5067
CI+MK+IE,103,0.231662
CI+MK+IE,104,0.42495
CI+MK+IE,105,0.72795
CI+MK+IE,106,0.364623
CI+MK+IE,107,0.458046
CI+MK+IE,108,0.548827
CI+MK+IE,109,0.36445
CI+MK+IE,110,0.756738
CI+MK+IE,111,0.659566
CI+MK+IE,112,0.61455
CI+MK+IE,113,0.5357
CI+MK+IE,114,0.658316
CI+MK+IE,115,0.478398
CI+MK+IE,116,0.4093
CI+MK+IE,117,0.5908
CI+MK+IE,118,0.192415
CI+MK+IE,119,0.6696
CI+MK+IE,120,0.76035
CI+MK+IE,121,0.5774
CI+MK+IE,122,0.586717
CI+MK+IE,123,0.099386
CI+MK+IE,124,0.410191
CI+MK+IE,125,0.711242
CI+MK+IE,126,0.64865
CI+MK+IE,127,0.515784
CI+MK+IE,128,0.634195
CI+MK+IE,129,0.6262
CI+MK+IE,130,0.661282
CI+MK+IE,131,0.631832
CI+MK+IE,132,0.553528
CI+MK+IE,133,0.5114
CI+MK+IE,134,0.38665
CI+MK+IE,135,0.718172
CI+MK+IE,136,0.6089
CI+MK+IE,137,0.4142
CI+MK+IE,138,0.65135
CI+MK+IE,139,0.6365
CI+MK+IE,140,0.30715
CI+MK+IE,141,0.449672
CI+MK+IE,142,0.73376
CI+MK+IE,143,0.5562
CI+MK+IE,144,0.706721
CI+MK+IE,145,0.411503
CI+MK+IE,146,0.557217
CI+MK+IE,147,0.71215
CI+MK+IE,148,0.51991
CI+MK+IE,149,0.208642
CI+MK+IE,150,0.6567
CI+MK+IE,151,0.190836
CI+MK+IE,152,0.3265
CI+MK+IE,153,0.45345
CI+MK+IE,154,0.40815
CI+MK+IE,155,0.6469
CI+MK+IE,156,0.292329
CI+MK+IE,157,0.48145
CI+MK+IE,158,0.449667
CI+MK+IE,159,0.450553
CI+MK+IE,160,0.492674
CI+MK+IE,161,0.407163
CI+MK+IE,162,0.361135
CI+MK+IE,163,0.54025
CI+MK+IE,164,0.759038
CI+MK+IE,165,0.785
CI+MK+IE,166,0.49195
CI+MK+IE,167,0.175605
CI+MK+IE,168,0.530927
CI+MK+IE,169,0.5296
CI+MK+IE,170,0.471721
CI+MK+IE,171,0.7319
CI+MK+IE,172,0.182982
CI+MK+IE,173,0.6063
CI+MK+IE,174,0.51505
CI+MK+IE,175,0.5551
CI+MK+IE,176,0.722672
CI+MK+IE,177,0.517554
CI+MK+IE,178,0.54841
CI+MK+IE,179,0.51985
CI+MK+IE,180,0.44045
CI+MK+IE,181,0.520478
CI+MK+IE,182,0.7846
CI+MK+IE,183,0.517276
CI+MK+IE,184,0.6451
CI+MK+IE,185,0.47085
CI+MK+IE,186,0.488424
CI+MK+IE,187,0.6561
CI+MK+IE,188,0.684537
CI+MK+IE,189,0.604471
CI+MK+IE,190,0.4989
CI+MK+IE,191,0.575408
CI+MK+IE,192,0.739861
CI+MK+IE,193,0.5078
CI+MK+IE,194,0.35227
CI+MK+IE,195,0.743987
CI+MK+IE,196,0.4975
CI+MK+IE,197,0.74325
CI+MK+IE,198,0.572915
CI+MK+IE,199,0.232836
CI+MK+ER,0,0.5161
CI+MK+ER,1,0.440552
CI+MK+ER,2,0.40054
CI+MK+ER,3,0.295066
CI+MK+ER,4,0.374149
CI+MK+ER,5,0.6589
CI+MK+ER,6,0.343603
CI+MK+ER,7,0.44055
CI+MK+ER,8,0.6199
CI+MK+ER,9,0.512651
CI+MK+ER,10,0.65228
CI+MK+ER,11,0.6366
CI+MK+ER,12,0.49925
CI+MK+ER,13,0.52103
CI+MK+ER,14,0.615092
CI+MK+ER,15,0.66475
CI+MK+ER,16,0.5024
CI+MK+ER,17,0.459961
CI+MK+ER,18,0.192998
CI+MK+ER,19,0.468244
CI+MK+ER,20,0.417442
CI+MK+ER,21,0.417351
CI+MK+ER,22,0.420291
CI+MK+ER,23,0.0761
CI+MK+ER,24,0.510152
CI+MK+ER,25,0.6036
CI+MK+ER,26,0.7411
CI+MK+ER,27,0.549655
CI+MK+ER,28,0.529842
CI+MK+ER,29,0.5469
CI+MK+ER,30,0.43416
CI+MK+ER,31,0.493523
CI+MK+ER,32,0.436815
CI+MK+ER,33,0.29235
CI+MK+ER,34,0.68935
CI+MK+ER,35,0.3754
CI+MK+ER,36,0.582937
CI+MK+ER,37,0.489941
CI+MK+ER,38,0.636414
CI+MK+ER,39,0.142915
CI+MK+ER,40,0.3956
CI+MK+ER,41,0.266683
CI+MK+ER,42,0.61945
CI+MK+ER,43,0.461946
CI+MK+ER,44,0.581179
CI+MK+ER,45,0.634782
CI+MK+ER,46,0.456273
CI+MK+ER,47,0.278402
CI+MK+ER,48,0.512926
CI+MK+ER,49,0.081644
CI+MK+ER,50,0.419155
CI+MK+ER,51,0.5112
CI+MK+ER,52,0.219391
CI+MK+ER,53,0.578337
CI+MK+ER,54,0.313965
CI+MK+ER,55,0.6855
CI+MK+ER,56,0.166776
CI+MK+ER,57,0.505728
CI+MK+ER,58,0.484595
CI+MK+ER,59,0.414831
CI+MK+ER,60,0.454054
CI+MK+ER,61,0.404403
CI+MK+ER,62,0.553138
CI+MK+ER,63,0.584838
CI+MK+ER,64,0.694658
CI+MK+ER,65,0.457023
CI+MK+ER,66,0.308779
CI+MK+ER,67,0.474703
CI+MK+ER,68,0.417222
CI+MK+ER,69,0.574779
CI+MK+ER,70,0.339003
CI+MK+ER,71,0.540939
CI+MK+ER,72,0.49415
CI+MK+ER,73,0.589924
CI+MK+ER,74,0.422113
CI+MK+ER,75,0.631432
CI+MK+ER,76,0.45595
CI+MK+ER,77,0.537977
CI+MK+ER,78,0.379913
CI+MK+ER,79,0.15727
CI+MK+ER,80,0.35954
CI+MK+ER,81,0.406342
CI+MK+ER,82,0.338691
CI+MK+ER,83,0.515465
CI+MK+ER,84,0.544359
CI+MK+ER,85,0.423087
CI+MK+ER,86,0.372087
CI+MK+ER,87,0.272006
CI+MK+ER,88,0.4215
CI+MK+ER,89,0.59705
CI+MK+ER,90,0.453777
CI+MK+ER,91,0.438395
CI+MK+ER,92,0.60015
CI+MK+ER,93,0.530356
CI+MK+ER,94,0.273415
CI+MK+ER,95,0.6253
CI+MK+ER,96,0.443
CI+MK+ER,97,0.556662
CI+MK+ER,98,0.484047
CI+MK+ER,99,0.430517
CI+MK+ER,100,0.430515
CI+MK+ER,101,0.496225
CI+MK+ER,102,0.642964
CI+MK+ER,103,0.322455
CI+MK+ER,104,0.407761
CI+MK+ER,105,0.396859
CI+MK+ER,106,0.423478
CI+MK+ER,107,0.40105
CI+MK+ER,108,0.576858
CI+MK+ER,109,0.373635
CI+MK+ER,110,0.321686
CI+MK+ER,111,0.5735
CI+MK+ER,112,0.40079
CI+MK+ER,113,0.4239
CI+MK+ER,114,0.323111
CI+MK+ER,115,0.71685
CI+MK+ER,116,0.6069
CI+MK+ER,117,0.431901
CI+MK+ER,118,0.408991
CI+MK+ER,119,0.6369
CI+MK+ER,120,0.517202
CI+MK+ER,121,0.614634
CI+MK+ER,122,0.247733
CI+MK+ER,123,0.403135
CI+MK+ER,124,0.584929
CI+MK+ER,125,0.59776
CI+MK+ER,126,0.6797
CI+MK+ER,127,0.4379
CI+MK+ER,128,0.590536
CI+MK+ER,129,0.652613
CI+MK+ER,130,0.75415
CI+MK+ER,131,0.614031
CI+MK+ER,132,0.395519
CI+MK+ER,133,0.5432
CI+MK+ER,134,0.44615
CI+MK+ER,135,0.412912
CI+MK+ER,136,0.553061
CI+MK+ER,137,0.307195
CI+MK+ER,138,0.15323
CI+MK+ER,139,0.10056
CI+MK+ER,140,0.64519
CI+MK+ER,141,0.464839
CI+MK+ER,142,0.388499
CI+MK+ER,143,0.267589
CI+MK+ER,144,0.244841
CI+MK+ER,145,0.432887
CI+MK+ER,146,0.409623
CI+MK+ER,147,0.431986
CI+MK+ER,148,0.251629
CI+MK+ER,149,0.35002
CI+MK+ER,150,0.570357
CI+MK+ER,151,0.566618
CI+MK+ER,152,0.523
CI+MK+ER,153,0.588274
CI+MK+ER,154,0.408022
CI+MK+ER,155,0.34932
CI+MK+ER,156,0.459987
CI+MK+ER,157,0.659599
CI+MK+ER,158,0.073524
CI+MK+ER,159,0.538358
CI+MK+ER,160,0.439582
CI+MK+ER,161,0.4846
CI+MK+ER,162,0.315478
CI+MK+ER,163,0.322194
CI+MK+ER,164,0.418434
CI+MK+ER,165,0.557311
CI+MK+ER,166,0.169708
CI+MK+ER,167,0.345412
CI+MK+ER,168,0.174084
CI+MK+ER,169,0.262928
CI+MK+ER,170,0.557628
CI+MK+ER,171,0.25684
CI+MK+ER,172,0.40415
CI+MK+ER,173,0.555978
CI+MK+ER,174,0.475078
CI+MK+ER,175,0.448572
CI+MK+ER,176,0.6926
CI+MK+ER,177,0.518183
CI+MK+ER,178,0.682423
CI+MK+ER,179,0.356336
CI+MK+ER,180,0.253686
CI+MK+ER,181,0.804
CI+MK+ER,182,0.4081
CI+MK+ER,183,0.282599
CI+MK+ER,184,0.529679
CI+MK+ER,185,0.434859
CI+MK+ER,186,0.564213
CI+MK+ER,187,0.157781
CI+MK+ER,188,0.4731
CI+MK+ER,189,0.59355
CI+MK+ER,190,0.380645
CI+MK+ER,191,0.478324
CI+MK+ER,192,0.408311
CI+MK+ER,193,0.38175
CI+MK+ER,194,0.317074
CI+MK+ER,195,0.233986
CI+MK+ER,196,0.398169
CI+MK+ER,197,0.452976
CI+MK+ER,198,0.58425
CI+MK+ER,199,0.479768
CI+MK+ER+IE,0,0.588076
CI+MK+ER+IE,1,0.7136
CI+MK+ER+IE,2,0.8005
CI+MK+ER+IE,3,0.4786
CI+MK+ER+IE,4,0.62015
CI+MK+ER+IE,5,0.575
CI+MK+ER+IE,6,0.579703
CI+MK+ER+IE,7,0.6187
CI+MK+ER+IE,8,0.78765
CI+MK+ER+IE,9,0.54765
CI+MK+ER+IE,10,0.4968
CI+MK+ER+IE,11,0.742
CI+MK+ER+IE,12,0.59505
CI+MK+ER+IE,13,0.584679
CI+MK+ER+IE,14,0.489424
CI+MK+ER+IE,15,0.8722
CI+MK+ER+IE,16,0.76385
CI+MK+ER+IE,17,0.6604
CI+MK+ER+IE,18,0.63195
CI+MK+ER+IE,19,0.81195
CI+MK+ER+IE,20,0.7528
CI+MK+ER+IE,21,0.7498
CI+MK+ER+IE,22,0.39085
CI+MK+ER+IE,23,0.5691
CI+MK+ER+IE,24,0.772939
CI+MK+ER+IE,25,0.74945
CI+MK+ER+IE,26,0.83
CI+MK+ER+IE,27,0.6142
CI+MK+ER+IE,28,0.7632
CI+MK+ER+IE,29,0.8244
CI+MK+ER+IE,30,0.87765
CI+MK+ER+IE,31,0.7651
CI+MK+ER+IE,32,0.6198
CI+MK+ER+IE,33,0.72235
CI+MK+ER+IE,34,0.6236
CI+MK+ER+IE,35,0.58605
CI+MK+ER+IE,36,0.745925
CI+MK+ER+IE,37,0.494498
CI+MK+ER+IE,38,0.304639
CI+MK+ER+IE,39,0.178704
CI+MK+ER+IE,40,0.7851
CI+MK+ER+IE,41,0.70545
CI+MK+ER+IE,42,0.6015
CI+MK+ER+IE,43,0.44615
CI+MK+ER+IE,44,0.405173
CI+MK+ER+IE,45,0.63395
CI+MK+ER+IE,46,0.551388
CI+MK+ER+IE,47,0.631882
CI+MK+ER+IE,48,0.513203
CI+MK+ER+IE,49,0.459896
CI+MK+ER+IE,50,0.74195
CI+MK+ER+IE,51,0.7316
CI+MK+ER+IE,52,0.70985
CI+MK+ER+IE,53,0.74895
CI+MK+ER+IE,54,0.543477
CI+MK+ER+IE,55,0.57455
CI+MK+ER+IE,56,0.719186
CI+MK+ER+IE,57,0.84055
CI+MK+ER+IE,58,0.090561
CI+MK+ER+IE,59,0.69965
CI+MK+ER+IE,60,0.636864
CI+MK+ER+IE,61,0.645365
CI+MK+ER+IE,62,0.492674
CI+MK+ER+IE,63,0.4943
CI+MK+ER+IE,64,0.60435
CI+MK+ER+IE,65,0.7533
CI+MK+ER+IE,66,0.271654
CI+MK+ER+IE,67,0.5602
CI+MK+ER+IE,68,0.289732
CI+MK+ER+IE,69,0.4279
CI+MK+ER+IE,70,0.71875
CI+MK+ER+IE,71,0.436687
CI+MK+ER+IE,72,0.615531
CI+MK+ER+IE,73,0.7241
CI+MK+ER+IE,74,0.68825
CI+MK+ER+IE,75,0.633432
CI+MK+ER+IE,76,0.827883
CI+MK+ER+IE,77,0.7086
CI+MK+ER+IE,78,0.838042
CI+MK+ER+IE,79,0.56615
CI+MK+ER+IE,80,0.360022
CI+MK+ER+IE,81,0.8921
CI+MK+ER+IE,82,0.56165
CI+MK+ER+IE,83,0.42198
CI+MK+ER+IE,84,0.70365
CI+MK+ER+IE,85,0.6017
CI+MK+ER+IE,86,0.7477
CI+MK+ER+IE,87,0.294044
CI+MK+ER+IE,88,0.68885
CI+MK+ER+IE,89,0.773
CI+MK+ER+IE,90,0.52645
CI+MK+ER+IE,91,0.653183
CI+MK+ER+IE,92,0.61685
CI+MK+ER+IE,93,0.5479
CI+MK+ER+IE,94,0.5108
CI+MK+ER+IE,95,0.39752
CI+MK+ER+IE,96,0.60245
CI+MK+ER+IE,97,0.62985
CI+MK+ER+IE,98,0.736787
CI+MK+ER+IE,99,0.6395
CI+MK+ER+IE,100,0.75625
CI+MK+ER+IE,101,0.7434
CI+MK+ER+IE,102,0.55865
CI+MK+ER+IE,103,0.749387
CI+MK+ER+IE,104,0.8217
CI+MK+ER+IE,105,0.655516
CI+MK+ER+IE,106,0.285907
CI+MK+ER+IE,107,0.47
CI+MK+ER+IE,108,0.68295
CI+MK+ER+IE,109,0.669
CI+MK+ER+IE,110,0.588488
CI+MK+ER+IE,111,0.76585
CI+MK+ER+IE,112,0.7638
CI+MK+ER+IE,113,0.6874
CI+MK+ER+IE,114,0.319676
CI+MK+ER+IE,115,0.5529
CI+MK+ER+IE,116,0.5863
CI+MK+ER+IE,117,0.25645
CI+MK+ER+IE,118,0.6378
CI+MK+ER+IE,119,0.56105
CI+MK+ER+IE,120,0.458137
CI+MK+ER+IE,121,0.8169
CI+MK+ER+IE,122,0.786939
CI+MK+ER+IE,123,0.6306
CI+MK+ER+IE,124,0.6271
CI+MK+ER+IE,125,0.139367
CI+MK+ER+IE,126,0.442349
CI+MK+ER+IE,127,0.76885
CI+MK+ER+IE,128,0.6031
CI+MK+ER+IE,129,0.651848
CI+MK+ER+IE,130,0.70267
CI+MK+ER+IE,131,0.744637
CI+MK+ER+IE,132,0.59955
CI+MK+ER+IE,133,0.7625
CI+MK+ER+IE,134,0.8655
CI+MK+ER+IE,135,0.68585
CI+MK+ER+IE,136,0.5099
CI+MK+ER+IE,137,0.75195
CI+MK+ER+IE,138,0.7766
CI+MK+ER+IE,139,0.66845
CI+MK+ER+IE,140,0.6977
CI+MK+ER+IE,141,0.8155
CI+MK+ER+IE,142,0.70945
CI+MK+ER+IE,143,0.701
CI+MK+ER+IE,144,0.76935
CI+MK+ER+IE,145,0.79385
CI+MK+ER+IE,146,0.73275
CI+MK+ER+IE,147,0.63605
CI+MK+ER+IE,148,0.7584
CI+MK+ER+IE,149,0.8724
CI+MK+ER+IE,150,0.69635
CI+MK+ER+IE,151,0.72655
CI+MK+ER+IE,152,0.4269
CI+MK+ER+IE,153,0.822
CI+MK+ER+IE,154,0.85295
CI+MK+ER+IE,155,0.874144
CI+MK+ER+IE,156,0.440108
CI+MK+ER+IE,157,0.662299
CI+MK+ER+IE,158,0.6289
CI+MK+ER+IE,159,0.5841
CI+MK+ER+IE,160,0.319444
CI+MK+ER+IE,161,0.593159
CI+MK+ER+IE,162,0.6123
CI+MK+ER+IE,163,0.356332
CI+MK+ER+IE,164,0.619374
CI+MK+ER+IE,165,0.70795
CI+MK+ER+IE,166,0.682734
CI+MK+ER+IE,167,0.692735
CI+MK+ER+IE,168,0.6835
CI+MK+ER+IE,169,0.713707
CI+MK+ER+IE,170,0.747762
CI+MK+ER+IE,171,0.7459
CI+MK+ER+IE,172,0.4814
CI+MK+ER+IE,173,0.6133
CI+MK+ER+IE,174,0.72995
CI+MK+ER+IE,175,0.8416
CI+MK+ER+IE,176,0.7271
CI+MK+ER+IE,177,0.86755
CI+MK+ER+IE,178,0.67545
CI+MK+ER+IE,179,0.57995
CI+MK+ER+IE,180,0.76
CI+MK+ER+IE,181,0.3913
CI+MK+ER+IE,182,0.6805
CI+MK+ER+IE,183,0.395997
CI+MK+ER+IE,184,0.78635
CI+MK+ER+IE,185,0.671784
CI+MK+ER+IE,186,0.7757
CI+MK+ER+IE,187,0.618
CI+MK+ER+IE,188,0.8162
CI+MK+ER+IE,189,0.735887
CI+MK+ER+IE,190,0.60091
CI+MK+ER+IE,191,0.784339
CI+MK+ER+IE,192,0.6355
CI+MK+ER+IE,193,0.553711
CI+MK+ER+IE,194,0.72275
CI+MK+ER+IE,195,0.75185
CI+MK+ER+IE,196,0.8014
CI+MK+ER+IE,197,0.45985
CI+MK+ER+IE,198,0.729736
CI+MK+ER+IE,199,0.077647
