mechanic,replicate,final_infected_count
None,0,3814
None,1,1204
None,2,3203
None,3,3378
None,4,380
None,5,680
None,6,1785
None,7,618
None,8,2118
None,9,3088
None,10,3919
None,11,2197
None,12,1032
None,13,1303
None,14,2057
None,15,1386
None,16,973
None,17,3485
None,18,2821
None,19,2551
None,20,4201
None,21,809
None,22,2515
None,23,1965
None,24,4208
None,25,2224
None,26,2061
None,27,2469
None,28,4232
None,29,1976
None,30,1065
None,31,2195
None,32,2706
None,33,2694
None,34,2446
None,35,4179
None,36,1538
None,37,2633
None,38,1278
None,39,1644
None,40,450
None,41,4374
None,42,3824
None,43,1685
None,44,2083
None,45,3919
None,46,1858
None,47,3308
None,48,2074
None,49,2683
None,50,4761
None,51,2775
None,52,639
None,53,2292
None,54,857
None,55,1869
None,56,2470
None,57,4674
None,58,2944
None,59,2445
None,60,4921
None,61,1778
None,62,2272
None,63,2820
None,64,2333
None,65,1119
None,66,2868
None,67,1441
None,68,2765
None,69,3155
None,70,2310
None,71,3593
None,72,3024
None,73,3708
None,74,2264
None,75,2709
None,76,3239
None,77,1428
None,78,1391
None,79,2075
None,80,1912
None,81,3148
None,82,2329
None,83,1826
None,84,2414
None,85,598
None,86,2868
None,87,1529
None,88,1650
None,89,2483
None,90,1685
None,91,1200
None,92,2269
None,93,3160
None,94,2441
None,95,2930
None,96,518
None,97,2564
None,98,2520
None,99,485
None,100,1879
None,101,1246
None,102,1549
None,103,2066
None,104,864
None,105,1610
None,106,1542
None,107,2614
None,108,1985
None,109,1231
None,110,3917
None,111,2189
None,112,3068
None,113,5731
None,114,2898
None,115,1016
None,116,806
None,117,4185
None,118,606
None,119,1432
None,120,1472
None,121,2433
None,122,2195
None,123,3305
None,124,1505
None,125,2329
None,126,2147
None,127,1974
None,128,2569
None,129,1987
None,130,903
None,131,1003
None,132,1660
None,133,1993
None,134,911
None,135,1854
None,136,2861
None,137,226
None,138,2169
None,139,1986
None,140,4054
None,141,831
None,142,2431
None,143,2125
None,144,1491
None,145,2320
None,146,3678
None,147,1157
None,148,1155
None,149,325
None,150,2814
None,151,3506
None,152,1631
None,153,3276
None,154,3062
None,155,3109
None,156,156
None,157,2166
None,158,1274
None,159,3887
None,160,1396
None,161,3143
None,162,1620
None,163,3602
None,164,2621
None,165,2040
None,166,1052
None,167,2547
None,168,2271
None,169,2247
None,170,1115
None,171,2234
None,172,2105
None,173,2033
None,174,1316
None,175,3385
None,176,1049
None,177,1168
None,178,1655
None,179,2208
None,180,1625
None,181,3517
None,182,3574
None,183,1506
None,184,2523
None,185,2019
None,186,1639
None,187,4382
None,188,2134
None,189,1847
None,190,1267
None,191,2279
None,192,3649
None,193,1131
None,194,1046
None,195,1378
None,196,4040
None,197,1670
None,198,2000
None,199,1043
IE,0,3170
IE,1,2064
IE,2,2223
IE,3,3653
IE,4,2060
IE,5,3219
IE,6,2258
IE,7,4004
IE,8,3116
IE,9,2128
IE,10,5383
IE,11,3480
IE,12,4578
IE,13,8084
IE,14,4933
IE,15,2437
IE,16,1886
IE,17,5940
IE,18,870
IE,19,2365
IE,20,2610
IE,21,4539
IE,22,3304
IE,23,4667
IE,24,2262
IE,25,3469
IE,26,3082
IE,27,3841
IE,28,4812
IE,29,3072
IE,30,1488
IE,31,3029
IE,32,2458
IE,33,3605
IE,34,1599
IE,35,3031
IE,36,3960
IE,37,290
IE,38,3518
IE,39,3241
IE,40,6612
IE,41,1959
IE,42,3938
IE,43,4015
IE,44,2025
IE,45,4189
IE,46,5339
IE,47,2362
IE,48,2069
IE,49,543
IE,50,4467
IE,51,4673
IE,52,2879
IE,53,4616
IE,54,5553
IE,55,4737
IE,56,257
IE,57,3227
IE,58,2390
IE,59,5530
IE,60,2433
IE,61,5001
IE,62,2303
IE,63,5289
IE,64,3989
IE,65,3256
IE,66,1911
IE,67,4354
IE,68,4141
IE,69,3833
IE,70,1784
IE,71,3756
IE,72,4076
IE,73,3346
IE,74,2275
IE,75,5123
IE,76,2004
IE,77,2275
IE,78,3322
IE,79,3670
IE,80,2642
IE,81,5375
IE,82,5909
IE,83,2274
IE,84,3940
IE,85,3811
IE,86,2687
IE,87,6326
IE,88,3610
IE,89,3084
IE,90,2554
IE,91,3309
IE,92,5843
IE,93,1845
IE,94,2302
IE,95,2632
IE,96,6400
IE,97,2104
IE,98,3046
IE,99,2043
IE,100,2026
IE,101,3174
IE,102,4314
IE,103,3089
IE,104,1868
IE,105,6253
IE,106,3107
IE,107,2011
IE,108,3638
IE,109,5080
IE,110,3740
IE,111,3562
IE,112,4531
IE,113,5213
IE,114,4675
IE,115,5053
IE,116,3123
IE,117,4280
IE,118,5423
IE,119,5757
IE,120,2469
IE,121,1404
IE,122,7285
IE,123,3654
IE,124,2192
IE,125,2013
IE,126,3399
IE,127,5848
IE,128,930
IE,129,569
IE,130,4966
IE,131,3705
IE,132,2300
IE,133,2906
IE,134,3193
IE,135,5941
IE,136,4952
IE,137,3306
IE,138,6009
IE,139,3533
IE,140,3664
IE,141,3837
IE,142,2622
IE,143,2589
IE,144,4833
IE,145,366
IE,146,3299
IE,147,4421
IE,148,1924
IE,149,4452
IE,150,5339
IE,151,4960
IE,152,3761
IE,153,2941
IE,154,1017
IE,155,4621
IE,156,4620
IE,157,4844
IE,158,5940
IE,159,5950
IE,160,5059
IE,161,5836
IE,162,6704
IE,163,1149
IE,164,1848
IE,165,5628
IE,166,7474
IE,167,5425
IE,168,3964
IE,169,2980
IE,170,4207
IE,171,5085
IE,172,3780
IE,173,3102
IE,174,5698
IE,175,1342
IE,176,3114
IE,177,5447
IE,178,3345
IE,179,5716
IE,180,4995
IE,181,2559
IE,182,4857
IE,183,2229
IE,184,4657
IE,185,4855
IE,186,4700
IE,187,1322
IE,188,1284
IE,189,4858
IE,190,2784
IE,191,3931
IE,192,3905
IE,193,3523
IE,194,4095
IE,195,3221
IE,196,6001
IE,197,1493
IE,198,4753
IE,199,5263
ER,0,1294
ER,1,2616
ER,2,2140
ER,3,2885
ER,4,2510
ER,5,3769
ER,6,3674
ER,7,1658
ER,8,4003
ER,9,1763
ER,10,5107
ER,11,3082
ER,12,3528
ER,13,1982
ER,14,3474
ER,15,3313
ER,16,2202
ER,17,4569
ER,18,2736
ER,19,3977
ER,20,3731
ER,21,1795
ER,22,5757
ER,23,3516
ER,24,1137
ER,25,1564
ER,26,3122
ER,27,3650
ER,28,877
ER,29,2435
ER,30,3149
ER,31,3192
ER,32,3569
ER,33,2638
ER,34,2904
ER,35,4458
ER,36,4028
ER,37,3533
ER,38,4108
ER,39,2129
ER,40,1751
ER,41,3347
ER,42,2848
ER,43,3572
ER,44,4327
ER,45,1501
ER,46,1176
ER,47,5863
ER,48,4035
ER,49,2494
ER,50,4175
ER,51,3240
ER,52,2567
ER,53,3043
ER,54,704
ER,55,3704
ER,56,3497
ER,57,3817
ER,58,4499
ER,59,2921
ER,60,2361
ER,61,651
ER,62,3857
ER,63,2234
ER,64,913
ER,65,3159
ER,66,5113
ER,67,3001
ER,68,3118
ER,69,3637
ER,70,3039
ER,71,4046
ER,72,3755
ER,73,2487
ER,74,3878
ER,75,800
ER,76,1461
ER,77,3348
ER,78,3511
ER,79,4012
ER,80,2955
ER,81,2967
ER,82,2653
ER,83,1668
ER,84,2967
ER,85,4177
ER,86,2888
ER,87,2633
ER,88,3175
ER,89,2656
ER,90,914
ER,91,2375
ER,92,2124
ER,93,2652
ER,94,2048
ER,95,2805
ER,96,4173
ER,97,2049
ER,98,2664
ER,99,4543
ER,100,2720
ER,101,2893
ER,102,3197
ER,103,2384
ER,104,3211
ER,105,5343
ER,106,3597
ER,107,3490
ER,108,6417
ER,109,3004
ER,110,1028
ER,111,4473
ER,112,3451
ER,113,2038
ER,114,4989
ER,115,4289
ER,116,2281
ER,117,2576
ER,118,4708
ER,119,2498
ER,120,3354
ER,121,3533
ER,122,2097
ER,123,2492
ER,124,3847
ER,125,3169
ER,126,5151
ER,127,3817
ER,128,3659
ER,129,3966
ER,130,1877
ER,131,3753
ER,132,5116
ER,133,3297
ER,134,3052
ER,135,3614
ER,136,1091
ER,137,2729
ER,138,369
ER,139,1701
ER,140,2667
ER,141,2142
ER,142,4121
ER,143,2081
ER,144,3190
ER,145,4753
ER,146,3390
ER,147,3031
ER,148,2955
ER,149,6440
ER,150,3612
ER,151,1292
ER,152,1149
ER,153,3296
ER,154,2252
ER,155,4606
ER,156,3111
ER,157,3666
ER,158,5589
ER,159,1506
ER,160,1908
ER,161,4924
ER,162,3231
ER,163,2772
ER,164,2631
ER,165,1933
ER,166,3369
ER,167,2092
ER,168,3317
ER,169,3727
ER,170,2931
ER,171,3719
ER,172,3301
ER,173,6399
ER,174,4163
ER,175,1868
ER,176,2553
ER,177,3891
ER,178,1986
ER,179,4663
ER,180,4811
ER,181,5177
ER,182,2930
ER,183,1740
ER,184,3697
ER,185,7630
ER,186,5007
ER,187,2998
ER,188,3166
ER,189,4931
ER,190,2440
ER,191,2678
ER,192,3344
ER,193,3203
ER,194,4114
ER,195,2337
ER,196,3963
ER,197,1746
ER,198,3698
ER,199,3058
ER+IE,0,4185
ER+IE,1,4598
ER+IE,2,4566
ER+IE,3,4211
ER+IE,4,4758
ER+IE,5,7896
ER+IE,6,5566
ER+IE,7,5398
ER+IE,8,9543
ER+IE,9,4975
ER+IE,10,2014
ER+IE,11,7029
ER+IE,12,6186
ER+IE,13,3606
ER+IE,14,6724
ER+IE,15,7483
ER+IE,16,3496
ER+IE,17,4779
ER+IE,18,7048
ER+IE,19,4467
ER+IE,20,4429
ER+IE,21,5410
ER+IE,22,3535
ER+IE,23,3844
ER+IE,24,6672
ER+IE,25,5188
ER+IE,26,7651
ER+IE,27,6128
ER+IE,28,5658
ER+IE,29,6242
ER+IE,30,2952
ER+IE,31,5626
ER+IE,32,8337
ER+IE,33,4741
ER+IE,34,4842
ER+IE,35,6321
ER+IE,36,1754
ER+IE,37,4246
ER+IE,38,556
ER+IE,39,3028
ER+IE,40,4744
ER+IE,41,3457
ER+IE,42,6008
ER+IE,43,3617
ER+IE,44,5710
ER+IE,45,7130
ER+IE,46,5142
ER+IE,47,4776
ER+IE,48,5279
ER+IE,49,8984
ER+IE,50,6024
ER+IE,51,1679
ER+IE,52,1964
ER+IE,53,5721
ER+IE,54,3754
ER+IE,55,7132
ER+IE,56,5565
ER+IE,57,6037
ER+IE,58,8353
ER+IE,59,2589
ER+IE,60,3466
ER+IE,61,6799
ER+IE,62,5955
ER+IE,63,4619
ER+IE,64,3936
ER+IE,65,3135
ER+IE,66,5399
ER+IE,67,4384
ER+IE,68,4730
ER+IE,69,5917
ER+IE,70,5046
ER+IE,71,6423
ER+IE,72,6265
ER+IE,73,8546
ER+IE,74,6043
ER+IE,75,3317
ER+IE,76,4294
ER+IE,77,5857
ER+IE,78,3013
ER+IE,79,7212
ER+IE,80,7205
ER+IE,81,7427
ER+IE,82,4978
ER+IE,83,3449
ER+IE,84,5820
ER+IE,85,10649
ER+IE,86,7176
ER+IE,87,5112
ER+IE,88,5273
ER+IE,89,7172
ER+IE,90,3892
ER+IE,91,3916
ER+IE,92,5094
ER+IE,93,5003
ER+IE,94,6656
ER+IE,95,4435
ER+IE,96,5995
ER+IE,97,3452
ER+IE,98,6231
ER+IE,99,3477
ER+IE,100,5656
ER+IE,101,3306
ER+IE,102,4036
ER+IE,103,6105
ER+IE,104,6963
ER+IE,105,6736
ER+IE,106,6211
ER+IE,107,3590
ER+IE,108,2384
ER+IE,109,2439
ER+IE,110,4296
ER+IE,111,5998
ER+IE,112,4625
ER+IE,113,6541
ER+IE,114,4421
ER+IE,115,4441
ER+IE,116,2447
ER+IE,117,5592
ER+IE,118,6195
ER+IE,119,6977
ER+IE,120,7658
ER+IE,121,4589
ER+IE,122,7838
ER+IE,123,5467
ER+IE,124,4931
ER+IE,125,4979
ER+IE,126,1589
ER+IE,127,4253
ER+IE,128,6860
ER+IE,129,4588
ER+IE,130,5121
ER+IE,131,8167
ER+IE,132,2660
ER+IE,133,3444
ER+IE,134,3785
ER+IE,135,6050
ER+IE,136,3815
ER+IE,137,4543
ER+IE,138,7334
ER+IE,139,7177
ER+IE,140,3208
ER+IE,141,3626
ER+IE,142,7462
ER+IE,143,4509
ER+IE,144,6047
ER+IE,145,6144
ER+IE,146,3620
ER+IE,147,4093
ER+IE,148,5029
ER+IE,149,5862
ER+IE,150,3522
ER+IE,151,5124
ER+IE,152,8632
ER+IE,153,5988
ER+IE,154,5858
ER+IE,155,6244
ER+IE,156,3191
ER+IE,157,7219
ER+IE,158,6841
ER+IE,159,7826
ER+IE,160,4877
ER+IE,161,1369
ER+IE,162,4545
ER+IE,163,2241
ER+IE,164,7637
ER+IE,165,6597
ER+IE,166,6100
ER+IE,167,4889
ER+IE,168,6809
ER+IE,169,2646
ER+IE,170,6299
ER+IE,171,4662
ER+IE,172,2466
ER+IE,173,6880
ER+IE,174,4673
ER+IE,175,4086
ER+IE,176,4499
ER+IE,177,4247
ER+IE,178,2013
ER+IE,179,6863
ER+IE,180,4027
ER+IE,181,3921
ER+IE,182,1726
ER+IE,183,2084
ER+IE,184,3580
ER+IE,185,3946
ER+IE,186,7694
ER+IE,187,2245
ER+IE,188,5121
ER+IE,189,5493
ER+IE,190,7404
ER+IE,191,5673
ER+IE,192,4574
ER+IE,193,2698
ER+IE,194,2539
ER+IE,195,2435
ER+IE,196,2279
ER+IE,197,3939
ER+IE,198,6841
ER+IE,199,3637
MK,0,5085
MK,1,7073
MK,2,6377
MK,3,4668
MK,4,12139
MK,5,6851
MK,6,9961
MK,7,4287
MK,8,7514
MK,9,8288
MK,10,5478
MK,11,9377
MK,12,8754
MK,13,7429
MK,14,3680
MK,15,4049
MK,16,2148
MK,17,8606
MK,18,7494
MK,19,3978
MK,20,4003
MK,21,6101
MK,22,7553
MK,23,7953
MK,24,5901
MK,25,7761
MK,26,9129
MK,27,9633
MK,28,6617
MK,29,1172
MK,30,6809
MK,31,12122
MK,32,2653
MK,33,4337
MK,34,2721
MK,35,6749
MK,36,4894
MK,37,8310
MK,38,7835
MK,39,11395
MK,40,5991
MK,41,3315
MK,42,6257
MK,43,5852
MK,44,3760
MK,45,6606
MK,46,10002
MK,47,5182
MK,48,7369
MK,49,6094
MK,50,6042
MK,51,8895
MK,52,5576
MK,53,6100
MK,54,9162
MK,55,5168
MK,56,7181
MK,57,8476
MK,58,6372
MK,59,6332
MK,60,7082
MK,61,7775
MK,62,7722
MK,63,3840
MK,64,8569
MK,65,6927
MK,66,9713
MK,67,8486
MK,68,10199
MK,69,3012
MK,70,6368
MK,71,4688
MK,72,3876
MK,73,7108
MK,74,6362
MK,75,2661
MK,76,4651
MK,77,10328
MK,78,1984
MK,79,7301
MK,80,9427
MK,81,8428
MK,82,1006
MK,83,1130
MK,84,6525
MK,85,5249
MK,86,12460
MK,87,5516
MK,88,3640
MK,89,10109
MK,90,9866
MK,91,10309
MK,92,4962
MK,93,4552
MK,94,781
MK,95,1995
MK,96,3818
MK,97,3885
MK,98,3577
MK,99,5898
MK,100,9934
MK,101,3585
MK,102,9861
MK,103,7396
MK,104,3717
MK,105,6029
MK,106,6329
MK,107,5637
MK,108,10356
MK,109,5289
MK,110,7948
MK,111,6166
MK,112,4847
MK,113,5184
MK,114,6194
MK,115,6335
MK,116,7361
MK,117,4776
MK,118,9880
MK,119,9202
MK,120,7736
MK,121,11269
MK,122,1724
MK,123,4544
MK,124,5205
MK,125,8044
MK,126,5487
MK,127,3849
MK,128,3882
MK,129,7229
MK,130,8108
MK,131,912
MK,132,4635
MK,133,6777
MK,134,1660
MK,135,3311
MK,136,5297
MK,137,6444
MK,138,11336
MK,139,3254
MK,140,6446
MK,141,6599
MK,142,7952
MK,143,5910
MK,144,4515
MK,145,8234
MK,146,9317
MK,147,9123
MK,148,5367
MK,149,5105
MK,150,9789
MK,151,5227
MK,152,2480
MK,153,4802
MK,154,7799
MK,155,5906
MK,156,7751
MK,157,6982
MK,158,3698
MK,159,8620
MK,160,7323
MK,161,7874
MK,162,9705
MK,163,7245
MK,164,4682
MK,165,8304
MK,166,9064
MK,167,10250
MK,168,5350
MK,169,5373
MK,170,5861
MK,171,2937
MK,172,6601
MK,173,9274
MK,174,6272
MK,175,7545
MK,176,5980
MK,177,3994
MK,178,5332
MK,179,10750
MK,180,4117
MK,181,6849
MK,182,7130
MK,183,7389
MK,184,2209
MK,185,11076
MK,186,9934
MK,187,6578
MK,188,2858
MK,189,8492
MK,190,2618
MK,191,7387
MK,192,4812
MK,193,8413
MK,194,4722
MK,195,9071
MK,196,3594
MK,197,7795
MK,198,6241
MK,199,8292
MK+IE,0,12807
MK+IE,1,5732
MK+IE,2,13272
MK+IE,3,11247
MK+IE,4,5915
MK+IE,5,9541
MK+IE,6,9495
MK+IE,7,8658
MK+IE,8,13529
MK+IE,9,8544
MK+IE,10,11420
MK+IE,11,9152
MK+IE,12,8304
MK+IE,13,8945
MK+IE,14,9444
MK+IE,15,9636
MK+IE,16,11720
MK+IE,17,7415
MK+IE,18,14227
MK+IE,19,12946
MK+IE,20,10804
MK+IE,21,13912
MK+IE,22,3009
MK+IE,23,7047
MK+IE,24,6480
MK+IE,25,11364
MK+IE,26,8843
MK+IE,27,6858
MK+IE,28,6482
MK+IE,29,11107
MK+IE,30,12526
MK+IE,31,1786
MK+IE,32,7384
MK+IE,33,10048
MK+IE,34,2524
MK+IE,35,6869
MK+IE,36,9059
MK+IE,37,10286
MK+IE,38,14882
MK+IE,39,6193
MK+IE,40,10522
MK+IE,41,10398
MK+IE,42,11468
MK+IE,43,9086
MK+IE,44,6396
MK+IE,45,11740
MK+IE,46,13532
MK+IE,47,12672
MK+IE,48,8374
MK+IE,49,8067
MK+IE,50,13535
MK+IE,51,7902
MK+IE,52,4261
MK+IE,53,7872
MK+IE,54,10320
MK+IE,55,9352
MK+IE,56,10399
MK+IE,57,10183
MK+IE,58,6585
MK+IE,59,12586
MK+IE,60,10521
MK+IE,61,12071
MK+IE,62,12902
MK+IE,63,11643
MK+IE,64,6963
MK+IE,65,10917
MK+IE,66,12429
MK+IE,67,13401
MK+IE,68,9333
MK+IE,69,8373
MK+IE,70,9659
MK+IE,71,5681
MK+IE,72,9869
MK+IE,73,12839
MK+IE,74,9443
MK+IE,75,10759
MK+IE,76,9436
MK+IE,77,5677
MK+IE,78,8755
MK+IE,79,13844
MK+IE,80,6490
MK+IE,81,10071
MK+IE,82,10495
MK+IE,83,11143
MK+IE,84,3850
MK+IE,85,14581
MK+IE,86,12963
MK+IE,87,9675
MK+IE,88,5081
MK+IE,89,12237
MK+IE,90,4472
MK+IE,91,10877
MK+IE,92,8079
MK+IE,93,12100
MK+IE,94,6442
MK+IE,95,12655
MK+IE,96,6031
MK+IE,97,11753
MK+IE,98,9211
MK+IE,99,11901
MK+IE,100,4040
MK+IE,101,9146
MK+IE,102,5050
MK+IE,103,6322
MK+IE,104,14766
MK+IE,105,12019
MK+IE,106,9084
MK+IE,107,10539
MK+IE,108,11407
MK+IE,109,10993
MK+IE,110,7650
MK+IE,111,14410
MK+IE,112,8500
MK+IE,113,2655
MK+IE,114,12315
MK+IE,115,4678
MK+IE,116,8518
MK+IE,117,10876
MK+IE,118,10687
MK+IE,119,8451
MK+IE,120,5342
MK+IE,121,3822
MK+IE,122,7618
MK+IE,123,11673
MK+IE,124,11169
MK+IE,125,6932
MK+IE,126,8995
MK+IE,127,11408
MK+IE,128,6822
MK+IE,129,9254
MK+IE,130,9936
MK+IE,131,6977
MK+IE,132,8265
MK+IE,133,8999
MK+IE,134,12857
MK+IE,135,14751
MK+IE,136,10564
MK+IE,137,8410
MK+IE,138,8822
MK+IE,139,6987
MK+IE,140,11339
MK+IE,141,13618
MK+IE,142,6048
MK+IE,143,9023
MK+IE,144,10024
MK+IE,145,10611
MK+IE,146,12278
MK+IE,147,13326
MK+IE,148,11800
MK+IE,149,11689
MK+IE,150,6877
MK+IE,151,9211
MK+IE,152,13643
MK+IE,153,9669
MK+IE,154,10716
MK+IE,155,14446
MK+IE,156,10179
MK+IE,157,10282
MK+IE,158,7005
MK+IE,159,10370
MK+IE,160,10023
MK+IE,161,14159
MK+IE,162,9189
MK+IE,163,10890
MK+IE,164,11980
MK+IE,165,12693
MK+IE,166,10655
MK+IE,167,10892
MK+IE,168,9977
MK+IE,169,5795
MK+IE,170,5212
MK+IE,171,8577
MK+IE,172,9515
MK+IE,173,10818
MK+IE,174,10002
MK+IE,175,7273
MK+IE,176,4731
MK+IE,177,10311
MK+IE,178,11331
MK+IE,179,10041
MK+IE,180,8469
MK+IE,181,9143
MK+IE,182,6789
MK+IE,183,13081
MK+IE,184,9302
MK+IE,185,12211
MK+IE,186,11912
MK+IE,187,10337
MK+IE,188,3986
MK+IE,189,10227
MK+IE,190,12110
MK+IE,191,13406
MK+IE,192,8750
MK+IE,193,9645
MK+IE,194,10269
MK+IE,195,9707
MK+IE,196,7884
MK+IE,197,1274
MK+IE,198,9816
MK+IE,199,13998
MK+ER,0,2612
MK+ER,1,9964
MK+ER,2,2416
MK+ER,3,5723
MK+ER,4,13120
MK+ER,5,7000
MK+ER,6,5724
MK+ER,7,8628
MK+ER,8,8865
MK+ER,9,7949
MK+ER,10,7633
MK+ER,11,12467
MK+ER,12,6907
MK+ER,13,2144
MK+ER,14,8897
MK+ER,15,8745
MK+ER,16,12684
MK+ER,17,9264
MK+ER,18,8496
MK+ER,19,8974
MK+ER,20,8447
MK+ER,21,9677
MK+ER,22,4756
MK+ER,23,8595
MK+ER,24,9814
MK+ER,25,7575
MK+ER,26,12813
MK+ER,27,7260
MK+ER,28,9434
MK+ER,29,9438
MK+ER,30,8634
MK+ER,31,6569
MK+ER,32,3647
MK+ER,33,9314
MK+ER,34,11519
MK+ER,35,8143
MK+ER,36,8876
MK+ER,37,6893
MK+ER,38,8145
MK+ER,39,4230
MK+ER,40,5146
MK+ER,41,10461
MK+ER,42,8191
MK+ER,43,10364
MK+ER,44,8929
MK+ER,45,10642
MK+ER,46,11700
MK+ER,47,11867
MK+ER,48,7970
MK+ER,49,10035
MK+ER,50,9933
MK+ER,51,9206
MK+ER,52,8345
MK+ER,53,6416
MK+ER,54,6918
MK+ER,55,13679
MK+ER,56,6321
MK+ER,57,12371
MK+ER,58,3600
MK+ER,59,8874
MK+ER,60,5089
MK+ER,61,10798
MK+ER,62,9705
MK+ER,63,6642
MK+ER,64,9339
MK+ER,65,5336
MK+ER,66,10898
MK+ER,67,11721
MK+ER,68,11225
MK+ER,69,4144
MK+ER,70,5076
MK+ER,71,6385
MK+ER,72,9447
MK+ER,73,8038
MK+ER,74,10074
MK+ER,75,5873
MK+ER,76,4330
MK+ER,77,10440
MK+ER,78,9427
MK+ER,79,8807
MK+ER,80,7082
MK+ER,81,6368
MK+ER,82,5186
MK+ER,83,10331
MK+ER,84,8615
MK+ER,85,11282
MK+ER,86,13996
MK+ER,87,9119
MK+ER,88,9112
MK+ER,89,8884
MK+ER,90,7701
MK+ER,91,8564
MK+ER,92,6696
MK+ER,93,9651
MK+ER,94,7213
MK+ER,95,2755
MK+ER,96,8218
MK+ER,97,7698
MK+ER,98,9067
MK+ER,99,10191
MK+ER,100,8665
MK+ER,101,9955
MK+ER,102,3521
MK+ER,103,9261
MK+ER,104,4906
MK+ER,105,7750
MK+ER,106,8129
MK+ER,107,8638
MK+ER,108,6453
MK+ER,109,4335
MK+ER,110,5910
MK+ER,111,6851
MK+ER,112,8144
MK+ER,113,11277
MK+ER,114,12100
MK+ER,115,11983
MK+ER,116,9489
MK+ER,117,9176
MK+ER,118,10595
MK+ER,119,10864
MK+ER,120,9209
MK+ER,121,6293
MK+ER,122,9968
MK+ER,123,6170
MK+ER,124,10236
MK+ER,125,5349
MK+ER,126,2439
MK+ER,127,7683
MK+ER,128,6948
MK+ER,129,7995
MK+ER,130,9908
MK+ER,131,1302
MK+ER,132,7015
MK+ER,133,12113
MK+ER,134,5529
MK+ER,135,7606
MK+ER,136,6680
MK+ER,137,8952
MK+ER,138,10017
MK+ER,139,8265
MK+ER,140,10609
MK+ER,141,4691
MK+ER,142,8942
MK+ER,143,9499
MK+ER,144,12968
MK+ER,145,11011
MK+ER,146,7158
MK+ER,147,10999
MK+ER,148,9763
MK+ER,149,6559
MK+ER,150,9382
MK+ER,151,9356
MK+ER,152,5345
MK+ER,153,8802
MK+ER,154,10615
MK+ER,155,6879
MK+ER,156,6206
MK+ER,157,4494
MK+ER,158,2056
MK+ER,159,3865
MK+ER,160,10941
MK+ER,161,9973
MK+ER,162,8749
MK+ER,163,8208
MK+ER,164,7552
MK+ER,165,6232
MK+ER,166,9516
MK+ER,167,5699
MK+ER,168,9040
MK+ER,169,11171
MK+ER,170,9306
MK+ER,171,6817
MK+ER,172,10008
MK+ER,173,7296
MK+ER,174,11340
MK+ER,175,5169
MK+ER,176,8814
MK+ER,177,3576
MK+ER,178,7627
MK+ER,179,7117
MK+ER,180,10454
MK+ER,181,8372
MK+ER,182,9753
MK+ER,183,9877
MK+ER,184,8412
MK+ER,185,6337
MK+ER,186,10078
MK+ER,187,9826
MK+ER,188,6817
MK+ER,189,7317
MK+ER,190,10227
MK+ER,191,8903
MK+ER,192,7950
MK+ER,193,9434
MK+ER,194,7018
MK+ER,195,3898
MK+ER,196,5658
MK+ER,197,7141
MK+ER,198,7539
MK+ER,199,9415
MK+ER+IE,0,11730
MK+ER+IE,1,13135
MK+ER+IE,2,5726
MK+ER+IE,3,12554
MK+ER+IE,4,8077
MK+ER+IE,5,11824
MK+ER+IE,6,11973
MK+ER+IE,7,11624
MK+ER+IE,8,9603
MK+ER+IE,9,6961
MK+ER+IE,10,9412
MK+ER+IE,11,9562
MK+ER+IE,12,11781
MK+ER+IE,13,14667
MK+ER+IE,14,14840
MK+ER+IE,15,15036
MK+ER+IE,16,12593
MK+ER+IE,17,10949
MK+ER+IE,18,14233
MK+ER+IE,19,13595
MK+ER+IE,20,13185
MK+ER+IE,21,9793
MK+ER+IE,22,13771
MK+ER+IE,23,8858
MK+ER+IE,24,13363
MK+ER+IE,25,9703
MK+ER+IE,26,4895
MK+ER+IE,27,11025
MK+ER+IE,28,11187
MK+ER+IE,29,11711
MK+ER+IE,30,13127
MK+ER+IE,31,2371
MK+ER+IE,32,10509
MK+ER+IE,33,15503
MK+ER+IE,34,8254
MK+ER+IE,35,12009
MK+ER+IE,36,10188
MK+ER+IE,37,12742
MK+ER+IE,38,12868
MK+ER+IE,39,11993
MK+ER+IE,40,13920
MK+ER+IE,41,7472
MK+ER+IE,42,11724
MK+ER+IE,43,12693
MK+ER+IE,44,15455
MK+ER+IE,45,14382
MK+ER+IE,46,9504
MK+ER+IE,47,14166
MK+ER+IE,48,13113
MK+ER+IE,49,9245
MK+ER+IE,50,12928
MK+ER+IE,51,12926
MK+ER+IE,52,7786
MK+ER+IE,53,12179
MK+ER+IE,54,13689
MK+ER+IE,55,9926
MK+ER+IE,56,10272
MK+ER+IE,57,7802
MK+ER+IE,58,4054
MK+ER+IE,59,7875
MK+ER+IE,60,13786
MK+ER+IE,61,12745
MK+ER+IE,62,11882
MK+ER+IE,63,12003
MK+ER+IE,64,10475
MK+ER+IE,65,9251
MK+ER+IE,66,13526
MK+ER+IE,67,8008
MK+ER+IE,68,12498
MK+ER+IE,69,14665
MK+ER+IE,70,13149
MK+ER+IE,71,10223
MK+ER+IE,72,13256
MK+ER+IE,73,10860
MK+ER+IE,74,14648
MK+ER+IE,75,9103
MK+ER+IE,76,11617
MK+ER+IE,77,5447
MK+ER+IE,78,10338
MK+ER+IE,79,9864
MK+ER+IE,80,14031
MK+ER+IE,81,11931
MK+ER+IE,82,13831
MK+ER+IE,83,12813
MK+ER+IE,84,12071
MK+ER+IE,85,9926
MK+ER+IE,86,13068
MK+ER+IE,87,13000
MK+ER+IE,88,9903
MK+ER+IE,89,11219
MK+ER+IE,90,13618
MK+ER+IE,91,12193
MK+ER+IE,92,11357
MK+ER+IE,93,13579
MK+ER+IE,94,9846
MK+ER+IE,95,7550
MK+ER+IE,96,9927
MK+ER+IE,97,10475
MK+ER+IE,98,9922
MK+ER+IE,99,12499
MK+ER+IE,100,14372
MK+ER+IE,101,8466
MK+ER+IE,102,12434
MK+ER+IE,103,13930
MK+ER+IE,104,11257
MK+ER+IE,105,10443
MK+ER+IE,106,11729
MK+ER+IE,107,12144
MK+ER+IE,108,9904
MK+ER+IE,109,12857
MK+ER+IE,110,10551
MK+ER+IE,111,12036
MK+ER+IE,112,9302
MK+ER+IE,113,13601
MK+ER+IE,114,11056
MK+ER+IE,115,15394
MK+ER+IE,116,10415
MK+ER+IE,117,12589
MK+ER+IE,118,10609
MK+ER+IE,119,11871
MK+ER+IE,120,13004
MK+ER+IE,121,13883
MK+ER+IE,122,6256
MK+ER+IE,123,13893
MK+ER+IE,124,11181
MK+ER+IE,125,12258
MK+ER+IE,126,13490
MK+ER+IE,127,12469
MK+ER+IE,128,11586
MK+ER+IE,129,12511
MK+ER+IE,130,7119
MK+ER+IE,131,11822
MK+ER+IE,132,13857
MK+ER+IE,133,10808
MK+ER+IE,134,15059
MK+ER+IE,135,12020
MK+ER+IE,136,10964
MK+ER+IE,137,12902
MK+ER+IE,138,9811
MK+ER+IE,139,9780
MK+ER+IE,140,15222
MK+ER+IE,141,10266
MK+ER+IE,142,9652
MK+ER+IE,143,11232
MK+ER+IE,144,14556
MK+ER+IE,145,13389
MK+ER+IE,146,9931
MK+ER+IE,147,12437
MK+ER+IE,148,14585
MK+ER+IE,149,14646
MK+ER+IE,150,2559
MK+ER+IE,151,10506
MK+ER+IE,152,10870
MK+ER+IE,153,9803
MK+ER+IE,154,12394
MK+ER+IE,155,13277
MK+ER+IE,156,11734
MK+ER+IE,157,8764
MK+ER+IE,158,12976
MK+ER+IE,159,10207
MK+ER+IE,160,13865
MK+ER+IE,161,9518
MK+ER+IE,162,11170
MK+ER+IE,163,10789
MK+ER+IE,164,7864
MK+ER+IE,165,11490
MK+ER+IE,166,14052
MK+ER+IE,167,7423
MK+ER+IE,168,14675
MK+ER+IE,169,13125
MK+ER+IE,170,8880
MK+ER+IE,171,13446
MK+ER+IE,172,7670
MK+ER+IE,173,14486
MK+ER+IE,174,9879
MK+ER+IE,175,563
MK+ER+IE,176,11923
MK+ER+IE,177,7829
MK+ER+IE,178,11128
MK+ER+IE,179,11817
MK+ER+IE,180,12447
MK+ER+IE,181,743
MK+ER+IE,182,13563
MK+ER+IE,183,7421
MK+ER+IE,184,12084
MK+ER+IE,185,14216
MK+ER+IE,186,11124
MK+ER+IE,187,14706
MK+ER+IE,188,12693
MK+ER+IE,189,7013
MK+ER+IE,190,11509
MK+ER+IE,191,14580
MK+ER+IE,192,9304
MK+ER+IE,193,14622
MK+ER+IE,194,13253
MK+ER+IE,195,13369
MK+ER+IE,196,12949
MK+ER+IE,197,11719
MK+ER+IE,198,13269
MK+ER+IE,199,12862
CI,0,2919
CI,1,2022
CI,2,3349
CI,3,4364
CI,4,2190
CI,5,717
CI,6,2914
CI,7,2379
CI,8,1499
CI,9,3472
CI,10,1602
CI,11,4896
CI,12,1846
CI,13,3804
CI,14,3856
CI,15,3805
CI,16,1547
CI,17,4358
CI,18,3665
CI,19,8843
CI,20,2509
CI,21,4470
CI,22,2942
CI,23,1787
CI,24,1777
CI,25,2882
CI,26,1487
CI,27,2813
CI,28,3373
CI,29,3307
CI,30,1756
CI,31,2323
CI,32,4885
CI,33,442
CI,34,3294
CI,35,1751
CI,36,3096
CI,37,1518
CI,38,1746
CI,39,1242
CI,40,1847
CI,41,1642
CI,42,3721
CI,43,2102
CI,44,2685
CI,45,2108
CI,46,1560
CI,47,3476
CI,48,8062
CI,49,4000
CI,50,1402
CI,51,1930
CI,52,2626
CI,53,2517
CI,54,1825
CI,55,2257
CI,56,5215
CI,57,3259
CI,58,3750
CI,59,4817
CI,60,2494
CI,61,1081
CI,62,1898
CI,63,2066
CI,64,1874
CI,65,2695
CI,66,4111
CI,67,2429
CI,68,2619
CI,69,2606
CI,70,1368
CI,71,3860
CI,72,3511
CI,73,5271
CI,74,3253
CI,75,2228
CI,76,2860
CI,77,1329
CI,78,3260
CI,79,2166
CI,80,5331
CI,81,3780
CI,82,2988
CI,83,1879
CI,84,1108
CI,85,3245
CI,86,2849
CI,87,3875
CI,88,2086
CI,89,6716
CI,90,3633
CI,91,333
CI,92,2295
CI,93,3622
CI,94,3108
CI,95,1398
CI,96,1402
CI,97,2999
CI,98,4726
CI,99,1886
CI,100,2569
CI,101,2023
CI,102,1248
CI,103,2506
CI,104,2681
CI,105,4248
CI,106,1915
CI,107,2390
CI,108,3254
CI,109,2094
CI,110,2375
CI,111,1838
CI,112,692
CI,113,6117
CI,114,3239
CI,115,1083
CI,116,3636
CI,117,1496
CI,118,3434
CI,119,1604
CI,120,1291
CI,121,2073
CI,122,1955
CI,123,3457
CI,124,3437
CI,125,2705
CI,126,1461
CI,127,1129
CI,128,3136
CI,129,3656
CI,130,2708
CI,131,2593
CI,132,5145
CI,133,2891
CI,134,2545
CI,135,2261
CI,136,1133
CI,137,4220
CI,138,1648
CI,139,340
CI,140,844
CI,141,1152
CI,142,2384
CI,143,1690
CI,144,358
CI,145,1543
CI,146,1427
CI,147,2641
CI,148,5028
CI,149,2779
CI,150,2880
CI,151,454
CI,152,2121
CI,153,3655
CI,154,3358
CI,155,4736
CI,156,3171
CI,157,1303
CI,158,2357
CI,159,6922
CI,160,1690
CI,161,735
CI,162,595
CI,163,1518
CI,164,3054
CI,165,2136
CI,166,1792
CI,167,4369
CI,168,2697
CI,169,5086
CI,170,2628
CI,171,3771
CI,172,2802
CI,173,1270
CI,174,2758
CI,175,1378
CI,176,4394
CI,177,4729
CI,178,412
CI,179,4983
CI,180,2265
CI,181,5318
CI,182,3698
CI,183,2751
CI,184,55
CI,185,2337
CI,186,4806
CI,187,3284
CI,188,4131
CI,189,3569
CI,190,3573
CI,191,1202
CI,192,4521
CI,193,3355
CI,194,1963
CI,195,1368
CI,196,3403
CI,197,285
CI,198,2301
CI,199,3340
CI+IE,0,4395
CI+IE,1,3817
CI+IE,2,2663
CI+IE,3,4956
CI+IE,4,5536
CI+IE,5,6458
CI+IE,6,3550
CI+IE,7,4040
CI+IE,8,5430
CI+IE,9,4491
CI+IE,10,4275
CI+IE,11,4099
CI+IE,12,1309
CI+IE,13,8798
CI+IE,14,6054
CI+IE,15,1805
CI+IE,16,5831
CI+IE,17,3511
CI+IE,18,5948
CI+IE,19,2793
CI+IE,20,2109
CI+IE,21,3561
CI+IE,22,3516
CI+IE,23,4896
CI+IE,24,5185
CI+IE,25,4543
CI+IE,26,2342
CI+IE,27,2245
CI+IE,28,6105
CI+IE,29,5658
CI+IE,30,4921
CI+IE,31,4217
CI+IE,32,7021
CI+IE,33,4554
CI+IE,34,4761
CI+IE,35,4199
CI+IE,36,1939
CI+IE,37,6071
CI+IE,38,3627
CI+IE,39,355
CI+IE,40,1787
CI+IE,41,1462
CI+IE,42,4542
CI+IE,43,3825
CI+IE,44,998
CI+IE,45,2369
CI+IE,46,2450
CI+IE,47,4121
CI+IE,48,7564
CI+IE,49,5394
CI+IE,50,5117
CI+IE,51,635
CI+IE,52,2833
CI+IE,53,6613
CI+IE,54,6272
CI+IE,55,8537
CI+IE,56,6878
CI+IE,57,2388
CI+IE,58,3955
CI+IE,59,11398
CI+IE,60,3238
CI+IE,61,2765
CI+IE,62,1191
CI+IE,63,1860
CI+IE,64,5179
CI+IE,65,4216
CI+IE,66,3682
CI+IE,67,7979
CI+IE,68,4929
CI+IE,69,9093
CI+IE,70,5035
CI+IE,71,6400
CI+IE,72,4806
CI+IE,73,2997
CI+IE,74,4349
CI+IE,75,2537
CI+IE,76,7579
CI+IE,77,8488
CI+IE,78,999
CI+IE,79,7894
CI+IE,80,3160
CI+IE,81,8511
CI+IE,82,6132
CI+IE,83,5270
CI+IE,84,113
CI+IE,85,5353
CI+IE,86,7124
CI+IE,87,6027
CI+IE,88,6159
CI+IE,89,5887
CI+IE,90,5133
CI+IE,91,2143
CI+IE,92,7961
CI+IE,93,4210
CI+IE,94,3837
CI+IE,95,2919
CI+IE,96,5156
CI+IE,97,495
CI+IE,98,3662
CI+IE,99,5588
CI+IE,100,3398
CI+IE,101,3396
CI+IE,102,6156
CI+IE,103,3608
CI+IE,104,6424
CI+IE,105,4807
CI+IE,106,11276
CI+IE,107,7034
CI+IE,108,5027
CI+IE,109,3129
CI+IE,110,2817
CI+IE,111,4852
CI+IE,112,4577
CI+IE,113,6330
CI+IE,114,5034
CI+IE,115,3760
CI+IE,116,5880
CI+IE,117,6075
CI+IE,118,2531
CI+IE,119,3972
CI+IE,120,9855
CI+IE,121,10042
CI+IE,122,795
CI+IE,123,7820
CI+IE,124,5893
CI+IE,125,5351
CI+IE,126,6556
CI+IE,127,5641
CI+IE,128,8646
CI+IE,129,4754
CI+IE,130,7086
CI+IE,131,6996
CI+IE,132,2829
CI+IE,133,4780
CI+IE,134,7752
CI+IE,135,6834
CI+IE,136,7398
CI+IE,137,7487
CI+IE,138,4730
CI+IE,139,3951
CI+IE,140,6451
CI+IE,141,4789
CI+IE,142,2141
CI+IE,143,8673
CI+IE,144,9755
CI+IE,145,4329
CI+IE,146,2818
CI+IE,147,3079
CI+IE,148,7018
CI+IE,149,5682
CI+IE,150,3591
CI+IE,151,1633
CI+IE,152,2513
CI+IE,153,5989
CI+IE,154,2540
CI+IE,155,6881
CI+IE,156,4699
CI+IE,157,5482
CI+IE,158,4290
CI+IE,159,938
CI+IE,160,1089
CI+IE,161,3177
CI+IE,162,11230
CI+IE,163,2604
CI+IE,164,9206
CI+IE,165,7525
CI+IE,166,5971
CI+IE,167,9683
CI+IE,168,3657
CI+IE,169,7833
CI+IE,170,3491
CI+IE,171,3312
CI+IE,172,3837
CI+IE,173,6139
CI+IE,174,9501
CI+IE,175,5326
CI+IE,176,8635
CI+IE,177,5386
CI+IE,178,6073
CI+IE,179,9253
CI+IE,180,4163
CI+IE,181,6094
CI+IE,182,8333
CI+IE,183,2835
CI+IE,184,3503
CI+IE,185,3426
CI+IE,186,398
CI+IE,187,3638
CI+IE,188,6951
CI+IE,189,4778
CI+IE,190,5924
CI+IE,191,10464
CI+IE,192,5558
CI+IE,193,6464
CI+IE,194,6925
CI+IE,195,9281
CI+IE,196,3927
CI+IE,197,3441
CI+IE,198,8864
CI+IE,199,3421
CI+ER,0,3839
CI+ER,1,5667
CI+ER,2,6313
CI+ER,3,1703
CI+ER,4,11683
CI+ER,5,4798
CI+ER,6,4584
CI+ER,7,3995
CI+ER,8,4283
CI+ER,9,4998
CI+ER,10,3277
CI+ER,11,5317
CI+ER,12,6278
CI+ER,13,4592
CI+ER,14,2799
CI+ER,15,2892
CI+ER,16,2256
CI+ER,17,4937
CI+ER,18,3095
CI+ER,19,2190
CI+ER,20,4379
CI+ER,21,4675
CI+ER,22,2497
CI+ER,23,2363
CI+ER,24,5450
CI+ER,25,6462
CI+ER,26,4781
CI+ER,27,4906
CI+ER,28,5214
CI+ER,29,4637
CI+ER,30,4012
CI+ER,31,3674
CI+ER,32,5411
CI+ER,33,5863
CI+ER,34,5025
CI+ER,35,3164
CI+ER,36,5667
CI+ER,37,7924
CI+ER,38,1619
CI+ER,39,6927
CI+ER,40,4319
CI+ER,41,2791
CI+ER,42,1675
CI+ER,43,2792
CI+ER,44,1656
CI+ER,45,2523
CI+ER,46,3876
CI+ER,47,3391
CI+ER,48,4348
CI+ER,49,3225
CI+ER,50,5621
CI+ER,51,4355
CI+ER,52,1312
CI+ER,53,5138
CI+ER,54,685
CI+ER,55,3012
CI+ER,56,6227
CI+ER,57,4444
CI+ER,58,3083
CI+ER,59,3947
CI+ER,60,3330
CI+ER,61,8270
CI+ER,62,8138
CI+ER,63,2480
CI+ER,64,4332
CI+ER,65,5392
CI+ER,66,2500
CI+ER,67,5764
CI+ER,68,3038
CI+ER,69,5497
CI+ER,70,3191
CI+ER,71,3734
CI+ER,72,2044
CI+ER,73,3530
CI+ER,74,6898
CI+ER,75,4578
CI+ER,76,6548
CI+ER,77,1779
CI+ER,78,5093
CI+ER,79,5360
CI+ER,80,3638
CI+ER,81,3072
CI+ER,82,4871
CI+ER,83,5290
CI+ER,84,2323
CI+ER,85,4591
CI+ER,86,1115
CI+ER,87,5565
CI+ER,88,6769
CI+ER,89,4951
CI+ER,90,5743
CI+ER,91,4895
CI+ER,92,5709
CI+ER,93,6088
CI+ER,94,8673
CI+ER,95,1997
CI+ER,96,3560
CI+ER,97,3056
CI+ER,98,2604
CI+ER,99,5481
CI+ER,100,5706
CI+ER,101,5063
CI+ER,102,5674
CI+ER,103,2020
CI+ER,104,1588
CI+ER,105,2072
CI+ER,106,5097
CI+ER,107,7689
CI+ER,108,3806
CI+ER,109,4127
CI+ER,110,3200
CI+ER,111,4127
CI+ER,112,4194
CI+ER,113,2083
CI+ER,114,3642
CI+ER,115,1885
CI+ER,116,4870
CI+ER,117,5696
CI+ER,118,4654
CI+ER,119,4773
CI+ER,120,4076
CI+ER,121,4231
CI+ER,122,5796
CI+ER,123,9645
CI+ER,124,4269
CI+ER,125,2100
CI+ER,126,2346
CI+ER,127,6824
CI+ER,128,5020
CI+ER,129,3446
CI+ER,130,4363
CI+ER,131,5146
CI+ER,132,4665
CI+ER,133,3070
CI+ER,134,1812
CI+ER,135,4395
CI+ER,136,1849
CI+ER,137,1876
CI+ER,138,3657
CI+ER,139,3999
CI+ER,140,3438
CI+ER,141,3762
CI+ER,142,1283
CI+ER,143,940
CI+ER,144,4287
CI+ER,145,3907
CI+ER,146,4649
CI+ER,147,3235
CI+ER,148,1764
CI+ER,149,4588
CI+ER,150,6413
CI+ER,151,3963
CI+ER,152,4308
CI+ER,153,2110
CI+ER,154,7131
CI+ER,155,828
CI+ER,156,6711
CI+ER,157,1802
CI+ER,158,3255
CI+ER,159,1632
CI+ER,160,6350
CI+ER,161,5601
CI+ER,162,2756
CI+ER,163,4502
CI+ER,164,3588
CI+ER,165,3403
CI+ER,166,2716
CI+ER,167,4454
CI+ER,168,4359
CI+ER,169,3029
CI+ER,170,3221
CI+ER,171,5371
CI+ER,172,10346
CI+ER,173,5361
CI+ER,174,3230
CI+ER,175,9572
CI+ER,176,2450
CI+ER,177,1599
CI+ER,178,3425
CI+ER,179,4766
CI+ER,180,2404
CI+ER,181,2666
CI+ER,182,2687
CI+ER,183,3214
CI+ER,184,3959
CI+ER,185,5088
CI+ER,186,9064
CI+ER,187,4176
CI+ER,188,2143
CI+ER,189,1748
CI+ER,190,4397
CI+ER,191,2171
CI+ER,192,4514
CI+ER,193,4352
CI+ER,194,6915
CI+ER,195,6676
CI+ER,196,2556
CI+ER,197,4070
CI+ER,198,7548
CI+ER,199,3776
CI+ER+IE,0,9345
CI+ER+IE,1,8822
CI+ER+IE,2,9049
CI+ER+IE,3,2639
CI+ER+IE,4,4569
CI+ER+IE,5,3899
CI+ER+IE,6,8333
CI+ER+IE,7,11209
CI+ER+IE,8,7191
CI+ER+IE,9,6435
CI+ER+IE,10,5990
CI+ER+IE,11,6397
CI+ER+IE,12,6569
CI+ER+IE,13,4867
CI+ER+IE,14,7003
CI+ER+IE,15,3497
CI+ER+IE,16,7483
CI+ER+IE,17,9160
CI+ER+IE,18,6549
CI+ER+IE,19,8362
CI+ER+IE,20,6433
CI+ER+IE,21,6219
CI+ER+IE,22,8268
CI+ER+IE,23,12129
CI+ER+IE,24,7686
CI+ER+IE,25,4715
CI+ER+IE,26,4934
CI+ER+IE,27,9976
CI+ER+IE,28,7873
CI+ER+IE,29,4963
CI+ER+IE,30,7672
CI+ER+IE,31,8549
CI+ER+IE,32,8389
CI+ER+IE,33,6821
CI+ER+IE,34,3460
CI+ER+IE,35,6676
CI+ER+IE,36,4216
CI+ER+IE,37,4148
CI+ER+IE,38,7063
CI+ER+IE,39,7152
CI+ER+IE,40,5786
CI+ER+IE,41,6809
CI+ER+IE,42,2498
CI+ER+IE,43,1444
CI+ER+IE,44,6930
CI+ER+IE,45,5947
CI+ER+IE,46,8168
CI+ER+IE,47,5884
CI+ER+IE,48,3548
CI+ER+IE,49,7701
CI+ER+IE,50,9875
CI+ER+IE,51,6997
CI+ER+IE,52,7745
CI+ER+IE,53,3458
CI+ER+IE,54,11582
CI+ER+IE,55,1402
CI+ER+IE,56,10193
CI+ER+IE,57,3139
CI+ER+IE,58,5399
CI+ER+IE,59,4204
CI+ER+IE,60,9083
CI+ER+IE,61,8327
CI+ER+IE,62,4763
CI+ER+IE,63,7348
CI+ER+IE,64,5384
CI+ER+IE,65,5510
CI+ER+IE,66,4501
CI+ER+IE,67,6483
CI+ER+IE,68,7526
CI+ER+IE,69,5038
CI+ER+IE,70,5340
CI+ER+IE,71,9285
CI+ER+IE,72,15145
CI+ER+IE,73,9162
CI+ER+IE,74,5195
CI+ER+IE,75,13320
CI+ER+IE,76,4346
CI+ER+IE,77,2463
CI+ER+IE,78,6599
CI+ER+IE,79,8802
CI+ER+IE,80,3694
CI+ER+IE,81,5576
CI+ER+IE,82,3924
CI+ER+IE,83,5977
CI+ER+IE,84,5908
CI+ER+IE,85,9422
CI+ER+IE,86,13666
CI+ER+IE,87,7382
CI+ER+IE,88,3757
CI+ER+IE,89,3214
CI+ER+IE,90,6967
CI+ER+IE,91,3724
CI+ER+IE,92,7694
CI+ER+IE,93,7156
CI+ER+IE,94,10273
CI+ER+IE,95,11367
CI+ER+IE,96,4680
CI+ER+IE,97,6178
CI+ER+IE,98,11470
CI+ER+IE,99,7229
CI+ER+IE,100,12328
CI+ER+IE,101,112
CI+ER+IE,102,7747
CI+ER+IE,103,504
CI+ER+IE,104,5376
CI+ER+IE,105,9619
CI+ER+IE,106,9134
CI+ER+IE,107,7951
CI+ER+IE,108,7583
CI+ER+IE,109,14228
CI+ER+IE,110,7598
CI+ER+IE,111,4834
CI+ER+IE,112,6686
CI+ER+IE,113,9468
CI+ER+IE,114,8017
CI+ER+IE,115,10128
CI+ER+IE,116,6102
CI+ER+IE,117,5842
CI+ER+IE,118,3389
CI+ER+IE,119,6638
CI+ER+IE,120,7928
CI+ER+IE,121,4465
CI+ER+IE,122,10583
CI+ER+IE,123,4313
CI+ER+IE,124,1871
CI+ER+IE,125,5838
CI+ER+IE,126,9188
CI+ER+IE,127,6861
CI+ER+IE,128,6862
CI+ER+IE,129,4586
CI+ER+IE,130,8099
CI+ER+IE,131,7180
CI+ER+IE,132,5537
CI+ER+IE,133,6026
CI+ER+IE,134,7332
CI+ER+IE,135,6385
CI+ER+IE,136,4694
CI+ER+IE,137,6094
CI+ER+IE,138,7590
CI+ER+IE,139,4976
CI+ER+IE,140,7956
CI+ER+IE,141,10892
CI+ER+IE,142,4743
CI+ER+IE,143,9734
CI+ER+IE,144,5197
CI+ER+IE,145,3826
CI+ER+IE,146,4569
CI+ER+IE,147,5885
CI+ER+IE,148,5314
CI+ER+IE,149,7190
CI+ER+IE,150,7556
CI+ER+IE,151,2728
CI+ER+IE,152,5291
CI+ER+IE,153,5980
CI+ER+IE,154,6778
CI+ER+IE,155,3066
CI+ER+IE,156,4730
CI+ER+IE,157,6184
CI+ER+IE,158,5876
CI+ER+IE,159,7927
CI+ER+IE,160,7024
CI+ER+IE,161,8974
CI+ER+IE,162,8114
CI+ER+IE,163,7797
CI+ER+IE,164,2160
CI+ER+IE,165,7492
CI+ER+IE,166,5656
CI+ER+IE,167,4436
CI+ER+IE,168,9548
CI+ER+IE,169,10664
CI+ER+IE,170,4836
CI+ER+IE,171,13684
CI+ER+IE,172,10375
CI+ER+IE,173,7898
CI+ER+IE,174,5959
CI+ER+IE,175,3394
CI+ER+IE,176,5168
CI+ER+IE,177,9510
CI+ER+IE,178,2439
CI+ER+IE,179,10453
CI+ER+IE,180,7329
CI+ER+IE,181,4628
CI+ER+IE,182,2892
CI+ER+IE,183,3116
CI+ER+IE,184,6803
CI+ER+IE,185,4395
CI+ER+IE,186,11366
CI+ER+IE,187,4641
CI+ER+IE,188,10863
CI+ER+IE,189,5522
CI+ER+IE,190,6517
CI+ER+IE,191,8651
CI+ER+IE,192,3967
CI+ER+IE,193,9412
CI+ER+IE,194,9111
CI+ER+IE,195,11653
CI+ER+IE,196,11983
CI+ER+IE,197,590
CI+ER+IE,198,12094
CI+ER+IE,199,5769
CI+MK,0,7775
CI+MK,1,173
CI+MK,2,6130
CI+MK,3,2170
CI+MK,4,10162
CI+MK,5,5614
CI+MK,6,9137
CI+MK,7,8684
CI+MK,8,7794
CI+MK,9,3662
CI+MK,10,6868
CI+MK,11,8539
CI+MK,12,4781
CI+MK,13,9701
CI+MK,14,5984
CI+MK,15,10764
CI+MK,16,4727
CI+MK,17,6690
CI+MK,18,4992
CI+MK,19,3230
CI+MK,20,11895
CI+MK,21,11863
CI+MK,22,6896
CI+MK,23,5461
CI+MK,24,6389
CI+MK,25,7547
CI+MK,26,300
CI+MK,27,1620
CI+MK,28,5504
CI+MK,29,5536
CI+MK,30,10149
CI+MK,31,8418
CI+MK,32,7806
CI+MK,33,5034
CI+MK,34,10216
CI+MK,35,7890
CI+MK,36,7370
CI+MK,37,7403
CI+MK,38,4326
CI+MK,39,4928
CI+MK,40,7734
CI+MK,41,9588
CI+MK,42,8214
CI+MK,43,5929
CI+MK,44,4947
CI+MK,45,7488
CI+MK,46,6080
CI+MK,47,7735
CI+MK,48,8056
CI+MK,49,6571
CI+MK,50,10324
CI+MK,51,4375
CI+MK,52,1897
CI+MK,53,2869
CI+MK,54,6760
CI+MK,55,4271
CI+MK,56,6025
CI+MK,57,8937
CI+MK,58,6329
CI+MK,59,7348
CI+MK,60,7830
CI+MK,61,4794
CI+MK,62,8517
CI+MK,63,6190
CI+MK,64,6105
CI+MK,65,5370
CI+MK,66,8067
CI+MK,67,9672
CI+MK,68,9397
CI+MK,69,2031
CI+MK,70,4253
CI+MK,71,5678
CI+MK,72,5231
CI+MK,73,9951
CI+MK,74,9622
CI+MK,75,2809
CI+MK,76,8210
CI+MK,77,3984
CI+MK,78,398
CI+MK,79,10926
CI+MK,80,5171
CI+MK,81,5797
CI+MK,82,8188
CI+MK,83,2805
CI+MK,84,6590
CI+MK,85,13044
CI+MK,86,10254
CI+MK,87,7556
CI+MK,88,12701
CI+MK,89,7018
CI+MK,90,5684
CI+MK,91,10135
CI+MK,92,8237
CI+MK,93,9268
CI+MK,94,7266
CI+MK,95,11829
CI+MK,96,9529
CI+MK,97,6527
CI+MK,98,11719
CI+MK,99,1314
CI+MK,100,9090
CI+MK,101,8267
CI+MK,102,8773
CI+MK,103,3959
CI+MK,104,10132
CI+MK,105,595
CI+MK,106,6042
CI+MK,107,9514
CI+MK,108,8943
CI+MK,109,6388
CI+MK,110,3120
CI+MK,111,10719
CI+MK,112,5045
CI+MK,113,6145
CI+MK,114,8166
CI+MK,115,5992
CI+MK,116,3932
CI+MK,117,4372
CI+MK,118,6571
CI+MK,119,6779
CI+MK,120,8575
CI+MK,121,9837
CI+MK,122,4304
CI+MK,123,12782
CI+MK,124,7373
CI+MK,125,7784
CI+MK,126,8525
CI+MK,127,9525
CI+MK,128,7871
CI+MK,129,9216
CI+MK,130,11673
CI+MK,131,10067
CI+MK,132,6259
CI+MK,133,10458
CI+MK,134,6646
CI+MK,135,7681
CI+MK,136,9580
CI+MK,137,6236
CI+MK,138,11936
CI+MK,139,5367
CI+MK,140,7276
CI+MK,141,9285
CI+MK,142,8210
CI+MK,143,5018
CI+MK,144,6956
CI+MK,145,6747
CI+MK,146,7000
CI+MK,147,5571
CI+MK,148,8957
CI+MK,149,8367
CI+MK,150,5008
CI+MK,151,8372
CI+MK,152,1652
CI+MK,153,6951
CI+MK,154,7694
CI+MK,155,1780
CI+MK,156,10685
CI+MK,157,6551
CI+MK,158,5346
CI+MK,159,8126
CI+MK,160,1684
CI+MK,161,11104
CI+MK,162,7829
CI+MK,163,12062
CI+MK,164,3974
CI+MK,165,9081
CI+MK,166,5041
CI+MK,167,6894
CI+MK,168,4517
CI+MK,169,8287
CI+MK,170,6833
CI+MK,171,5526
CI+MK,172,5375
CI+MK,173,2904
CI+MK,174,7513
CI+MK,175,5185
CI+MK,176,10526
CI+MK,177,3675
CI+MK,178,4054
CI+MK,179,8552
CI+MK,180,6214
CI+MK,181,5241
CI+MK,182,8181
CI+MK,183,9402
CI+MK,184,4308
CI+MK,185,9027
CI+MK,186,9959
CI+MK,187,8334
CI+MK,188,3119
CI+MK,189,3457
CI+MK,190,8099
CI+MK,191,7452
CI+MK,192,9364
CI+MK,193,8129
CI+MK,194,6953
CI+MK,195,10707
CI+MK,196,6987
CI+MK,197,6183
CI+MK,198,4950
CI+MK,199,5006
CI+MK+IE,0,12173
CI+MK+IE,1,12081
CI+MK+IE,2,12089
CI+MK+IE,3,6672
CI+MK+IE,4,14613
CI+MK+IE,5,1456
CI+MK+IE,6,8371
CI+MK+IE,7,13064
CI+MK+IE,8,13589
CI+MK+IE,9,9598
CI+MK+IE,10,5218
CI+MK+IE,11,14640
CI+MK+IE,12,8053
CI+MK+IE,13,10679
CI+MK+IE,14,12551
CI+MK+IE,15,8952
CI+MK+IE,16,6400
CI+MK+IE,17,8597
CI+MK+IE,18,9510
CI+MK+IE,19,10349
CI+MK+IE,20,11046
CI+MK+IE,21,12919
CI+MK+IE,22,7100
CI+MK+IE,23,15583
CI+MK+IE,24,11749
CI+MK+IE,25,10566
CI+MK+IE,26,12876
CI+MK+IE,27,12634
CI+MK+IE,28,11591
CI+MK+IE,29,13031
CI+MK+IE,30,14483
CI+MK+IE,31,13377
CI+MK+IE,32,10994
CI+MK+IE,33,14429
CI+MK+IE,34,9852
CI+MK+IE,35,11555
CI+MK+IE,36,13202
CI+MK+IE,37,9185
CI+MK+IE,38,14996
CI+MK+IE,39,10139
CI+MK+IE,40,10864
CI+MK+IE,41,13963
CI+MK+IE,42,11187
CI+MK+IE,43,8475
CI+MK+IE,44,10705
CI+MK+IE,45,10206
CI+MK+IE,46,11329
CI+MK+IE,47,8857
CI+MK+IE,48,12956
CI+MK+IE,49,12749
CI+MK+IE,50,9386
CI+MK+IE,51,12353
CI+MK+IE,52,2735
CI+MK+IE,53,10636
CI+MK+IE,54,11052
CI+MK+IE,55,3869
CI+MK+IE,56,14846
CI+MK+IE,57,10274
CI+MK+IE,58,8352
CI+MK+IE,59,13011
CI+MK+IE,60,3247
CI+MK+IE,61,15002
CI+MK+IE,62,11150
CI+MK+IE,63,15535
CI+MK+IE,64,6499
CI+MK+IE,65,12548
CI+MK+IE,66,8777
CI+MK+IE,67,11180
CI+MK+IE,68,7471
CI+MK+IE,69,11649
CI+MK+IE,70,9848
CI+MK+IE,71,8839
CI+MK+IE,72,9689
CI+MK+IE,73,4760
CI+MK+IE,74,11339
CI+MK+IE,75,7711
CI+MK+IE,76,15286
CI+MK+IE,77,6625
CI+MK+IE,78,5403
CI+MK+IE,79,12377
CI+MK+IE,80,7678
CI+MK+IE,81,8595
CI+MK+IE,82,12714
CI+MK+IE,83,13327
CI+MK+IE,84,7522
CI+MK+IE,85,13018
CI+MK+IE,86,13850
CI+MK+IE,87,12466
CI+MK+IE,88,5913
CI+MK+IE,89,7083
CI+MK+IE,90,11307
CI+MK+IE,91,12662
CI+MK+IE,92,14341
CI+MK+IE,93,11940
CI+MK+IE,94,10809
CI+MK+IE,95,14262
CI+MK+IE,96,10873
CI+MK+IE,97,11210
CI+MK+IE,98,8843
CI+MK+IE,99,9652
CI+MK+IE,100,10547
CI+MK+IE,101,7058
CI+MK+IE,102,10134
CI+MK+IE,103,4633
CI+MK+IE,104,8499
CI+MK+IE,105,14559
CI+MK+IE,106,7291
CI+MK+IE,107,9160
CI+MK+IE,108,10976
CI+MK+IE,109,7289
CI+MK+IE,110,15134
CI+MK+IE,111,13190
CI+MK+IE,112,12291
CI+MK+IE,113,10714
CI+MK+IE,114,13165
CI+MK+IE,115,9567
CI+MK+IE,116,8186
CI+MK+IE,117,11816
CI+MK+IE,118,3846
CI+MK+IE,119,13392
CI+MK+IE,120,15207
CI+MK+IE,121,11548
CI+MK+IE,122,11732
CI+MK+IE,123,1975
CI+MK+IE,124,8203
CI+MK+IE,125,14222
CI+MK+IE,126,12973
CI+MK+IE,127,10310
CI+MK+IE,128,12682
CI+MK+IE,129,12524
CI+MK+IE,130,13223
CI+MK+IE,131,12636
CI+MK+IE,132,11070
CI+MK+IE,133,10228
CI+MK+IE,134,7733
CI+MK+IE,135,14362
CI+MK+IE,136,12178
CI+MK+IE,137,8284
CI+MK+IE,138,13027
CI+MK+IE,139,12730
CI+MK+IE,140,6143
CI+MK+IE,141,8993
CI+MK+IE,142,14673
CI+MK+IE,143,11124
CI+MK+IE,144,14133
CI+MK+IE,145,8228
CI+MK+IE,146,11141
CI+MK+IE,147,14243
CI+MK+IE,148,10393
CI+MK+IE,149,4172
CI+MK+IE,150,13134
CI+MK+IE,151,3815
CI+MK+IE,152,6530
CI+MK+IE,153,9069
CI+MK+IE,154,8163
CI+MK+IE,155,12938
CI+MK+IE,156,5846
CI+MK+IE,157,9629
CI+MK+IE,158,8992
CI+MK+IE,159,9007
CI+MK+IE,160,9852
CI+MK+IE,161,8140
CI+MK+IE,162,7218
CI+MK+IE,163,10805
CI+MK+IE,164,15180
CI+MK+IE,165,15700
CI+MK+IE,166,9839
CI+MK+IE,167,3510
CI+MK+IE,168,10618
CI+MK+IE,169,10592
CI+MK+IE,170,9433
CI+MK+IE,171,14638
CI+MK+IE,172,3645
CI+MK+IE,173,12126
CI+MK+IE,174,10301
CI+MK+IE,175,11102
CI+MK+IE,176,14452
CI+MK+IE,177,10349
CI+MK+IE,178,10966
CI+MK+IE,179,10397
CI+MK+IE,180,8809
CI+MK+IE,181,10408
CI+MK+IE,182,15692
CI+MK+IE,183,10345
CI+MK+IE,184,12902
CI+MK+IE,185,9417
CI+MK+IE,186,9768
CI+MK+IE,187,13122
CI+MK+IE,188,13688
CI+MK+IE,189,12087
CI+MK+IE,190,9978
CI+MK+IE,191,11507
CI+MK+IE,192,14795
CI+MK+IE,193,10156
CI+MK+IE,194,7044
CI+MK+IE,195,14879
CI+MK+IE,196,9950
CI+MK+IE,197,14865
CI+MK+IE,198,11456
CI+MK+IE,199,4646
CI+MK+ER,0,10322
CI+MK+ER,1,8804
CI+MK+ER,2,8010
CI+MK+ER,3,5891
CI+MK+ER,4,7474
CI+MK+ER,5,13178
CI+MK+ER,6,6870
CI+MK+ER,7,8811
CI+MK+ER,8,12398
CI+MK+ER,9,10252
CI+MK+ER,10,13043
CI+MK+ER,11,12732
CI+MK+ER,12,9983
CI+MK+ER,13,10418
CI+MK+ER,14,12300
CI+MK+ER,15,13293
CI+MK+ER,16,10046
CI+MK+ER,17,9196
CI+MK+ER,18,3848
CI+MK+ER,19,9363
CI+MK+ER,20,8348
CI+MK+ER,21,8337
CI+MK+ER,22,8397
CI+MK+ER,23,1508
CI+MK+ER,24,10201
CI+MK+ER,25,12072
CI+MK+ER,26,14822
CI+MK+ER,27,10992
CI+MK+ER,28,10582
CI+MK+ER,29,10938
CI+MK+ER,30,8678
CI+MK+ER,31,9868
CI+MK+ER,32,8728
CI+MK+ER,33,5828
CI+MK+ER,34,13787
CI+MK+ER,35,7502
CI+MK+ER,36,11657
CI+MK+ER,37,9790
CI+MK+ER,38,12727
CI+MK+ER,39,2838
CI+MK+ER,40,7912
CI+MK+ER,41,5319
CI+MK+ER,42,12389
CI+MK+ER,43,9238
CI+MK+ER,44,11623
CI+MK+ER,45,12695
CI+MK+ER,46,9125
CI+MK+ER,47,5548
CI+MK+ER,48,10258
CI+MK+ER,49,1615
CI+MK+ER,50,8381
CI+MK+ER,51,10224
CI+MK+ER,52,4365
CI+MK+ER,53,11565
CI+MK+ER,54,6268
CI+MK+ER,55,13710
CI+MK+ER,56,3314
CI+MK+ER,57,10109
CI+MK+ER,58,9689
CI+MK+ER,59,8285
CI+MK+ER,60,9067
CI+MK+ER,61,8082
CI+MK+ER,62,11060
CI+MK+ER,63,11695
CI+MK+ER,64,13889
CI+MK+ER,65,9140
CI+MK+ER,66,6166
CI+MK+ER,67,9486
CI+MK+ER,68,8334
CI+MK+ER,69,11495
CI+MK+ER,70,6777
CI+MK+ER,71,10815
CI+MK+ER,72,9883
CI+MK+ER,73,11792
CI+MK+ER,74,8441
CI+MK+ER,75,12628
CI+MK+ER,76,9119
CI+MK+ER,77,10759
CI+MK+ER,78,7588
CI+MK+ER,79,3116
CI+MK+ER,80,7189
CI+MK+ER,81,8124
CI+MK+ER,82,6764
CI+MK+ER,83,10299
CI+MK+ER,84,10885
CI+MK+ER,85,8452
CI+MK+ER,86,7441
CI+MK+ER,87,5417
CI+MK+ER,88,8430
CI+MK+ER,89,11941
CI+MK+ER,90,9071
CI+MK+ER,91,8753
CI+MK+ER,92,12003
CI+MK+ER,93,10605
CI+MK+ER,94,5459
CI+MK+ER,95,12506
CI+MK+ER,96,8860
CI+MK+ER,97,11126
CI+MK+ER,98,9679
CI+MK+ER,99,8597
CI+MK+ER,100,8609
CI+MK+ER,101,9924
CI+MK+ER,102,12858
CI+MK+ER,103,6442
CI+MK+ER,104,8154
CI+MK+ER,105,7934
CI+MK+ER,106,8456
CI+MK+ER,107,8021
CI+MK+ER,108,11536
CI+MK+ER,109,7457
CI+MK+ER,110,6426
CI+MK+ER,111,11470
CI+MK+ER,112,8013
CI+MK+ER,113,8478
CI+MK+ER,114,6448
CI+MK+ER,115,14337
CI+MK+ER,116,12138
CI+MK+ER,117,8635
CI+MK+ER,118,8179
CI+MK+ER,119,12738
CI+MK+ER,120,10343
CI+MK+ER,121,12289
CI+MK+ER,122,4945
CI+MK+ER,123,8049
CI+MK+ER,124,11698
CI+MK+ER,125,11954
CI+MK+ER,126,13594
CI+MK+ER,127,8751
CI+MK+ER,128,11806
CI+MK+ER,129,13049
CI+MK+ER,130,15083
CI+MK+ER,131,12280
CI+MK+ER,132,7908
CI+MK+ER,133,10864
CI+MK+ER,134,8923
CI+MK+ER,135,8238
CI+MK+ER,136,11059
CI+MK+ER,137,6131
CI+MK+ER,138,3041
CI+MK+ER,139,1992
CI+MK+ER,140,12898
CI+MK+ER,141,9294
CI+MK+ER,142,7749
CI+MK+ER,143,5340
CI+MK+ER,144,4876
CI+MK+ER,145,8656
CI+MK+ER,146,8190
CI+MK+ER,147,8638
CI+MK+ER,148,5021
CI+MK+ER,149,6992
CI+MK+ER,150,11402
CI+MK+ER,151,11325
CI+MK+ER,152,10460
CI+MK+ER,153,11759
CI+MK+ER,154,8158
CI+MK+ER,155,6963
CI+MK+ER,156,9191
CI+MK+ER,157,13190
CI+MK+ER,158,1461
CI+MK+ER,159,10765
CI+MK+ER,160,8789
CI+MK+ER,161,9692
CI+MK+ER,162,6296
CI+MK+ER,163,6431
CI+MK+ER,164,8367
CI+MK+ER,165,11144
CI+MK+ER,166,3367
CI+MK+ER,167,6892
CI+MK+ER,168,3454
CI+MK+ER,169,5232
CI+MK+ER,170,11152
CI+MK+ER,171,5135
CI+MK+ER,172,8083
CI+MK+ER,173,11119
CI+MK+ER,174,9493
CI+MK+ER,175,8971
CI+MK+ER,176,13852
CI+MK+ER,177,10359
CI+MK+ER,178,13643
CI+MK+ER,179,7126
CI+MK+ER,180,5058
CI+MK+ER,181,16080
CI+MK+ER,182,8162
CI+MK+ER,183,5637
CI+MK+ER,184,10592
CI+MK+ER,185,8695
CI+MK+ER,186,11282
CI+MK+ER,187,3143
CI+MK+ER,188,9462
CI+MK+ER,189,11871
CI+MK+ER,190,7611
CI+MK+ER,191,9566
CI+MK+ER,192,8165
CI+MK+ER,193,7635
CI+MK+ER,194,6338
CI+MK+ER,195,4661
CI+MK+ER,196,7959
CI+MK+ER,197,9055
CI+MK+ER,198,11685
CI+MK+ER,199,9592
CI+MK+ER+IE,0,11758
CI+MK+ER+IE,1,14272
CI+MK+ER+IE,2,16010
CI+MK+ER+IE,3,9572
CI+MK+ER+IE,4,12403
CI+MK+ER+IE,5,11500
CI+MK+ER+IE,6,11590
CI+MK+ER+IE,7,12374
CI+MK+ER+IE,8,15753
CI+MK+ER+IE,9,10953
CI+MK+ER+IE,10,9936
CI+MK+ER+IE,11,14840
CI+MK+ER+IE,12,11901
CI+MK+ER+IE,13,11693
CI+MK+ER+IE,14,9788
CI+MK+ER+IE,15,17444
CI+MK+ER+IE,16,15277
CI+MK+ER+IE,17,13208
CI+MK+ER+IE,18,12639
CI+MK+ER+IE,19,16239
CI+MK+ER+IE,20,15056
CI+MK+ER+IE,21,14996
CI+MK+ER+IE,22,7817
CI+MK+ER+IE,23,11382
CI+MK+ER+IE,24,15458
CI+MK+ER+IE,25,14989
CI+MK+ER+IE,26,16600
CI+MK+ER+IE,27,12284
CI+MK+ER+IE,28,15264
CI+MK+ER+IE,29,16488
CI+MK+ER+IE,30,17553
CI+MK+ER+IE,31,15302
CI+MK+ER+IE,32,12396
CI+MK+ER+IE,33,14447
CI+MK+ER+IE,34,12472
CI+MK+ER+IE,35,11721
CI+MK+ER+IE,36,14917
CI+MK+ER+IE,37,9886
CI+MK+ER+IE,38,6087
CI+MK+ER+IE,39,3573
CI+MK+ER+IE,40,15702
CI+MK+ER+IE,41,14109
CI+MK+ER+IE,42,12030
CI+MK+ER+IE,43,8923
CI+MK+ER+IE,44,8099
CI+MK+ER+IE,45,12679
CI+MK+ER+IE,46,11025
CI+MK+ER+IE,47,12637
CI+MK+ER+IE,48,10262
CI+MK+ER+IE,49,9197
CI+MK+ER+IE,50,14839
CI+MK+ER+IE,51,14632
CI+MK+ER+IE,52,14197
CI+MK+ER+IE,53,14979
CI+MK+ER+IE,54,10869
CI+MK+ER+IE,55,11491
CI+MK+ER+IE,56,14383
CI+MK+ER+IE,57,16811
CI+MK+ER+IE,58,1798
CI+MK+ER+IE,59,13993
CI+MK+ER+IE,60,12736
CI+MK+ER+IE,61,12906
CI+MK+ER+IE,62,9852
CI+MK+ER+IE,63,9886
CI+MK+ER+IE,64,12087
CI+MK+ER+IE,65,15066
CI+MK+ER+IE,66,5432
CI+MK+ER+IE,67,11204
CI+MK+ER+IE,68,5790
CI+MK+ER+IE,69,8558
CI+MK+ER+IE,70,14375
CI+MK+ER+IE,71,8732
CI+MK+ER+IE,72,12310
CI+MK+ER+IE,73,14482
CI+MK+ER+IE,74,13765
CI+MK+ER+IE,75,12668
CI+MK+ER+IE,76,16556
CI+MK+ER+IE,77,14172
CI+MK+ER+IE,78,16760
CI+MK+ER+IE,79,11323
CI+MK+ER+IE,80,7199
CI+MK+ER+IE,81,17842
CI+MK+ER+IE,82,11233
CI+MK+ER+IE,83,8432
CI+MK+ER+IE,84,14073
CI+MK+ER+IE,85,12034
CI+MK+ER+IE,86,14954
CI+MK+ER+IE,87,5880
CI+MK+ER+IE,88,13777
CI+MK+ER+IE,89,15460
CI+MK+ER+IE,90,10529
CI+MK+ER+IE,91,13063
CI+MK+ER+IE,92,12337
CI+MK+ER+IE,93,10958
CI+MK+ER+IE,94,10216
CI+MK+ER+IE,95,7950
CI+MK+ER+IE,96,12049
CI+MK+ER+IE,97,12597
CI+MK+ER+IE,98,14735
CI+MK+ER+IE,99,12790
CI+MK+ER+IE,100,15125
CI+MK+ER+IE,101,14868
CI+MK+ER+IE,102,11173
CI+MK+ER+IE,103,14987
CI+MK+ER+IE,104,16434
CI+MK+ER+IE,105,13109
CI+MK+ER+IE,106,5715
CI+MK+ER+IE,107,9400
CI+MK+ER+IE,108,13659
CI+MK+ER+IE,109,13380
CI+MK+ER+IE,110,11768
CI+MK+ER+IE,111,15317
CI+MK+ER+IE,112,15276
CI+MK+ER+IE,113,13748
CI+MK+ER+IE,114,6390
CI+MK+ER+IE,115,11058
CI+MK+ER+IE,116,11726
CI+MK+ER+IE,117,5129
CI+MK+ER+IE,118,12756
CI+MK+ER+IE,119,11221
CI+MK+ER+IE,120,9160
CI+MK+ER+IE,121,16338
CI+MK+ER+IE,122,15738
CI+MK+ER+IE,123,12612
CI+MK+ER+IE,124,12542
CI+MK+ER+IE,125,2778
CI+MK+ER+IE,126,8843
CI+MK+ER+IE,127,15377
CI+MK+ER+IE,128,12062
CI+MK+ER+IE,129,13035
CI+MK+ER+IE,130,14052
CI+MK+ER+IE,131,14892
CI+MK+ER+IE,132,11991
CI+MK+ER+IE,133,15250
CI+MK+ER+IE,134,17310
CI+MK+ER+IE,135,13717
CI+MK+ER+IE,136,10198
CI+MK+ER+IE,137,15039
CI+MK+ER+IE,138,15532
CI+MK+ER+IE,139,13369
CI+MK+ER+IE,140,13954
CI+MK+ER+IE,141,16310
CI+MK+ER+IE,142,14189
CI+MK+ER+IE,143,14020
CI+MK+ER+IE,144,15387
CI+MK+ER+IE,145,15877
CI+MK+ER+IE,146,14655
CI+MK+ER+IE,147,12721
CI+MK+ER+IE,148,15168
CI+MK+ER+IE,149,17448
CI+MK+ER+IE,150,13927
CI+MK+ER+IE,151,14531
CI+MK+ER+IE,152,8538
CI+MK+ER+IE,153,16440
CI+MK+ER+IE,154,17059
CI+MK+ER+IE,155,17482
CI+MK+ER+IE,156,8796
CI+MK+ER+IE,157,13244
CI+MK+ER+IE,158,12578
CI+MK+ER+IE,159,11682
CI+MK+ER+IE,160,6386
CI+MK+ER+IE,161,11862
CI+MK+ER+IE,162,12246
CI+MK+ER+IE,163,7122
CI+MK+ER+IE,164,12385
CI+MK+ER+IE,165,14159
CI+MK+ER+IE,166,13654
CI+MK+ER+IE,167,13854
CI+MK+ER+IE,168,13670
CI+MK+ER+IE,169,14272
CI+MK+ER+IE,170,14953
CI+MK+ER+IE,171,14918
CI+MK+ER+IE,172,9628
CI+MK+ER+IE,173,12266
CI+MK+ER+IE,174,14599
CI+MK+ER+IE,175,16832
CI+MK+ER+IE,176,14542
CI+MK+ER+IE,177,17351
CI+MK+ER+IE,178,13509
CI+MK+ER+IE,179,11599
CI+MK+ER+IE,180,15200
CI+MK+ER+IE,181,7826
CI+MK+ER+IE,182,13610
CI+MK+ER+IE,183,7914
CI+MK+ER+IE,184,15727
CI+MK+ER+IE,185,13435
CI+MK+ER+IE,186,15514
CI+MK+ER+IE,187,12360
CI+MK+ER+IE,188,16324
CI+MK+ER+IE,189,14717
CI+MK+ER+IE,190,12017
CI+MK+ER+IE,191,15686
CI+MK+ER+IE,192,12710
CI+MK+ER+IE,193,11072
CI+MK+ER+IE,194,14455
CI+MK+ER+IE,195,15037
CI+MK+ER+IE,196,16028
CI+MK+ER+IE,197,9197
CI+MK+ER+IE,198,14594
CI+MK+ER+IE,199,1542
