mechanic,replicate,final_population_size
None,0,19637
None,1,19792
None,2,19703
None,3,19739
None,4,19741
None,5,19745
None,6,19681
None,7,19720
None,8,19773
None,9,19727
None,10,19677
None,11,19730
None,12,19753
None,13,19734
None,14,19699
None,15,19745
None,16,19748
None,17,19723
None,18,19642
None,19,19740
None,20,19709
None,21,19627
None,22,19736
None,23,19679
None,24,19680
None,25,19763
None,26,19729
None,27,19719
None,28,19677
None,29,19657
None,30,19712
None,31,19711
None,32,19700
None,33,19686
None,34,19813
None,35,19764
None,36,19698
None,37,19689
None,38,19692
None,39,19725
None,40,19644
None,41,19830
None,42,19701
None,43,19737
None,44,19738
None,45,19669
None,46,19671
None,47,19729
None,48,19710
None,49,19614
None,50,19700
None,51,19607
None,52,19723
None,53,19695
None,54,19698
None,55,19653
None,56,19705
None,57,19715
None,58,19701
None,59,19716
None,60,19732
None,61,19700
None,62,19674
None,63,19698
None,64,19749
None,65,19668
None,66,19762
None,67,19705
None,68,19711
None,69,19739
None,70,19766
None,71,19706
None,72,19621
None,73,19678
None,74,19652
None,75,19722
None,76,19689
None,77,19736
None,78,19665
None,79,19655
None,80,19700
None,81,19842
None,82,19647
None,83,19742
None,84,19694
None,85,19730
None,86,19699
None,87,19743
None,88,19657
None,89,19679
None,90,19712
None,91,19685
None,92,19696
None,93,19658
None,94,19687
None,95,19736
None,96,19696
None,97,19698
None,98,19753
None,99,19728
None,100,19683
None,101,19809
None,102,19702
None,103,19730
None,104,19724
None,105,19684
None,106,19792
None,107,19651
None,108,19683
None,109,19671
None,110,19721
None,111,19739
None,112,19723
None,113,19672
None,114,19726
None,115,19694
None,116,19783
None,117,19671
None,118,19676
None,119,19622
None,120,19691
None,121,19772
None,122,19727
None,123,19766
None,124,19714
None,125,19652
None,126,19693
None,127,19699
None,128,19770
None,129,19728
None,130,19716
None,131,19708
None,132,19713
None,133,19771
None,134,19775
None,135,19786
None,136,19723
None,137,19693
None,138,19735
None,139,19718
None,140,19747
None,141,19757
None,142,19773
None,143,19701
None,144,19699
None,145,19752
None,146,19717
None,147,19676
None,148,19762
None,149,19744
None,150,19686
None,151,19796
None,152,19763
None,153,19693
None,154,19683
None,155,19702
None,156,19706
None,157,19682
None,158,19684
None,159,19768
None,160,19690
None,161,19812
None,162,19733
None,163,19689
None,164,19767
None,165,19711
None,166,19664
None,167,19721
None,168,19726
None,169,19660
None,170,19779
None,171,19814
None,172,19741
None,173,19675
None,174,19740
None,175,19672
None,176,19739
None,177,19673
None,178,19731
None,179,19702
None,180,19687
None,181,19726
None,182,19699
None,183,19669
None,184,19721
None,185,19739
None,186,19620
None,187,19685
None,188,19739
None,189,19705
None,190,19794
None,191,19728
None,192,19703
None,193,19697
None,194,19735
None,195,19700
None,196,19683
None,197,19738
None,198,19728
None,199,19772
IE,0,19901
IE,1,19933
IE,2,19919
IE,3,19949
IE,4,19808
IE,5,19966
IE,6,19967
IE,7,19955
IE,8,19968
IE,9,19983
IE,10,19920
IE,11,19813
IE,12,19946
IE,13,19890
IE,14,19959
IE,15,19892
IE,16,19941
IE,17,19943
IE,18,19959
IE,19,19910
IE,20,19964
IE,21,19921
IE,22,19875
IE,23,19922
IE,24,19958
IE,25,19960
IE,26,19878
IE,27,19905
IE,28,19968
IE,29,19872
IE,30,19882
IE,31,19881
IE,32,19987
IE,33,19977
IE,34,19961
IE,35,19933
IE,36,19895
IE,37,19919
IE,38,19874
IE,39,19921
IE,40,19921
IE,41,19916
IE,42,19892
IE,43,19982
IE,44,19884
IE,45,19862
IE,46,19929
IE,47,19969
IE,48,19950
IE,49,19943
IE,50,19889
IE,51,19916
IE,52,19974
IE,53,19896
IE,54,19870
IE,55,19922
IE,56,19948
IE,57,19870
IE,58,19962
IE,59,19896
IE,60,19902
IE,61,19969
IE,62,19887
IE,63,19942
IE,64,19984
IE,65,19848
IE,66,19877
IE,67,19953
IE,68,20000
IE,69,19897
IE,70,19916
IE,71,19953
IE,72,19838
IE,73,19933
IE,74,19895
IE,75,19974
IE,76,19918
IE,77,19831
IE,78,19940
IE,79,19887
IE,80,19906
IE,81,19983
IE,82,19966
IE,83,19969
IE,84,19917
IE,85,19902
IE,86,19905
IE,87,19869
IE,88,19913
IE,89,19883
IE,90,19923
IE,91,19971
IE,92,19863
IE,93,19806
IE,94,19904
IE,95,19963
IE,96,19910
IE,97,19982
IE,98,19938
IE,99,19867
IE,100,19951
IE,101,19952
IE,102,19982
IE,103,19946
IE,104,19832
IE,105,19950
IE,106,19928
IE,107,19978
IE,108,19917
IE,109,19763
IE,110,19886
IE,111,19872
IE,112,19919
IE,113,19847
IE,114,19965
IE,115,19958
IE,116,19878
IE,117,19916
IE,118,19929
IE,119,19899
IE,120,19902
IE,121,19930
IE,122,19908
IE,123,19979
IE,124,19997
IE,125,19793
IE,126,19970
IE,127,19967
IE,128,19963
IE,129,19901
IE,130,19949
IE,131,19974
IE,132,19873
IE,133,19905
IE,134,19998
IE,135,19961
IE,136,19923
IE,137,19924
IE,138,19985
IE,139,19979
IE,140,19964
IE,141,19898
IE,142,19954
IE,143,19945
IE,144,19862
IE,145,19932
IE,146,19823
IE,147,19936
IE,148,19976
IE,149,19946
IE,150,19923
IE,151,19954
IE,152,19974
IE,153,19956
IE,154,19921
IE,155,19931
IE,156,19921
IE,157,19950
IE,158,19964
IE,159,19982
IE,160,19981
IE,161,20000
IE,162,19897
IE,163,19850
IE,164,19963
IE,165,19946
IE,166,19960
IE,167,19934
IE,168,19969
IE,169,19951
IE,170,19883
IE,171,19925
IE,172,19997
IE,173,19884
IE,174,19942
IE,175,19920
IE,176,19904
IE,177,19886
IE,178,19906
IE,179,19854
IE,180,19873
IE,181,19866
IE,182,19877
IE,183,19961
IE,184,19917
IE,185,19932
IE,186,19850
IE,187,19906
IE,188,19899
IE,189,19871
IE,190,19924
IE,191,19932
IE,192,19972
IE,193,19971
IE,194,19870
IE,195,19985
IE,196,19839
IE,197,19959
IE,198,19892
IE,199,19937
ER,0,19634
ER,1,19692
ER,2,19697
ER,3,19701
ER,4,19711
ER,5,19693
ER,6,19702
ER,7,19657
ER,8,19762
ER,9,19720
ER,10,19631
ER,11,19731
ER,12,19718
ER,13,19728
ER,14,19769
ER,15,19615
ER,16,19771
ER,17,19746
ER,18,19705
ER,19,19711
ER,20,19654
ER,21,19615
ER,22,19734
ER,23,19591
ER,24,19705
ER,25,19711
ER,26,19701
ER,27,19687
ER,28,19715
ER,29,19735
ER,30,19742
ER,31,19734
ER,32,19664
ER,33,19709
ER,34,19664
ER,35,19723
ER,36,19797
ER,37,19739
ER,38,19765
ER,39,19709
ER,40,19707
ER,41,19623
ER,42,19669
ER,43,19754
ER,44,19768
ER,45,19761
ER,46,19750
ER,47,19726
ER,48,19654
ER,49,19741
ER,50,19722
ER,51,19765
ER,52,19764
ER,53,19738
ER,54,19691
ER,55,19765
ER,56,19676
ER,57,19797
ER,58,19738
ER,59,19746
ER,60,19800
ER,61,19725
ER,62,19661
ER,63,19805
ER,64,19721
ER,65,19728
ER,66,19732
ER,67,19766
ER,68,19684
ER,69,19709
ER,70,19702
ER,71,19657
ER,72,19741
ER,73,19665
ER,74,19776
ER,75,19642
ER,76,19858
ER,77,19766
ER,78,19610
ER,79,19713
ER,80,19737
ER,81,19690
ER,82,19769
ER,83,19709
ER,84,19775
ER,85,19649
ER,86,19662
ER,87,19656
ER,88,19728
ER,89,19687
ER,90,19677
ER,91,19705
ER,92,19653
ER,93,19755
ER,94,19656
ER,95,19735
ER,96,19686
ER,97,19720
ER,98,19689
ER,99,19686
ER,100,19639
ER,101,19681
ER,102,19718
ER,103,19663
ER,104,19712
ER,105,19675
ER,106,19722
ER,107,19713
ER,108,19662
ER,109,19757
ER,110,19751
ER,111,19729
ER,112,19696
ER,113,19656
ER,114,19647
ER,115,19664
ER,116,19766
ER,117,19700
ER,118,19605
ER,119,19659
ER,120,19660
ER,121,19697
ER,122,19719
ER,123,19706
ER,124,19696
ER,125,19676
ER,126,19697
ER,127,19796
ER,128,19709
ER,129,19671
ER,130,19643
ER,131,19700
ER,132,19741
ER,133,19701
ER,134,19612
ER,135,19771
ER,136,19653
ER,137,19718
ER,138,19648
ER,139,19716
ER,140,19825
ER,141,19735
ER,142,19736
ER,143,19675
ER,144,19746
ER,145,19643
ER,146,19715
ER,147,19680
ER,148,19808
ER,149,19700
ER,150,19693
ER,151,19562
ER,152,19670
ER,153,19733
ER,154,19764
ER,155,19631
ER,156,19724
ER,157,19649
ER,158,19682
ER,159,19669
ER,160,19639
ER,161,19661
ER,162,19729
ER,163,19712
ER,164,19782
ER,165,19716
ER,166,19718
ER,167,19653
ER,168,19667
ER,169,19678
ER,170,19743
ER,171,19683
ER,172,19669
ER,173,19737
ER,174,19735
ER,175,19739
ER,176,19730
ER,177,19704
ER,178,19656
ER,179,19754
ER,180,19661
ER,181,19688
ER,182,19616
ER,183,19633
ER,184,19702
ER,185,19686
ER,186,19743
ER,187,19765
ER,188,19679
ER,189,19756
ER,190,19745
ER,191,19674
ER,192,19741
ER,193,19696
ER,194,19728
ER,195,19599
ER,196,19621
ER,197,19728
ER,198,19760
ER,199,19695
ER+IE,0,19926
ER+IE,1,19872
ER+IE,2,19938
ER+IE,3,19980
ER+IE,4,19908
ER+IE,5,19948
ER+IE,6,19937
ER+IE,7,19975
ER+IE,8,20000
ER+IE,9,19896
ER+IE,10,19974
ER+IE,11,19943
ER+IE,12,19963
ER+IE,13,19937
ER+IE,14,19976
ER+IE,15,19951
ER+IE,16,19961
ER+IE,17,19967
ER+IE,18,19929
ER+IE,19,19972
ER+IE,20,19922
ER+IE,21,19954
ER+IE,22,19875
ER+IE,23,19942
ER+IE,24,19911
ER+IE,25,19940
ER+IE,26,19955
ER+IE,27,19969
ER+IE,28,19941
ER+IE,29,19944
ER+IE,30,19920
ER+IE,31,19910
ER+IE,32,19910
ER+IE,33,19974
ER+IE,34,19982
ER+IE,35,19952
ER+IE,36,19959
ER+IE,37,19950
ER+IE,38,19951
ER+IE,39,19924
ER+IE,40,19938
ER+IE,41,19998
ER+IE,42,19932
ER+IE,43,19972
ER+IE,44,19941
ER+IE,45,19923
ER+IE,46,19930
ER+IE,47,19900
ER+IE,48,19932
ER+IE,49,19886
ER+IE,50,19902
ER+IE,51,19961
ER+IE,52,19929
ER+IE,53,19966
ER+IE,54,19993
ER+IE,55,19895
ER+IE,56,19917
ER+IE,57,19919
ER+IE,58,19887
ER+IE,59,19960
ER+IE,60,19899
ER+IE,61,19977
ER+IE,62,19968
ER+IE,63,19855
ER+IE,64,19920
ER+IE,65,19948
ER+IE,66,19887
ER+IE,67,19916
ER+IE,68,19966
ER+IE,69,19922
ER+IE,70,19934
ER+IE,71,19958
ER+IE,72,19996
ER+IE,73,19867
ER+IE,74,19879
ER+IE,75,19926
ER+IE,76,19937
ER+IE,77,19887
ER+IE,78,19895
ER+IE,79,19962
ER+IE,80,19928
ER+IE,81,19985
ER+IE,82,19947
ER+IE,83,19932
ER+IE,84,19973
ER+IE,85,19953
ER+IE,86,19963
ER+IE,87,19989
ER+IE,88,19980
ER+IE,89,19916
ER+IE,90,19983
ER+IE,91,19962
ER+IE,92,19965
ER+IE,93,19983
ER+IE,94,19921
ER+IE,95,19964
ER+IE,96,19948
ER+IE,97,19871
ER+IE,98,19934
ER+IE,99,19967
ER+IE,100,19813
ER+IE,101,19951
ER+IE,102,19932
ER+IE,103,19887
ER+IE,104,19975
ER+IE,105,19916
ER+IE,106,19923
ER+IE,107,19975
ER+IE,108,19953
ER+IE,109,19990
ER+IE,110,19904
ER+IE,111,19967
ER+IE,112,19960
ER+IE,113,19919
ER+IE,114,19973
ER+IE,115,20000
ER+IE,116,19935
ER+IE,117,19884
ER+IE,118,19924
ER+IE,119,19886
ER+IE,120,19912
ER+IE,121,19882
ER+IE,122,19931
ER+IE,123,19940
ER+IE,124,19986
ER+IE,125,19913
ER+IE,126,19911
ER+IE,127,19973
ER+IE,128,19974
ER+IE,129,19980
ER+IE,130,19945
ER+IE,131,19966
ER+IE,132,19958
ER+IE,133,19984
ER+IE,134,19906
ER+IE,135,19936
ER+IE,136,19868
ER+IE,137,19941
ER+IE,138,19907
ER+IE,139,19932
ER+IE,140,19977
ER+IE,141,19967
ER+IE,142,19938
ER+IE,143,19963
ER+IE,144,19973
ER+IE,145,19888
ER+IE,146,19980
ER+IE,147,19922
ER+IE,148,19954
ER+IE,149,19944
ER+IE,150,19923
ER+IE,151,19899
ER+IE,152,19906
ER+IE,153,19903
ER+IE,154,19988
ER+IE,155,19879
ER+IE,156,19873
ER+IE,157,19947
ER+IE,158,19968
ER+IE,159,19887
ER+IE,160,19899
ER+IE,161,19942
ER+IE,162,19950
ER+IE,163,19941
ER+IE,164,19914
ER+IE,165,19969
ER+IE,166,19932
ER+IE,167,19966
ER+IE,168,19909
ER+IE,169,19973
ER+IE,170,19981
ER+IE,171,19938
ER+IE,172,19970
ER+IE,173,19882
ER+IE,174,19851
ER+IE,175,19872
ER+IE,176,19871
ER+IE,177,19996
ER+IE,178,19981
ER+IE,179,19993
ER+IE,180,19969
ER+IE,181,19939
ER+IE,182,19911
ER+IE,183,19984
ER+IE,184,19969
ER+IE,185,19966
ER+IE,186,19933
ER+IE,187,19993
ER+IE,188,19911
ER+IE,189,19908
ER+IE,190,19926
ER+IE,191,19975
ER+IE,192,19943
ER+IE,193,19868
ER+IE,194,19990
ER+IE,195,19968
ER+IE,196,19933
ER+IE,197,19953
ER+IE,198,19955
ER+IE,199,19957
MK,0,19999
MK,1,19995
MK,2,20000
MK,3,19999
MK,4,20000
MK,5,19999
MK,6,19999
MK,7,20000
MK,8,20000
MK,9,20000
MK,10,20000
MK,11,20000
MK,12,20000
MK,13,20000
MK,14,19999
MK,15,20000
MK,16,20000
MK,17,20000
MK,18,20000
MK,19,20000
MK,20,20000
MK,21,19997
MK,22,20000
MK,23,20000
MK,24,20000
MK,25,19999
MK,26,20000
MK,27,20000
MK,28,20000
MK,29,19998
MK,30,20000
MK,31,20000
MK,32,20000
MK,33,20000
MK,34,20000
MK,35,20000
MK,36,19998
MK,37,19999
MK,38,20000
MK,39,20000
MK,40,20000
MK,41,20000
MK,42,19999
MK,43,20000
MK,44,20000
MK,45,20000
MK,46,19998
MK,47,20000
MK,48,19999
MK,49,19999
MK,50,20000
MK,51,20000
MK,52,20000
MK,53,20000
MK,54,20000
MK,55,20000
MK,56,19999
MK,57,19993
MK,58,20000
MK,59,20000
MK,60,19998
MK,61,20000
MK,62,20000
MK,63,19989
MK,64,20000
MK,65,19998
MK,66,20000
MK,67,20000
MK,68,19998
MK,69,19999
MK,70,20000
MK,71,19999
MK,72,19998
MK,73,19998
MK,74,19999
MK,75,20000
MK,76,20000
MK,77,20000
MK,78,20000
MK,79,20000
MK,80,20000
MK,81,19997
MK,82,20000
MK,83,20000
MK,84,20000
MK,85,19994
MK,86,20000
MK,87,19998
MK,88,19998
MK,89,20000
MK,90,20000
MK,91,20000
MK,92,19994
MK,93,20000
MK,94,19998
MK,95,20000
MK,96,20000
MK,97,19991
MK,98,19997
MK,99,20000
MK,100,20000
MK,101,20000
MK,102,19999
MK,103,20000
MK,104,20000
MK,105,20000
MK,106,20000
MK,107,19999
MK,108,20000
MK,109,19996
MK,110,20000
MK,111,20000
MK,112,19998
MK,113,19997
MK,114,19999
MK,115,20000
MK,116,19999
MK,117,20000
MK,118,20000
MK,119,19998
MK,120,20000
MK,121,20000
MK,122,20000
MK,123,19991
MK,124,20000
MK,125,20000
MK,126,20000
MK,127,19999
MK,128,20000
MK,129,20000
MK,130,20000
MK,131,20000
MK,132,19998
MK,133,19999
MK,134,19999
MK,135,19992
MK,136,20000
MK,137,19999
MK,138,20000
MK,139,19999
MK,140,20000
MK,141,19999
MK,142,20000
MK,143,20000
MK,144,20000
MK,145,19999
MK,146,20000
MK,147,19998
MK,148,20000
MK,149,19997
MK,150,19999
MK,151,20000
MK,152,20000
MK,153,20000
MK,154,19999
MK,155,19998
MK,156,19999
MK,157,19996
MK,158,20000
MK,159,19999
MK,160,19999
MK,161,20000
MK,162,20000
MK,163,19999
MK,164,20000
MK,165,20000
MK,166,20000
MK,167,20000
MK,168,19997
MK,169,19997
MK,170,20000
MK,171,20000
MK,172,20000
MK,173,19993
MK,174,19995
MK,175,19996
MK,176,19999
MK,177,20000
MK,178,19998
MK,179,19997
MK,180,20000
MK,181,19999
MK,182,20000
MK,183,20000
MK,184,19998
MK,185,20000
MK,186,20000
MK,187,19998
MK,188,20000
MK,189,19998
MK,190,19995
MK,191,19998
MK,192,20000
MK,193,19999
MK,194,20000
MK,195,20000
MK,196,19997
MK,197,20000
MK,198,20000
MK,199,19998
MK+IE,0,20000
MK+IE,1,20000
MK+IE,2,20000
MK+IE,3,20000
MK+IE,4,20000
MK+IE,5,20000
MK+IE,6,20000
MK+IE,7,20000
MK+IE,8,20000
MK+IE,9,20000
MK+IE,10,20000
MK+IE,11,20000
MK+IE,12,19997
MK+IE,13,20000
MK+IE,14,20000
MK+IE,15,20000
MK+IE,16,20000
MK+IE,17,20000
MK+IE,18,20000
MK+IE,19,20000
MK+IE,20,20000
MK+IE,21,20000
MK+IE,22,20000
MK+IE,23,20000
MK+IE,24,20000
MK+IE,25,20000
MK+IE,26,20000
MK+IE,27,20000
MK+IE,28,20000
MK+IE,29,19997
MK+IE,30,19999
MK+IE,31,20000
MK+IE,32,20000
MK+IE,33,20000
MK+IE,34,20000
MK+IE,35,19999
MK+IE,36,20000
MK+IE,37,20000
MK+IE,38,20000
MK+IE,39,19998
MK+IE,40,20000
MK+IE,41,20000
MK+IE,42,20000
MK+IE,43,20000
MK+IE,44,20000
MK+IE,45,20000
MK+IE,46,20000
MK+IE,47,20000
MK+IE,48,20000
MK+IE,49,20000
MK+IE,50,20000
MK+IE,51,20000
MK+IE,52,20000
MK+IE,53,20000
MK+IE,54,20000
MK+IE,55,20000
MK+IE,56,20000
MK+IE,57,20000
MK+IE,58,20000
MK+IE,59,20000
MK+IE,60,20000
MK+IE,61,20000
MK+IE,62,20000
MK+IE,63,20000
MK+IE,64,20000
MK+IE,65,20000
MK+IE,66,20000
MK+IE,67,20000
MK+IE,68,20000
MK+IE,69,20000
MK+IE,70,20000
MK+IE,71,20000
MK+IE,72,20000
MK+IE,73,20000
MK+IE,74,20000
MK+IE,75,20000
MK+IE,76,20000
MK+IE,77,20000
MK+IE,78,19999
MK+IE,79,19997
MK+IE,80,20000
MK+IE,81,20000
MK+IE,82,20000
MK+IE,83,20000
MK+IE,84,20000
MK+IE,85,20000
MK+IE,86,20000
MK+IE,87,20000
MK+IE,88,20000
MK+IE,89,20000
MK+IE,90,19998
MK+IE,91,20000
MK+IE,92,20000
MK+IE,93,20000
MK+IE,94,20000
MK+IE,95,20000
MK+IE,96,20000
MK+IE,97,20000
MK+IE,98,20000
MK+IE,99,19999
MK+IE,100,20000
MK+IE,101,20000
MK+IE,102,20000
MK+IE,103,20000
MK+IE,104,20000
MK+IE,105,19998
MK+IE,106,20000
MK+IE,107,20000
MK+IE,108,20000
MK+IE,109,20000
MK+IE,110,19999
MK+IE,111,19999
MK+IE,112,20000
MK+IE,113,19999
MK+IE,114,20000
MK+IE,115,20000
MK+IE,116,20000
MK+IE,117,20000
MK+IE,118,20000
MK+IE,119,20000
MK+IE,120,20000
MK+IE,121,19998
MK+IE,122,20000
MK+IE,123,20000
MK+IE,124,20000
MK+IE,125,20000
MK+IE,126,20000
MK+IE,127,20000
MK+IE,128,19998
MK+IE,129,20000
MK+IE,130,19999
MK+IE,131,20000
MK+IE,132,20000
MK+IE,133,20000
MK+IE,134,20000
MK+IE,135,20000
MK+IE,136,19999
MK+IE,137,20000
MK+IE,138,19999
MK+IE,139,20000
MK+IE,140,20000
MK+IE,141,20000
MK+IE,142,20000
MK+IE,143,20000
MK+IE,144,20000
MK+IE,145,20000
MK+IE,146,20000
MK+IE,147,20000
MK+IE,148,20000
MK+IE,149,20000
MK+IE,150,20000
MK+IE,151,20000
MK+IE,152,20000
MK+IE,153,19999
MK+IE,154,20000
MK+IE,155,20000
MK+IE,156,20000
MK+IE,157,20000
MK+IE,158,19997
MK+IE,159,19998
MK+IE,160,20000
MK+IE,161,20000
MK+IE,162,20000
MK+IE,163,20000
MK+IE,164,20000
MK+IE,165,20000
MK+IE,166,20000
MK+IE,167,19998
MK+IE,168,20000
MK+IE,169,20000
MK+IE,170,20000
MK+IE,171,20000
MK+IE,172,20000
MK+IE,173,20000
MK+IE,174,19998
MK+IE,175,20000
MK+IE,176,20000
MK+IE,177,19999
MK+IE,178,20000
MK+IE,179,20000
MK+IE,180,19999
MK+IE,181,20000
MK+IE,182,20000
MK+IE,183,20000
MK+IE,184,20000
MK+IE,185,20000
MK+IE,186,20000
MK+IE,187,20000
MK+IE,188,20000
MK+IE,189,20000
MK+IE,190,19999
MK+IE,191,20000
MK+IE,192,20000
MK+IE,193,20000
MK+IE,194,20000
MK+IE,195,20000
MK+IE,196,19996
MK+IE,197,20000
MK+IE,198,20000
MK+IE,199,20000
MK+ER,0,20000
MK+ER,1,20000
MK+ER,2,20000
MK+ER,3,19998
MK+ER,4,20000
MK+ER,5,19999
MK+ER,6,20000
MK+ER,7,20000
MK+ER,8,20000
MK+ER,9,20000
MK+ER,10,20000
MK+ER,11,20000
MK+ER,12,20000
MK+ER,13,20000
MK+ER,14,19999
MK+ER,15,20000
MK+ER,16,20000
MK+ER,17,20000
MK+ER,18,19999
MK+ER,19,20000
MK+ER,20,20000
MK+ER,21,20000
MK+ER,22,19996
MK+ER,23,20000
MK+ER,24,20000
MK+ER,25,20000
MK+ER,26,20000
MK+ER,27,19995
MK+ER,28,20000
MK+ER,29,20000
MK+ER,30,19999
MK+ER,31,20000
MK+ER,32,20000
MK+ER,33,20000
MK+ER,34,20000
MK+ER,35,19999
MK+ER,36,19995
MK+ER,37,20000
MK+ER,38,20000
MK+ER,39,20000
MK+ER,40,19996
MK+ER,41,19997
MK+ER,42,20000
MK+ER,43,19998
MK+ER,44,19998
MK+ER,45,20000
MK+ER,46,19999
MK+ER,47,20000
MK+ER,48,20000
MK+ER,49,20000
MK+ER,50,20000
MK+ER,51,19997
MK+ER,52,20000
MK+ER,53,20000
MK+ER,54,19999
MK+ER,55,20000
MK+ER,56,19999
MK+ER,57,20000
MK+ER,58,19998
MK+ER,59,20000
MK+ER,60,19999
MK+ER,61,20000
MK+ER,62,20000
MK+ER,63,19999
MK+ER,64,20000
MK+ER,65,20000
MK+ER,66,20000
MK+ER,67,20000
MK+ER,68,20000
MK+ER,69,19995
MK+ER,70,20000
MK+ER,71,20000
MK+ER,72,19997
MK+ER,73,20000
MK+ER,74,20000
MK+ER,75,19999
MK+ER,76,19999
MK+ER,77,20000
MK+ER,78,20000
MK+ER,79,20000
MK+ER,80,19995
MK+ER,81,19997
MK+ER,82,20000
MK+ER,83,20000
MK+ER,84,20000
MK+ER,85,19999
MK+ER,86,19999
MK+ER,87,20000
MK+ER,88,19999
MK+ER,89,20000
MK+ER,90,20000
MK+ER,91,19998
MK+ER,92,20000
MK+ER,93,19997
MK+ER,94,20000
MK+ER,95,20000
MK+ER,96,20000
MK+ER,97,20000
MK+ER,98,19996
MK+ER,99,19998
MK+ER,100,19999
MK+ER,101,19992
MK+ER,102,19999
MK+ER,103,19994
MK+ER,104,20000
MK+ER,105,20000
MK+ER,106,20000
MK+ER,107,20000
MK+ER,108,20000
MK+ER,109,20000
MK+ER,110,20000
MK+ER,111,19999
MK+ER,112,20000
MK+ER,113,20000
MK+ER,114,20000
MK+ER,115,20000
MK+ER,116,20000
MK+ER,117,20000
MK+ER,118,20000
MK+ER,119,19998
MK+ER,120,19997
MK+ER,121,20000
MK+ER,122,20000
MK+ER,123,20000
MK+ER,124,19998
MK+ER,125,20000
MK+ER,126,19997
MK+ER,127,19998
MK+ER,128,19998
MK+ER,129,19999
MK+ER,130,20000
MK+ER,131,20000
MK+ER,132,20000
MK+ER,133,19998
MK+ER,134,20000
MK+ER,135,20000
MK+ER,136,20000
MK+ER,137,19995
MK+ER,138,20000
MK+ER,139,20000
MK+ER,140,20000
MK+ER,141,20000
MK+ER,142,20000
MK+ER,143,20000
MK+ER,144,20000
MK+ER,145,20000
MK+ER,146,20000
MK+ER,147,20000
MK+ER,148,20000
MK+ER,149,20000
MK+ER,150,20000
MK+ER,151,20000
MK+ER,152,20000
MK+ER,153,20000
MK+ER,154,20000
MK+ER,155,20000
MK+ER,156,20000
MK+ER,157,20000
MK+ER,158,20000
MK+ER,159,20000
MK+ER,160,20000
MK+ER,161,20000
MK+ER,162,19999
MK+ER,163,20000
MK+ER,164,20000
MK+ER,165,19997
MK+ER,166,19998
MK+ER,167,19998
MK+ER,168,19998
MK+ER,169,20000
MK+ER,170,19999
MK+ER,171,19998
MK+ER,172,20000
MK+ER,173,20000
MK+ER,174,19999
MK+ER,175,20000
MK+ER,176,20000
MK+ER,177,19999
MK+ER,178,19998
MK+ER,179,20000
MK+ER,180,20000
MK+ER,181,20000
MK+ER,182,19997
MK+ER,183,20000
MK+ER,184,19999
MK+ER,185,20000
MK+ER,186,20000
MK+ER,187,19999
MK+ER,188,19997
MK+ER,189,20000
MK+ER,190,20000
MK+ER,191,20000
MK+ER,192,20000
MK+ER,193,19999
MK+ER,194,20000
MK+ER,195,19997
MK+ER,196,20000
MK+ER,197,20000
MK+ER,198,20000
MK+ER,199,19999
MK+ER+IE,0,20000
MK+ER+IE,1,20000
MK+ER+IE,2,20000
MK+ER+IE,3,20000
MK+ER+IE,4,19999
MK+ER+IE,5,20000
MK+ER+IE,6,20000
MK+ER+IE,7,19992
MK+ER+IE,8,20000
MK+ER+IE,9,19999
MK+ER+IE,10,20000
MK+ER+IE,11,20000
MK+ER+IE,12,20000
MK+ER+IE,13,19999
MK+ER+IE,14,20000
MK+ER+IE,15,20000
MK+ER+IE,16,20000
MK+ER+IE,17,19998
MK+ER+IE,18,20000
MK+ER+IE,19,20000
MK+ER+IE,20,20000
MK+ER+IE,21,20000
MK+ER+IE,22,20000
MK+ER+IE,23,19999
MK+ER+IE,24,20000
MK+ER+IE,25,20000
MK+ER+IE,26,19999
MK+ER+IE,27,20000
MK+ER+IE,28,20000
MK+ER+IE,29,20000
MK+ER+IE,30,20000
MK+ER+IE,31,20000
MK+ER+IE,32,20000
MK+ER+IE,33,20000
MK+ER+IE,34,20000
MK+ER+IE,35,20000
MK+ER+IE,36,20000
MK+ER+IE,37,20000
MK+ER+IE,38,20000
MK+ER+IE,39,20000
MK+ER+IE,40,20000
MK+ER+IE,41,20000
MK+ER+IE,42,19997
MK+ER+IE,43,20000
MK+ER+IE,44,20000
MK+ER+IE,45,20000
MK+ER+IE,46,20000
MK+ER+IE,47,20000
MK+ER+IE,48,20000
MK+ER+IE,49,20000
MK+ER+IE,50,19999
MK+ER+IE,51,20000
MK+ER+IE,52,20000
MK+ER+IE,53,20000
MK+ER+IE,54,20000
MK+ER+IE,55,20000
MK+ER+IE,56,20000
MK+ER+IE,57,20000
MK+ER+IE,58,20000
MK+ER+IE,59,20000
MK+ER+IE,60,20000
MK+ER+IE,61,20000
MK+ER+IE,62,20000
MK+ER+IE,63,19997
MK+ER+IE,64,20000
MK+ER+IE,65,20000
MK+ER+IE,66,19999
MK+ER+IE,67,20000
MK+ER+IE,68,20000
MK+ER+IE,69,20000
MK+ER+IE,70,20000
MK+ER+IE,71,20000
MK+ER+IE,72,20000
MK+ER+IE,73,20000
MK+ER+IE,74,20000
MK+ER+IE,75,20000
MK+ER+IE,76,20000
MK+ER+IE,77,19999
MK+ER+IE,78,20000
MK+ER+IE,79,20000
MK+ER+IE,80,20000
MK+ER+IE,81,20000
MK+ER+IE,82,20000
MK+ER+IE,83,20000
MK+ER+IE,84,19998
MK+ER+IE,85,20000
MK+ER+IE,86,19999
MK+ER+IE,87,20000
MK+ER+IE,88,20000
MK+ER+IE,89,19998
MK+ER+IE,90,20000
MK+ER+IE,91,20000
MK+ER+IE,92,20000
MK+ER+IE,93,20000
MK+ER+IE,94,20000
MK+ER+IE,95,20000
MK+ER+IE,96,20000
MK+ER+IE,97,20000
MK+ER+IE,98,20000
MK+ER+IE,99,20000
MK+ER+IE,100,20000
MK+ER+IE,101,20000
MK+ER+IE,102,20000
MK+ER+IE,103,20000
MK+ER+IE,104,20000
MK+ER+IE,105,20000
MK+ER+IE,106,20000
MK+ER+IE,107,20000
MK+ER+IE,108,20000
MK+ER+IE,109,20000
MK+ER+IE,110,20000
MK+ER+IE,111,20000
MK+ER+IE,112,20000
MK+ER+IE,113,20000
MK+ER+IE,114,20000
MK+ER+IE,115,20000
MK+ER+IE,116,20000
MK+ER+IE,117,20000
MK+ER+IE,118,19995
MK+ER+IE,119,20000
MK+ER+IE,120,20000
MK+ER+IE,121,20000
MK+ER+IE,122,20000
MK+ER+IE,123,19998
MK+ER+IE,124,20000
MK+ER+IE,125,20000
MK+ER+IE,126,20000
MK+ER+IE,127,20000
MK+ER+IE,128,19999
MK+ER+IE,129,20000
MK+ER+IE,130,20000
MK+ER+IE,131,20000
MK+ER+IE,132,20000
MK+ER+IE,133,20000
MK+ER+IE,134,20000
MK+ER+IE,135,20000
MK+ER+IE,136,20000
MK+ER+IE,137,19999
MK+ER+IE,138,20000
MK+ER+IE,139,20000
MK+ER+IE,140,20000
MK+ER+IE,141,20000
MK+ER+IE,142,20000
MK+ER+IE,143,19998
MK+ER+IE,144,20000
MK+ER+IE,145,20000
MK+ER+IE,146,20000
MK+ER+IE,147,20000
MK+ER+IE,148,19997
MK+ER+IE,149,19999
MK+ER+IE,150,19998
MK+ER+IE,151,20000
MK+ER+IE,152,20000
MK+ER+IE,153,20000
MK+ER+IE,154,20000
MK+ER+IE,155,20000
MK+ER+IE,156,20000
MK+ER+IE,157,20000
MK+ER+IE,158,20000
MK+ER+IE,159,20000
MK+ER+IE,160,20000
MK+ER+IE,161,20000
MK+ER+IE,162,20000
MK+ER+IE,163,19999
MK+ER+IE,164,20000
MK+ER+IE,165,20000
MK+ER+IE,166,20000
MK+ER+IE,167,20000
MK+ER+IE,168,20000
MK+ER+IE,169,20000
MK+ER+IE,170,20000
MK+ER+IE,171,20000
MK+ER+IE,172,20000
MK+ER+IE,173,19999
MK+ER+IE,174,20000
MK+ER+IE,175,19997
MK+ER+IE,176,20000
MK+ER+IE,177,20000
MK+ER+IE,178,20000
MK+ER+IE,179,20000
MK+ER+IE,180,20000
MK+ER+IE,181,20000
MK+ER+IE,182,19999
MK+ER+IE,183,20000
MK+ER+IE,184,20000
MK+ER+IE,185,20000
MK+ER+IE,186,20000
MK+ER+IE,187,20000
MK+ER+IE,188,20000
MK+ER+IE,189,20000
MK+ER+IE,190,19997
MK+ER+IE,191,20000
MK+ER+IE,192,20000
MK+ER+IE,193,20000
MK+ER+IE,194,19999
MK+ER+IE,195,20000
MK+ER+IE,196,20000
MK+ER+IE,197,20000
MK+ER+IE,198,20000
MK+ER+IE,199,20000
CI,0,19549
CI,1,19422
CI,2,19421
CI,3,19515
CI,4,19645
CI,5,19395
CI,6,19407
CI,7,19570
CI,8,19505
CI,9,19340
CI,10,19719
CI,11,19486
CI,12,19382
CI,13,19267
CI,14,19620
CI,15,19562
CI,16,19487
CI,17,19485
CI,18,19323
CI,19,19510
CI,20,19518
CI,21,19509
CI,22,19492
CI,23,19669
CI,24,19608
CI,25,19636
CI,26,19443
CI,27,19389
CI,28,19602
CI,29,19401
CI,30,19231
CI,31,19511
CI,32,19459
CI,33,19542
CI,34,19649
CI,35,19614
CI,36,19493
CI,37,19547
CI,38,19400
CI,39,19493
CI,40,19306
CI,41,19645
CI,42,19678
CI,43,19396
CI,44,19490
CI,45,19672
CI,46,19471
CI,47,19415
CI,48,19401
CI,49,19285
CI,50,19168
CI,51,19613
CI,52,19543
CI,53,19443
CI,54,19596
CI,55,19406
CI,56,19373
CI,57,19521
CI,58,19353
CI,59,19503
CI,60,19414
CI,61,19592
CI,62,19662
CI,63,19393
CI,64,19251
CI,65,19639
CI,66,19525
CI,67,19432
CI,68,19429
CI,69,19620
CI,70,19386
CI,71,19620
CI,72,19302
CI,73,19478
CI,74,19510
CI,75,19577
CI,76,19538
CI,77,19247
CI,78,19378
CI,79,19519
CI,80,19510
CI,81,19573
CI,82,19642
CI,83,19350
CI,84,19521
CI,85,19526
CI,86,19382
CI,87,19280
CI,88,19477
CI,89,19482
CI,90,19462
CI,91,19351
CI,92,19598
CI,93,19630
CI,94,19381
CI,95,19616
CI,96,19482
CI,97,19563
CI,98,19439
CI,99,19724
CI,100,19558
CI,101,19426
CI,102,19742
CI,103,19512
CI,104,19584
CI,105,19543
CI,106,19556
CI,107,19403
CI,108,19557
CI,109,19343
CI,110,19528
CI,111,19496
CI,112,19456
CI,113,19569
CI,114,19609
CI,115,19481
CI,116,19380
CI,117,19504
CI,118,19643
CI,119,19381
CI,120,19567
CI,121,19474
CI,122,19296
CI,123,19542
CI,124,19377
CI,125,19529
CI,126,19634
CI,127,19423
CI,128,19382
CI,129,19523
CI,130,19333
CI,131,19480
CI,132,19506
CI,133,19475
CI,134,19788
CI,135,19391
CI,136,19542
CI,137,19564
CI,138,19518
CI,139,19567
CI,140,19487
CI,141,19478
CI,142,19555
CI,143,19653
CI,144,19616
CI,145,19521
CI,146,19499
CI,147,19470
CI,148,19483
CI,149,19526
CI,150,19205
CI,151,19420
CI,152,19544
CI,153,19674
CI,154,19500
CI,155,19494
CI,156,19410
CI,157,19533
CI,158,19615
CI,159,19563
CI,160,19311
CI,161,19635
CI,162,19346
CI,163,19622
CI,164,19275
CI,165,19579
CI,166,19534
CI,167,19570
CI,168,19316
CI,169,19523
CI,170,19663
CI,171,19437
CI,172,19603
CI,173,19527
CI,174,19576
CI,175,19674
CI,176,19320
CI,177,19486
CI,178,19453
CI,179,19326
CI,180,19316
CI,181,19411
CI,182,19372
CI,183,19609
CI,184,19456
CI,185,19543
CI,186,19641
CI,187,19531
CI,188,19388
CI,189,19416
CI,190,19584
CI,191,19457
CI,192,19564
CI,193,19498
CI,194,19545
CI,195,19584
CI,196,19367
CI,197,19515
CI,198,19457
CI,199,19357
CI+IE,0,19928
CI+IE,1,19953
CI+IE,2,19958
CI+IE,3,19991
CI+IE,4,19887
CI+IE,5,19931
CI+IE,6,19973
CI+IE,7,19912
CI+IE,8,19922
CI+IE,9,19811
CI+IE,10,19923
CI+IE,11,19900
CI+IE,12,19931
CI+IE,13,19937
CI+IE,14,19919
CI+IE,15,19869
CI+IE,16,19893
CI+IE,17,19907
CI+IE,18,19990
CI+IE,19,19887
CI+IE,20,19888
CI+IE,21,19876
CI+IE,22,19812
CI+IE,23,19991
CI+IE,24,19881
CI+IE,25,19977
CI+IE,26,19878
CI+IE,27,19925
CI+IE,28,19936
CI+IE,29,19883
CI+IE,30,19764
CI+IE,31,19845
CI+IE,32,19958
CI+IE,33,19941
CI+IE,34,19994
CI+IE,35,19689
CI+IE,36,19987
CI+IE,37,19913
CI+IE,38,19896
CI+IE,39,19952
CI+IE,40,19884
CI+IE,41,19859
CI+IE,42,19875
CI+IE,43,19959
CI+IE,44,19974
CI+IE,45,19930
CI+IE,46,19865
CI+IE,47,19942
CI+IE,48,19937
CI+IE,49,19911
CI+IE,50,19674
CI+IE,51,19895
CI+IE,52,19963
CI+IE,53,19989
CI+IE,54,19894
CI+IE,55,19970
CI+IE,56,19924
CI+IE,57,19913
CI+IE,58,19935
CI+IE,59,19983
CI+IE,60,19902
CI+IE,61,19985
CI+IE,62,19885
CI+IE,63,19968
CI+IE,64,19753
CI+IE,65,19942
CI+IE,66,19954
CI+IE,67,19974
CI+IE,68,19666
CI+IE,69,19952
CI+IE,70,19973
CI+IE,71,19861
CI+IE,72,19950
CI+IE,73,19952
CI+IE,74,19921
CI+IE,75,19982
CI+IE,76,19716
CI+IE,77,19954
CI+IE,78,19882
CI+IE,79,19880
CI+IE,80,19782
CI+IE,81,19833
CI+IE,82,19883
CI+IE,83,19944
CI+IE,84,19852
CI+IE,85,19970
CI+IE,86,19957
CI+IE,87,19875
CI+IE,88,19881
CI+IE,89,19787
CI+IE,90,19966
CI+IE,91,19962
CI+IE,92,19943
CI+IE,93,19926
CI+IE,94,19982
CI+IE,95,19913
CI+IE,96,19810
CI+IE,97,19888
CI+IE,98,19927
CI+IE,99,19853
CI+IE,100,19876
CI+IE,101,19815
CI+IE,102,19675
CI+IE,103,19994
CI+IE,104,19809
CI+IE,105,19954
CI+IE,106,19957
CI+IE,107,19853
CI+IE,108,19947
CI+IE,109,19886
CI+IE,110,19921
CI+IE,111,19755
CI+IE,112,19924
CI+IE,113,19965
CI+IE,114,19956
CI+IE,115,19982
CI+IE,116,19876
CI+IE,117,19900
CI+IE,118,19785
CI+IE,119,19835
CI+IE,120,19969
CI+IE,121,19904
CI+IE,122,19979
CI+IE,123,19842
CI+IE,124,19874
CI+IE,125,19980
CI+IE,126,19783
CI+IE,127,19822
CI+IE,128,19903
CI+IE,129,19975
CI+IE,130,19688
CI+IE,131,19976
CI+IE,132,19926
CI+IE,133,19960
CI+IE,134,19912
CI+IE,135,20000
CI+IE,136,19962
CI+IE,137,19980
CI+IE,138,19970
CI+IE,139,19876
CI+IE,140,19835
CI+IE,141,19836
CI+IE,142,19779
CI+IE,143,19846
CI+IE,144,19999
CI+IE,145,19831
CI+IE,146,19835
CI+IE,147,19976
CI+IE,148,19964
CI+IE,149,19882
CI+IE,150,19919
CI+IE,151,19941
CI+IE,152,19991
CI+IE,153,19892
CI+IE,154,19804
CI+IE,155,19913
CI+IE,156,19947
CI+IE,157,19998
CI+IE,158,19926
CI+IE,159,19833
CI+IE,160,19984
CI+IE,161,19988
CI+IE,162,19890
CI+IE,163,19770
CI+IE,164,19986
CI+IE,165,19926
CI+IE,166,19881
CI+IE,167,19944
CI+IE,168,19955
CI+IE,169,19901
CI+IE,170,19984
CI+IE,171,19841
CI+IE,172,19804
CI+IE,173,19918
CI+IE,174,19959
CI+IE,175,19833
CI+IE,176,19835
CI+IE,177,19955
CI+IE,178,19913
CI+IE,179,19941
CI+IE,180,19994
CI+IE,181,19696
CI+IE,182,19912
CI+IE,183,19778
CI+IE,184,19926
CI+IE,185,19762
CI+IE,186,19954
CI+IE,187,19632
CI+IE,188,19943
CI+IE,189,19846
CI+IE,190,19871
CI+IE,191,19788
CI+IE,192,19970
CI+IE,193,19963
CI+IE,194,19989
CI+IE,195,19845
CI+IE,196,19954
CI+IE,197,19954
CI+IE,198,19993
CI+IE,199,19938
CI+ER,0,19582
CI+ER,1,19663
CI+ER,2,19394
CI+ER,3,19452
CI+ER,4,19336
CI+ER,5,19672
CI+ER,6,19655
CI+ER,7,19606
CI+ER,8,19635
CI+ER,9,19690
CI+ER,10,19502
CI+ER,11,19491
CI+ER,12,19574
CI+ER,13,19715
CI+ER,14,19630
CI+ER,15,19562
CI+ER,16,19526
CI+ER,17,19489
CI+ER,18,19298
CI+ER,19,19530
CI+ER,20,19627
CI+ER,21,19484
CI+ER,22,19405
CI+ER,23,19538
CI+ER,24,19585
CI+ER,25,19590
CI+ER,26,19538
CI+ER,27,19565
CI+ER,28,19761
CI+ER,29,19645
CI+ER,30,19553
CI+ER,31,19491
CI+ER,32,19489
CI+ER,33,19504
CI+ER,34,19593
CI+ER,35,19394
CI+ER,36,19617
CI+ER,37,19531
CI+ER,38,19601
CI+ER,39,19462
CI+ER,40,19585
CI+ER,41,19644
CI+ER,42,19413
CI+ER,43,19444
CI+ER,44,19649
CI+ER,45,19650
CI+ER,46,19472
CI+ER,47,19498
CI+ER,48,19643
CI+ER,49,19342
CI+ER,50,19534
CI+ER,51,19615
CI+ER,52,19570
CI+ER,53,19400
CI+ER,54,19381
CI+ER,55,19293
CI+ER,56,19547
CI+ER,57,19473
CI+ER,58,19579
CI+ER,59,19547
CI+ER,60,19510
CI+ER,61,19550
CI+ER,62,19425
CI+ER,63,19521
CI+ER,64,19557
CI+ER,65,19517
CI+ER,66,19490
CI+ER,67,19613
CI+ER,68,19538
CI+ER,69,19568
CI+ER,70,19466
CI+ER,71,19406
CI+ER,72,19575
CI+ER,73,19606
CI+ER,74,19466
CI+ER,75,19674
CI+ER,76,19539
CI+ER,77,19715
CI+ER,78,19616
CI+ER,79,19300
CI+ER,80,19661
CI+ER,81,19539
CI+ER,82,19603
CI+ER,83,19445
CI+ER,84,19539
CI+ER,85,19396
CI+ER,86,19644
CI+ER,87,19276
CI+ER,88,19674
CI+ER,89,19446
CI+ER,90,19582
CI+ER,91,19644
CI+ER,92,19591
CI+ER,93,19566
CI+ER,94,19593
CI+ER,95,19478
CI+ER,96,19602
CI+ER,97,19457
CI+ER,98,19679
CI+ER,99,19663
CI+ER,100,19611
CI+ER,101,19592
CI+ER,102,19600
CI+ER,103,19625
CI+ER,104,19519
CI+ER,105,19622
CI+ER,106,19608
CI+ER,107,19545
CI+ER,108,19464
CI+ER,109,19503
CI+ER,110,19604
CI+ER,111,19374
CI+ER,112,19478
CI+ER,113,19574
CI+ER,114,19511
CI+ER,115,19294
CI+ER,116,19477
CI+ER,117,19611
CI+ER,118,19590
CI+ER,119,19702
CI+ER,120,19340
CI+ER,121,19463
CI+ER,122,19700
CI+ER,123,19469
CI+ER,124,19461
CI+ER,125,19602
CI+ER,126,19618
CI+ER,127,19447
CI+ER,128,19627
CI+ER,129,19548
CI+ER,130,19660
CI+ER,131,19694
CI+ER,132,19576
CI+ER,133,19540
CI+ER,134,19630
CI+ER,135,19615
CI+ER,136,19445
CI+ER,137,19680
CI+ER,138,19361
CI+ER,139,19583
CI+ER,140,19689
CI+ER,141,19299
CI+ER,142,19580
CI+ER,143,19431
CI+ER,144,19661
CI+ER,145,19459
CI+ER,146,19523
CI+ER,147,19601
CI+ER,148,19495
CI+ER,149,19350
CI+ER,150,19537
CI+ER,151,19658
CI+ER,152,19531
CI+ER,153,19483
CI+ER,154,19549
CI+ER,155,19651
CI+ER,156,19611
CI+ER,157,19363
CI+ER,158,19538
CI+ER,159,19461
CI+ER,160,19526
CI+ER,161,19595
CI+ER,162,19486
CI+ER,163,19698
CI+ER,164,19603
CI+ER,165,19563
CI+ER,166,19427
CI+ER,167,19518
CI+ER,168,19518
CI+ER,169,19516
CI+ER,170,19753
CI+ER,171,19526
CI+ER,172,19604
CI+ER,173,19540
CI+ER,174,19397
CI+ER,175,19558
CI+ER,176,19690
CI+ER,177,19396
CI+ER,178,19567
CI+ER,179,19481
CI+ER,180,19495
CI+ER,181,19570
CI+ER,182,19602
CI+ER,183,19584
CI+ER,184,19522
CI+ER,185,19645
CI+ER,186,19580
CI+ER,187,19454
CI+ER,188,19622
CI+ER,189,19564
CI+ER,190,19356
CI+ER,191,19504
CI+ER,192,19424
CI+ER,193,19357
CI+ER,194,19506
CI+ER,195,19476
CI+ER,196,19402
CI+ER,197,19574
CI+ER,198,19630
CI+ER,199,19564
CI+ER+IE,0,19917
CI+ER+IE,1,19984
CI+ER+IE,2,19989
CI+ER+IE,3,19955
CI+ER+IE,4,19945
CI+ER+IE,5,19995
CI+ER+IE,6,19966
CI+ER+IE,7,19940
CI+ER+IE,8,19980
CI+ER+IE,9,19944
CI+ER+IE,10,19959
CI+ER+IE,11,19925
CI+ER+IE,12,19892
CI+ER+IE,13,19928
CI+ER+IE,14,19908
CI+ER+IE,15,19800
CI+ER+IE,16,19969
CI+ER+IE,17,19970
CI+ER+IE,18,19910
CI+ER+IE,19,19997
CI+ER+IE,20,19752
CI+ER+IE,21,19892
CI+ER+IE,22,19986
CI+ER+IE,23,19988
CI+ER+IE,24,19787
CI+ER+IE,25,19961
CI+ER+IE,26,20000
CI+ER+IE,27,19817
CI+ER+IE,28,19955
CI+ER+IE,29,19982
CI+ER+IE,30,19961
CI+ER+IE,31,19944
CI+ER+IE,32,19974
CI+ER+IE,33,19966
CI+ER+IE,34,19985
CI+ER+IE,35,19980
CI+ER+IE,36,19831
CI+ER+IE,37,19993
CI+ER+IE,38,19822
CI+ER+IE,39,19868
CI+ER+IE,40,19987
CI+ER+IE,41,19806
CI+ER+IE,42,19950
CI+ER+IE,43,19870
CI+ER+IE,44,19979
CI+ER+IE,45,19782
CI+ER+IE,46,19988
CI+ER+IE,47,19979
CI+ER+IE,48,19825
CI+ER+IE,49,19870
CI+ER+IE,50,19953
CI+ER+IE,51,19969
CI+ER+IE,52,19980
CI+ER+IE,53,19907
CI+ER+IE,54,19994
CI+ER+IE,55,19935
CI+ER+IE,56,19950
CI+ER+IE,57,19844
CI+ER+IE,58,19985
CI+ER+IE,59,19862
CI+ER+IE,60,19966
CI+ER+IE,61,19974
CI+ER+IE,62,19992
CI+ER+IE,63,19998
CI+ER+IE,64,19864
CI+ER+IE,65,19963
CI+ER+IE,66,19928
CI+ER+IE,67,19906
CI+ER+IE,68,19971
CI+ER+IE,69,19912
CI+ER+IE,70,19992
CI+ER+IE,71,19851
CI+ER+IE,72,19879
CI+ER+IE,73,19943
CI+ER+IE,74,19937
CI+ER+IE,75,19950
CI+ER+IE,76,19966
CI+ER+IE,77,19934
CI+ER+IE,78,19931
CI+ER+IE,79,19911
CI+ER+IE,80,19947
CI+ER+IE,81,19949
CI+ER+IE,82,19990
CI+ER+IE,83,19911
CI+ER+IE,84,19994
CI+ER+IE,85,19924
CI+ER+IE,86,19955
CI+ER+IE,87,19889
CI+ER+IE,88,19993
CI+ER+IE,89,19900
CI+ER+IE,90,19860
CI+ER+IE,91,19879
CI+ER+IE,92,19920
CI+ER+IE,93,19820
CI+ER+IE,94,19882
CI+ER+IE,95,19938
CI+ER+IE,96,19839
CI+ER+IE,97,19935
CI+ER+IE,98,19999
CI+ER+IE,99,19919
CI+ER+IE,100,19898
CI+ER+IE,101,19874
CI+ER+IE,102,19930
CI+ER+IE,103,19981
CI+ER+IE,104,19811
CI+ER+IE,105,19962
CI+ER+IE,106,19877
CI+ER+IE,107,19994
CI+ER+IE,108,19880
CI+ER+IE,109,19980
CI+ER+IE,110,19967
CI+ER+IE,111,19937
CI+ER+IE,112,19804
CI+ER+IE,113,19906
CI+ER+IE,114,19970
CI+ER+IE,115,19984
CI+ER+IE,116,19817
CI+ER+IE,117,19909
CI+ER+IE,118,19988
CI+ER+IE,119,19929
CI+ER+IE,120,19874
CI+ER+IE,121,19847
CI+ER+IE,122,19920
CI+ER+IE,123,19888
CI+ER+IE,124,19904
CI+ER+IE,125,19939
CI+ER+IE,126,19972
CI+ER+IE,127,20000
CI+ER+IE,128,19686
CI+ER+IE,129,19944
CI+ER+IE,130,19945
CI+ER+IE,131,19925
CI+ER+IE,132,19944
CI+ER+IE,133,19925
CI+ER+IE,134,19907
CI+ER+IE,135,19980
CI+ER+IE,136,19988
CI+ER+IE,137,19909
CI+ER+IE,138,19896
CI+ER+IE,139,19962
CI+ER+IE,140,19873
CI+ER+IE,141,19995
CI+ER+IE,142,19973
CI+ER+IE,143,19941
CI+ER+IE,144,19966
CI+ER+IE,145,19944
CI+ER+IE,146,19907
CI+ER+IE,147,19986
CI+ER+IE,148,19954
CI+ER+IE,149,19991
CI+ER+IE,150,19929
CI+ER+IE,151,19910
CI+ER+IE,152,19896
CI+ER+IE,153,19964
CI+ER+IE,154,19927
CI+ER+IE,155,19973
CI+ER+IE,156,19943
CI+ER+IE,157,19918
CI+ER+IE,158,19936
CI+ER+IE,159,19899
CI+ER+IE,160,19928
CI+ER+IE,161,19974
CI+ER+IE,162,19950
CI+ER+IE,163,19953
CI+ER+IE,164,19872
CI+ER+IE,165,19977
CI+ER+IE,166,19847
CI+ER+IE,167,19959
CI+ER+IE,168,19950
CI+ER+IE,169,19986
CI+ER+IE,170,19933
CI+ER+IE,171,19963
CI+ER+IE,172,19921
CI+ER+IE,173,19974
CI+ER+IE,174,19916
CI+ER+IE,175,19931
CI+ER+IE,176,19986
CI+ER+IE,177,19985
CI+ER+IE,178,19914
CI+ER+IE,179,19937
CI+ER+IE,180,19958
CI+ER+IE,181,19959
CI+ER+IE,182,19926
CI+ER+IE,183,19954
CI+ER+IE,184,19979
CI+ER+IE,185,19963
CI+ER+IE,186,19982
CI+ER+IE,187,19992
CI+ER+IE,188,19989
CI+ER+IE,189,19978
CI+ER+IE,190,19976
CI+ER+IE,191,19965
CI+ER+IE,192,19996
CI+ER+IE,193,19925
CI+ER+IE,194,19929
CI+ER+IE,195,19980
CI+ER+IE,196,19997
CI+ER+IE,197,19895
CI+ER+IE,198,19968
CI+ER+IE,199,19996
CI+MK,0,20000
CI+MK,1,20000
CI+MK,2,19993
CI+MK,3,19996
CI+MK,4,20000
CI+MK,5,20000
CI+MK,6,20000
CI+MK,7,19997
CI+MK,8,19998
CI+MK,9,20000
CI+MK,10,20000
CI+MK,11,19997
CI+MK,12,19998
CI+MK,13,19999
CI+MK,14,20000
CI+MK,15,20000
CI+MK,16,20000
CI+MK,17,20000
CI+MK,18,20000
CI+MK,19,20000
CI+MK,20,19997
CI+MK,21,20000
CI+MK,22,20000
CI+MK,23,20000
CI+MK,24,20000
CI+MK,25,19999
CI+MK,26,20000
CI+MK,27,20000
CI+MK,28,20000
CI+MK,29,20000
CI+MK,30,20000
CI+MK,31,20000
CI+MK,32,20000
CI+MK,33,20000
CI+MK,34,20000
CI+MK,35,20000
CI+MK,36,20000
CI+MK,37,20000
CI+MK,38,20000
CI+MK,39,19998
CI+MK,40,20000
CI+MK,41,20000
CI+MK,42,20000
CI+MK,43,20000
CI+MK,44,20000
CI+MK,45,20000
CI+MK,46,20000
CI+MK,47,20000
CI+MK,48,20000
CI+MK,49,20000
CI+MK,50,20000
CI+MK,51,19999
CI+MK,52,19998
CI+MK,53,20000
CI+MK,54,20000
CI+MK,55,20000
CI+MK,56,20000
CI+MK,57,19998
CI+MK,58,19999
CI+MK,59,19999
CI+MK,60,20000
CI+MK,61,19997
CI+MK,62,19998
CI+MK,63,20000
CI+MK,64,20000
CI+MK,65,19998
CI+MK,66,20000
CI+MK,67,19998
CI+MK,68,20000
CI+MK,69,20000
CI+MK,70,20000
CI+MK,71,20000
CI+MK,72,20000
CI+MK,73,19999
CI+MK,74,20000
CI+MK,75,20000
CI+MK,76,19995
CI+MK,77,20000
CI+MK,78,19997
CI+MK,79,20000
CI+MK,80,19994
CI+MK,81,20000
CI+MK,82,19994
CI+MK,83,20000
CI+MK,84,20000
CI+MK,85,20000
CI+MK,86,20000
CI+MK,87,20000
CI+MK,88,20000
CI+MK,89,19998
CI+MK,90,20000
CI+MK,91,20000
CI+MK,92,20000
CI+MK,93,20000
CI+MK,94,19998
CI+MK,95,20000
CI+MK,96,19998
CI+MK,97,20000
CI+MK,98,20000
CI+MK,99,20000
CI+MK,100,19997
CI+MK,101,20000
CI+MK,102,20000
CI+MK,103,19998
CI+MK,104,20000
CI+MK,105,20000
CI+MK,106,19999
CI+MK,107,20000
CI+MK,108,19994
CI+MK,109,20000
CI+MK,110,20000
CI+MK,111,20000
CI+MK,112,20000
CI+MK,113,20000
CI+MK,114,19999
CI+MK,115,19998
CI+MK,116,20000
CI+MK,117,20000
CI+MK,118,19999
CI+MK,119,20000
CI+MK,120,19994
CI+MK,121,19998
CI+MK,122,19998
CI+MK,123,20000
CI+MK,124,20000
CI+MK,125,20000
CI+MK,126,20000
CI+MK,127,20000
CI+MK,128,19998
CI+MK,129,20000
CI+MK,130,19994
CI+MK,131,19999
CI+MK,132,20000
CI+MK,133,20000
CI+MK,134,20000
CI+MK,135,20000
CI+MK,136,20000
CI+MK,137,20000
CI+MK,138,19991
CI+MK,139,19996
CI+MK,140,19999
CI+MK,141,19995
CI+MK,142,20000
CI+MK,143,20000
CI+MK,144,20000
CI+MK,145,20000
CI+MK,146,20000
CI+MK,147,20000
CI+MK,148,20000
CI+MK,149,20000
CI+MK,150,20000
CI+MK,151,20000
CI+MK,152,20000
CI+MK,153,20000
CI+MK,154,20000
CI+MK,155,20000
CI+MK,156,20000
CI+MK,157,19998
CI+MK,158,20000
CI+MK,159,20000
CI+MK,160,20000
CI+MK,161,19997
CI+MK,162,20000
CI+MK,163,20000
CI+MK,164,19999
CI+MK,165,20000
CI+MK,166,20000
CI+MK,167,20000
CI+MK,168,20000
CI+MK,169,20000
CI+MK,170,19999
CI+MK,171,20000
CI+MK,172,20000
CI+MK,173,20000
CI+MK,174,19999
CI+MK,175,20000
CI+MK,176,20000
CI+MK,177,20000
CI+MK,178,19997
CI+MK,179,19999
CI+MK,180,20000
CI+MK,181,19996
CI+MK,182,20000
CI+MK,183,20000
CI+MK,184,20000
CI+MK,185,19999
CI+MK,186,20000
CI+MK,187,20000
CI+MK,188,20000
CI+MK,189,19999
CI+MK,190,20000
CI+MK,191,19999
CI+MK,192,20000
CI+MK,193,19997
CI+MK,194,19999
CI+MK,195,20000
CI+MK,196,20000
CI+MK,197,20000
CI+MK,198,20000
CI+MK,199,19999
CI+MK+IE,0,20000
CI+MK+IE,1,20000
CI+MK+IE,2,20000
CI+MK+IE,3,20000
CI+MK+IE,4,20000
CI+MK+IE,5,20000
CI+MK+IE,6,20000
CI+MK+IE,7,20000
CI+MK+IE,8,20000
CI+MK+IE,9,20000
CI+MK+IE,10,20000
CI+MK+IE,11,20000
CI+MK+IE,12,20000
CI+MK+IE,13,20000
CI+MK+IE,14,20000
CI+MK+IE,15,20000
CI+MK+IE,16,20000
CI+MK+IE,17,20000
CI+MK+IE,18,20000
CI+MK+IE,19,20000
CI+MK+IE,20,20000
CI+MK+IE,21,20000
CI+MK+IE,22,19998
CI+MK+IE,23,20000
CI+MK+IE,24,20000
CI+MK+IE,25,20000
CI+MK+IE,26,20000
CI+MK+IE,27,20000
CI+MK+IE,28,20000
CI+MK+IE,29,20000
CI+MK+IE,30,20000
CI+MK+IE,31,20000
CI+MK+IE,32,20000
CI+MK+IE,33,20000
CI+MK+IE,34,20000
CI+MK+IE,35,19999
CI+MK+IE,36,20000
CI+MK+IE,37,20000
CI+MK+IE,38,19998
CI+MK+IE,39,20000
CI+MK+IE,40,20000
CI+MK+IE,41,20000
CI+MK+IE,42,20000
CI+MK+IE,43,20000
CI+MK+IE,44,20000
CI+MK+IE,45,20000
CI+MK+IE,46,20000
CI+MK+IE,47,20000
CI+MK+IE,48,20000
CI+MK+IE,49,20000
CI+MK+IE,50,20000
CI+MK+IE,51,20000
CI+MK+IE,52,20000
CI+MK+IE,53,20000
CI+MK+IE,54,20000
CI+MK+IE,55,20000
CI+MK+IE,56,20000
CI+MK+IE,57,20000
CI+MK+IE,58,20000
CI+MK+IE,59,20000
CI+MK+IE,60,19999
CI+MK+IE,61,20000
CI+MK+IE,62,20000
CI+MK+IE,63,20000
CI+MK+IE,64,19995
CI+MK+IE,65,20000
CI+MK+IE,66,20000
CI+MK+IE,67,20000
CI+MK+IE,68,20000
CI+MK+IE,69,20000
CI+MK+IE,70,20000
CI+MK+IE,71,19999
CI+MK+IE,72,20000
CI+MK+IE,73,20000
CI+MK+IE,74,20000
CI+MK+IE,75,20000
CI+MK+IE,76,20000
CI+MK+IE,77,19999
CI+MK+IE,78,20000
CI+MK+IE,79,20000
CI+MK+IE,80,20000
CI+MK+IE,81,20000
CI+MK+IE,82,20000
CI+MK+IE,83,20000
CI+MK+IE,84,20000
CI+MK+IE,85,20000
CI+MK+IE,86,20000
CI+MK+IE,87,20000
CI+MK+IE,88,20000
CI+MK+IE,89,20000
CI+MK+IE,90,20000
CI+MK+IE,91,20000
CI+MK+IE,92,20000
CI+MK+IE,93,20000
CI+MK+IE,94,20000
CI+MK+IE,95,20000
CI+MK+IE,96,20000
CI+MK+IE,97,20000
CI+MK+IE,98,20000
CI+MK+IE,99,20000
CI+MK+IE,100,20000
CI+MK+IE,101,19999
CI+MK+IE,102,20000
CI+MK+IE,103,20000
CI+MK+IE,104,20000
CI+MK+IE,105,19998
CI+MK+IE,106,19998
CI+MK+IE,107,20000
CI+MK+IE,108,20000
CI+MK+IE,109,20000
CI+MK+IE,110,20000
CI+MK+IE,111,20000
CI+MK+IE,112,20000
CI+MK+IE,113,20000
CI+MK+IE,114,20000
CI+MK+IE,115,20000
CI+MK+IE,116,20000
CI+MK+IE,117,20000
CI+MK+IE,118,20000
CI+MK+IE,119,20000
CI+MK+IE,120,20000
CI+MK+IE,121,19996
CI+MK+IE,122,20000
CI+MK+IE,123,20000
CI+MK+IE,124,20000
CI+MK+IE,125,20000
CI+MK+IE,126,20000
CI+MK+IE,127,20000
CI+MK+IE,128,20000
CI+MK+IE,129,20000
CI+MK+IE,130,20000
CI+MK+IE,131,20000
CI+MK+IE,132,20000
CI+MK+IE,133,20000
CI+MK+IE,134,20000
CI+MK+IE,135,20000
CI+MK+IE,136,20000
CI+MK+IE,137,20000
CI+MK+IE,138,20000
CI+MK+IE,139,20000
CI+MK+IE,140,20000
CI+MK+IE,141,20000
CI+MK+IE,142,20000
CI+MK+IE,143,20000
CI+MK+IE,144,20000
CI+MK+IE,145,20000
CI+MK+IE,146,20000
CI+MK+IE,147,20000
CI+MK+IE,148,20000
CI+MK+IE,149,19999
CI+MK+IE,150,20000
CI+MK+IE,151,20000
CI+MK+IE,152,20000
CI+MK+IE,153,20000
CI+MK+IE,154,19996
CI+MK+IE,155,20000
CI+MK+IE,156,20000
CI+MK+IE,157,20000
CI+MK+IE,158,20000
CI+MK+IE,159,20000
CI+MK+IE,160,19999
CI+MK+IE,161,20000
CI+MK+IE,162,19998
CI+MK+IE,163,20000
CI+MK+IE,164,20000
CI+MK+IE,165,19999
CI+MK+IE,166,20000
CI+MK+IE,167,20000
CI+MK+IE,168,20000
CI+MK+IE,169,20000
CI+MK+IE,170,20000
CI+MK+IE,171,20000
CI+MK+IE,172,20000
CI+MK+IE,173,20000
CI+MK+IE,174,20000
CI+MK+IE,175,19998
CI+MK+IE,176,20000
CI+MK+IE,177,20000
CI+MK+IE,178,20000
CI+MK+IE,179,20000
CI+MK+IE,180,20000
CI+MK+IE,181,20000
CI+MK+IE,182,20000
CI+MK+IE,183,20000
CI+MK+IE,184,20000
CI+MK+IE,185,20000
CI+MK+IE,186,20000
CI+MK+IE,187,19999
CI+MK+IE,188,19998
CI+MK+IE,189,19999
CI+MK+IE,190,20000
CI+MK+IE,191,19998
CI+MK+IE,192,20000
CI+MK+IE,193,20000
CI+MK+IE,194,20000
CI+MK+IE,195,20000
CI+MK+IE,196,20000
CI+MK+IE,197,20000
CI+MK+IE,198,20000
CI+MK+IE,199,19998
CI+MK+ER,0,20000
CI+MK+ER,1,20000
CI+MK+ER,2,20000
CI+MK+ER,3,20000
CI+MK+ER,4,19999
CI+MK+ER,5,20000
CI+MK+ER,6,20000
CI+MK+ER,7,20000
CI+MK+ER,8,19999
CI+MK+ER,9,20000
CI+MK+ER,10,20000
CI+MK+ER,11,20000
CI+MK+ER,12,20000
CI+MK+ER,13,20000
CI+MK+ER,14,20000
CI+MK+ER,15,19997
CI+MK+ER,16,19998
CI+MK+ER,17,20000
CI+MK+ER,18,20000
CI+MK+ER,19,19999
CI+MK+ER,20,19998
CI+MK+ER,21,19996
CI+MK+ER,22,20000
CI+MK+ER,23,19999
CI+MK+ER,24,19999
CI+MK+ER,25,19998
CI+MK+ER,26,20000
CI+MK+ER,27,20000
CI+MK+ER,28,20000
CI+MK+ER,29,20000
CI+MK+ER,30,19997
CI+MK+ER,31,20000
CI+MK+ER,32,19999
CI+MK+ER,33,20000
CI+MK+ER,34,20000
CI+MK+ER,35,20000
CI+MK+ER,36,20000
CI+MK+ER,37,19999
CI+MK+ER,38,20000
CI+MK+ER,39,20000
CI+MK+ER,40,19998
CI+MK+ER,41,20000
CI+MK+ER,42,20000
CI+MK+ER,43,20000
CI+MK+ER,44,20000
CI+MK+ER,45,20000
CI+MK+ER,46,20000
CI+MK+ER,47,20000
CI+MK+ER,48,19997
CI+MK+ER,49,20000
CI+MK+ER,50,20000
CI+MK+ER,51,20000
CI+MK+ER,52,20000
CI+MK+ER,53,19998
CI+MK+ER,54,19999
CI+MK+ER,55,20000
CI+MK+ER,56,20000
CI+MK+ER,57,20000
CI+MK+ER,58,19999
CI+MK+ER,59,19998
CI+MK+ER,60,20000
CI+MK+ER,61,20000
CI+MK+ER,62,20000
CI+MK+ER,63,19997
CI+MK+ER,64,20000
CI+MK+ER,65,20000
CI+MK+ER,66,20000
CI+MK+ER,67,20000
CI+MK+ER,68,19999
CI+MK+ER,69,20000
CI+MK+ER,70,20000
CI+MK+ER,71,20000
CI+MK+ER,72,19997
CI+MK+ER,73,20000
CI+MK+ER,74,19999
CI+MK+ER,75,19999
CI+MK+ER,76,20000
CI+MK+ER,77,20000
CI+MK+ER,78,20000
CI+MK+ER,79,19996
CI+MK+ER,80,20000
CI+MK+ER,81,20000
CI+MK+ER,82,20000
CI+MK+ER,83,20000
CI+MK+ER,84,20000
CI+MK+ER,85,20000
CI+MK+ER,86,19997
CI+MK+ER,87,19999
CI+MK+ER,88,20000
CI+MK+ER,89,20000
CI+MK+ER,90,20000
CI+MK+ER,91,19997
CI+MK+ER,92,19996
CI+MK+ER,93,20000
CI+MK+ER,94,20000
CI+MK+ER,95,20000
CI+MK+ER,96,20000
CI+MK+ER,97,20000
CI+MK+ER,98,20000
CI+MK+ER,99,19996
CI+MK+ER,100,19998
CI+MK+ER,101,19999
CI+MK+ER,102,20000
CI+MK+ER,103,19995
CI+MK+ER,104,19999
CI+MK+ER,105,20000
CI+MK+ER,106,19999
CI+MK+ER,107,20000
CI+MK+ER,108,19996
CI+MK+ER,109,20000
CI+MK+ER,110,20000
CI+MK+ER,111,20000
CI+MK+ER,112,19991
CI+MK+ER,113,19998
CI+MK+ER,114,20000
CI+MK+ER,115,20000
CI+MK+ER,116,20000
CI+MK+ER,117,19997
CI+MK+ER,118,20000
CI+MK+ER,119,20000
CI+MK+ER,120,20000
CI+MK+ER,121,20000
CI+MK+ER,122,20000
CI+MK+ER,123,20000
CI+MK+ER,124,20000
CI+MK+ER,125,20000
CI+MK+ER,126,20000
CI+MK+ER,127,20000
CI+MK+ER,128,20000
CI+MK+ER,129,20000
CI+MK+ER,130,20000
CI+MK+ER,131,19998
CI+MK+ER,132,20000
CI+MK+ER,133,20000
CI+MK+ER,134,20000
CI+MK+ER,135,20000
CI+MK+ER,136,19999
CI+MK+ER,137,20000
CI+MK+ER,138,20000
CI+MK+ER,139,20000
CI+MK+ER,140,20000
CI+MK+ER,141,19998
CI+MK+ER,142,20000
CI+MK+ER,143,20000
CI+MK+ER,144,19996
CI+MK+ER,145,20000
CI+MK+ER,146,20000
CI+MK+ER,147,20000
CI+MK+ER,148,19996
CI+MK+ER,149,20000
CI+MK+ER,150,20000
CI+MK+ER,151,20000
CI+MK+ER,152,19999
CI+MK+ER,153,20000
CI+MK+ER,154,20000
CI+MK+ER,155,20000
CI+MK+ER,156,20000
CI+MK+ER,157,20000
CI+MK+ER,158,20000
CI+MK+ER,159,20000
CI+MK+ER,160,20000
CI+MK+ER,161,20000
CI+MK+ER,162,20000
CI+MK+ER,163,19999
CI+MK+ER,164,20000
CI+MK+ER,165,20000
CI+MK+ER,166,19998
CI+MK+ER,167,20000
CI+MK+ER,168,20000
CI+MK+ER,169,19999
CI+MK+ER,170,19998
CI+MK+ER,171,20000
CI+MK+ER,172,20000
CI+MK+ER,173,19998
CI+MK+ER,174,20000
CI+MK+ER,175,20000
CI+MK+ER,176,20000
CI+MK+ER,177,20000
CI+MK+ER,178,20000
CI+MK+ER,179,20000
CI+MK+ER,180,20000
CI+MK+ER,181,20000
CI+MK+ER,182,20000
CI+MK+ER,183,20000
CI+MK+ER,184,20000
CI+MK+ER,185,20000
CI+MK+ER,186,19998
CI+MK+ER,187,20000
CI+MK+ER,188,20000
CI+MK+ER,189,20000
CI+MK+ER,190,20000
CI+MK+ER,191,20000
CI+MK+ER,192,19998
CI+MK+ER,193,20000
CI+MK+ER,194,20000
CI+MK+ER,195,19998
CI+MK+ER,196,19995
CI+MK+ER,197,20000
CI+MK+ER,198,20000
CI+MK+ER,199,20000
CI+MK+ER+IE,0,20000
CI+MK+ER+IE,1,20000
CI+MK+ER+IE,2,19998
CI+MK+ER+IE,3,20000
CI+MK+ER+IE,4,20000
CI+MK+ER+IE,5,20000
CI+MK+ER+IE,6,20000
CI+MK+ER+IE,7,19998
CI+MK+ER+IE,8,20000
CI+MK+ER+IE,9,20000
CI+MK+ER+IE,10,20000
CI+MK+ER+IE,11,20000
CI+MK+ER+IE,12,20000
CI+MK+ER+IE,13,20000
CI+MK+ER+IE,14,20000
CI+MK+ER+IE,15,19999
CI+MK+ER+IE,16,20000
CI+MK+ER+IE,17,20000
CI+MK+ER+IE,18,20000
CI+MK+ER+IE,19,19998
CI+MK+ER+IE,20,20000
CI+MK+ER+IE,21,20000
CI+MK+ER+IE,22,20000
CI+MK+ER+IE,23,20000
CI+MK+ER+IE,24,20000
CI+MK+ER+IE,25,20000
CI+MK+ER+IE,26,20000
CI+MK+ER+IE,27,20000
CI+MK+ER+IE,28,20000
CI+MK+ER+IE,29,20000
CI+MK+ER+IE,30,19999
CI+MK+ER+IE,31,20000
CI+MK+ER+IE,32,20000
CI+MK+ER+IE,33,20000
CI+MK+ER+IE,34,20000
CI+MK+ER+IE,35,20000
CI+MK+ER+IE,36,19999
CI+MK+ER+IE,37,20000
CI+MK+ER+IE,38,20000
CI+MK+ER+IE,39,20000
CI+MK+ER+IE,40,20000
CI+MK+ER+IE,41,20000
CI+MK+ER+IE,42,20000
CI+MK+ER+IE,43,20000
CI+MK+ER+IE,44,19996
CI+MK+ER+IE,45,20000
CI+MK+ER+IE,46,20000
CI+MK+ER+IE,47,20000
CI+MK+ER+IE,48,20000
CI+MK+ER+IE,49,19999
CI+MK+ER+IE,50,20000
CI+MK+ER+IE,51,20000
CI+MK+ER+IE,52,20000
CI+MK+ER+IE,53,20000
CI+MK+ER+IE,54,19999
CI+MK+ER+IE,55,20000
CI+MK+ER+IE,56,20000
CI+MK+ER+IE,57,19999
CI+MK+ER+IE,58,20000
CI+MK+ER+IE,59,20000
CI+MK+ER+IE,60,20000
CI+MK+ER+IE,61,20000
CI+MK+ER+IE,62,20000
CI+MK+ER+IE,63,20000
CI+MK+ER+IE,64,20000
CI+MK+ER+IE,65,20000
CI+MK+ER+IE,66,20000
CI+MK+ER+IE,67,20000
CI+MK+ER+IE,68,20000
CI+MK+ER+IE,69,20000
CI+MK+ER+IE,70,20000
CI+MK+ER+IE,71,20000
CI+MK+ER+IE,72,20000
CI+MK+ER+IE,73,20000
CI+MK+ER+IE,74,20000
CI+MK+ER+IE,75,20000
CI+MK+ER+IE,76,20000
CI+MK+ER+IE,77,20000
CI+MK+ER+IE,78,20000
CI+MK+ER+IE,79,20000
CI+MK+ER+IE,80,19998
CI+MK+ER+IE,81,20000
CI+MK+ER+IE,82,19995
CI+MK+ER+IE,83,20000
CI+MK+ER+IE,84,20000
CI+MK+ER+IE,85,20000
CI+MK+ER+IE,86,20000
CI+MK+ER+IE,87,20000
CI+MK+ER+IE,88,20000
CI+MK+ER+IE,89,20000
CI+MK+ER+IE,90,20000
CI+MK+ER+IE,91,20000
CI+MK+ER+IE,92,20000
CI+MK+ER+IE,93,20000
CI+MK+ER+IE,94,20000
CI+MK+ER+IE,95,20000
CI+MK+ER+IE,96,20000
CI+MK+ER+IE,97,19998
CI+MK+ER+IE,98,19999
CI+MK+ER+IE,99,20000
CI+MK+ER+IE,100,19998
CI+MK+ER+IE,101,20000
CI+MK+ER+IE,102,20000
CI+MK+ER+IE,103,20000
CI+MK+ER+IE,104,20000
CI+MK+ER+IE,105,20000
CI+MK+ER+IE,106,20000
CI+MK+ER+IE,107,20000
CI+MK+ER+IE,108,20000
CI+MK+ER+IE,109,20000
CI+MK+ER+IE,110,20000
CI+MK+ER+IE,111,20000
CI+MK+ER+IE,112,20000
CI+MK+ER+IE,113,20000
CI+MK+ER+IE,114,20000
CI+MK+ER+IE,115,20000
CI+MK+ER+IE,116,20000
CI+MK+ER+IE,117,20000
CI+MK+ER+IE,118,20000
CI+MK+ER+IE,119,20000
CI+MK+ER+IE,120,20000
CI+MK+ER+IE,121,20000
CI+MK+ER+IE,122,20000
CI+MK+ER+IE,123,19999
CI+MK+ER+IE,124,20000
CI+MK+ER+IE,125,20000
CI+MK+ER+IE,126,20000
CI+MK+ER+IE,127,20000
CI+MK+ER+IE,128,20000
CI+MK+ER+IE,129,20000
CI+MK+ER+IE,130,20000
CI+MK+ER+IE,131,20000
CI+MK+ER+IE,132,20000
CI+MK+ER+IE,133,20000
CI+MK+ER+IE,134,20000
CI+MK+ER+IE,135,20000
CI+MK+ER+IE,136,20000
CI+MK+ER+IE,137,20000
CI+MK+ER+IE,138,20000
CI+MK+ER+IE,139,20000
CI+MK+ER+IE,140,20000
CI+MK+ER+IE,141,20000
CI+MK+ER+IE,142,20000
CI+MK+ER+IE,143,20000
CI+MK+ER+IE,144,19999
CI+MK+ER+IE,145,20000
CI+MK+ER+IE,146,20000
CI+MK+ER+IE,147,20000
CI+MK+ER+IE,148,20000
CI+MK+ER+IE,149,20000
CI+MK+ER+IE,150,20000
CI+MK+ER+IE,151,20000
CI+MK+ER+IE,152,20000
CI+MK+ER+IE,153,19997
CI+MK+ER+IE,154,20000
CI+MK+ER+IE,155,20000
CI+MK+ER+IE,156,20000
CI+MK+ER+IE,157,20000
CI+MK+ER+IE,158,20000
CI+MK+ER+IE,159,20000
CI+MK+ER+IE,160,19999
CI+MK+ER+IE,161,20000
CI+MK+ER+IE,162,20000
CI+MK+ER+IE,163,20000
CI+MK+ER+IE,164,20000
CI+MK+ER+IE,165,20000
CI+MK+ER+IE,166,20000
CI+MK+ER+IE,167,20000
CI+MK+ER+IE,168,20000
CI+MK+ER+IE,169,20000
CI+MK+ER+IE,170,20000
CI+MK+ER+IE,171,20000
CI+MK+ER+IE,172,19999
CI+MK+ER+IE,173,20000
CI+MK+ER+IE,174,20000
CI+MK+ER+IE,175,20000
CI+MK+ER+IE,176,20000
CI+MK+ER+IE,177,20000
CI+MK+ER+IE,178,20000
CI+MK+ER+IE,179,20000
CI+MK+ER+IE,180,20000
CI+MK+ER+IE,181,20000
CI+MK+ER+IE,182,20000
CI+MK+ER+IE,183,20000
CI+MK+ER+IE,184,20000
CI+MK+ER+IE,185,20000
CI+MK+ER+IE,186,20000
CI+MK+ER+IE,187,20000
CI+MK+ER+IE,188,20000
CI+MK+ER+IE,189,20000
CI+MK+ER+IE,190,20000
CI+MK+ER+IE,191,20000
CI+MK+ER+IE,192,20000
CI+MK+ER+IE,193,20000
CI+MK+ER+IE,194,20000
CI+MK+ER+IE,195,19999
CI+MK+ER+IE,196,20000
CI+MK+ER+IE,197,20000
CI+MK+ER+IE,198,20000
CI+MK+ER+IE,199,20000
