genotype,contrast,compartment,time_s,p_fwer
dnc-wt,Bouton_vs_Axon,g2,-10.0,1.0
dnc-wt,Bouton_vs_Axon,g2,-9.75,1.0
dnc-wt,Bouton_vs_Axon,g2,-9.5,1.0
dnc-wt,Bouton_vs_Axon,g2,-9.25,1.0
dnc-wt,Bouton_vs_Axon,g2,-9.0,1.0
dnc-wt,Bouton_vs_Axon,g2,-8.75,1.0
dnc-wt,Bouton_vs_Axon,g2,-8.5,1.0
dnc-wt,Bouton_vs_Axon,g2,-8.25,1.0
dnc-wt,Bouton_vs_Axon,g2,-8.0,1.0
dnc-wt,Bouton_vs_Axon,g2,-7.75,1.0
dnc-wt,Bouton_vs_Axon,g2,-7.5,1.0
dnc-wt,Bouton_vs_Axon,g2,-7.25,1.0
dnc-wt,Bouton_vs_Axon,g2,-7.0,1.0
dnc-wt,Bouton_vs_Axon,g2,-6.75,1.0
dnc-wt,Bouton_vs_Axon,g2,-6.5,1.0
dnc-wt,Bouton_vs_Axon,g2,-6.25,1.0
dnc-wt,Bouton_vs_Axon,g2,-6.0,1.0
dnc-wt,Bouton_vs_Axon,g2,-5.75,1.0
dnc-wt,Bouton_vs_Axon,g2,-5.5,1.0
dnc-wt,Bouton_vs_Axon,g2,-5.25,1.0
dnc-wt,Bouton_vs_Axon,g2,-5.0,1.0
dnc-wt,Bouton_vs_Axon,g2,-4.75,1.0
dnc-wt,Bouton_vs_Axon,g2,-4.5,1.0
dnc-wt,Bouton_vs_Axon,g2,-4.25,1.0
dnc-wt,Bouton_vs_Axon,g2,-4.0,1.0
dnc-wt,Bouton_vs_Axon,g2,-3.75,1.0
dnc-wt,Bouton_vs_Axon,g2,-3.5,1.0
dnc-wt,Bouton_vs_Axon,g2,-3.25,1.0
dnc-wt,Bouton_vs_Axon,g2,-3.0,1.0
dnc-wt,Bouton_vs_Axon,g2,-2.75,1.0
dnc-wt,Bouton_vs_Axon,g2,-2.5,1.0
dnc-wt,Bouton_vs_Axon,g2,-2.25,1.0
dnc-wt,Bouton_vs_Axon,g2,-2.0,1.0
dnc-wt,Bouton_vs_Axon,g2,-1.75,1.0
dnc-wt,Bouton_vs_Axon,g2,-1.5,1.0
dnc-wt,Bouton_vs_Axon,g2,-1.25,1.0
dnc-wt,Bouton_vs_Axon,g2,-1.0,1.0
dnc-wt,Bouton_vs_Axon,g2,-0.75,1.0
dnc-wt,Bouton_vs_Axon,g2,-0.5,1.0
dnc-wt,Bouton_vs_Axon,g2,-0.25,1.0
dnc-wt,Bouton_vs_Axon,g2,0.0,1.0
dnc-wt,Bouton_vs_Axon,g2,0.25,1.0
dnc-wt,Bouton_vs_Axon,g2,0.5,0.125
dnc-wt,Bouton_vs_Axon,g2,0.75,0.125
dnc-wt,Bouton_vs_Axon,g2,1.0,1.0
dnc-wt,Bouton_vs_Axon,g2,1.25,1.0
dnc-wt,Bouton_vs_Axon,g2,1.5,1.0
dnc-wt,Bouton_vs_Axon,g2,1.75,1.0
dnc-wt,Bouton_vs_Axon,g2,2.0,1.0
dnc-wt,Bouton_vs_Axon,g2,2.25,1.0
dnc-wt,Bouton_vs_Axon,g2,2.5,1.0
dnc-wt,Bouton_vs_Axon,g2,2.75,1.0
dnc-wt,Bouton_vs_Axon,g2,3.0,1.0
dnc-wt,Bouton_vs_Axon,g2,3.25,1.0
dnc-wt,Bouton_vs_Axon,g2,3.5,1.0
dnc-wt,Bouton_vs_Axon,g2,3.75,1.0
dnc-wt,Bouton_vs_Axon,g2,4.0,1.0
dnc-wt,Bouton_vs_Axon,g2,4.25,1.0
dnc-wt,Bouton_vs_Axon,g2,4.5,1.0
dnc-wt,Bouton_vs_Axon,g2,4.75,1.0
dnc-wt,Bouton_vs_Axon,g2,5.0,1.0
dnc-wt,Bouton_vs_Axon,g2,5.25,1.0
dnc-wt,Bouton_vs_Axon,g2,5.5,1.0
dnc-wt,Bouton_vs_Axon,g2,5.75,1.0
dnc-wt,Bouton_vs_Axon,g2,6.0,0.125
dnc-wt,Bouton_vs_Axon,g2,6.25,0.125
dnc-wt,Bouton_vs_Axon,g2,6.5,1.0
dnc-wt,Bouton_vs_Axon,g2,6.75,1.0
dnc-wt,Bouton_vs_Axon,g2,7.0,1.0
dnc-wt,Bouton_vs_Axon,g2,7.25,1.0
dnc-wt,Bouton_vs_Axon,g2,7.5,1.0
dnc-wt,Bouton_vs_Axon,g2,7.75,1.0
dnc-wt,Bouton_vs_Axon,g2,8.0,1.0
dnc-wt,Bouton_vs_Axon,g2,8.25,1.0
dnc-wt,Bouton_vs_Axon,g2,8.5,1.0
dnc-wt,Bouton_vs_Axon,g2,8.75,1.0
dnc-wt,Bouton_vs_Axon,g2,9.0,1.0
dnc-wt,Bouton_vs_Axon,g2,9.25,1.0
dnc-wt,Bouton_vs_Axon,g2,9.5,1.0
dnc-wt,Bouton_vs_Axon,g2,9.75,1.0
dnc-wt,Bouton_vs_Axon,g2,10.0,1.0
dnc-wt,Bouton_vs_Axon,g2,10.25,1.0
dnc-wt,Bouton_vs_Axon,g2,10.5,1.0
dnc-wt,Bouton_vs_Axon,g2,10.75,1.0
dnc-wt,Bouton_vs_Axon,g2,11.0,1.0
dnc-wt,Bouton_vs_Axon,g2,11.25,1.0
dnc-wt,Bouton_vs_Axon,g2,11.5,1.0
dnc-wt,Bouton_vs_Axon,g2,11.75,0.25
dnc-wt,Bouton_vs_Axon,g2,12.0,0.25
dnc-wt,Bouton_vs_Axon,g2,12.25,1.0
dnc-wt,Bouton_vs_Axon,g2,12.5,1.0
dnc-wt,Bouton_vs_Axon,g2,12.75,1.0
dnc-wt,Bouton_vs_Axon,g2,13.0,1.0
dnc-wt,Bouton_vs_Axon,g2,13.25,1.0
dnc-wt,Bouton_vs_Axon,g2,13.5,1.0
dnc-wt,Bouton_vs_Axon,g2,13.75,1.0
dnc-wt,Bouton_vs_Axon,g2,14.0,1.0
dnc-wt,Bouton_vs_Axon,g2,14.25,1.0
dnc-wt,Bouton_vs_Axon,g2,14.5,1.0
dnc-wt,Bouton_vs_Axon,g2,14.75,1.0
dnc-wt,Bouton_vs_Axon,g2,15.0,1.0
dnc-wt,Bouton_vs_Axon,g2,15.25,1.0
dnc-wt,Bouton_vs_Axon,g2,15.5,1.0
dnc-wt,Bouton_vs_Axon,g2,15.75,1.0
dnc-wt,Bouton_vs_Axon,g2,16.0,1.0
dnc-wt,Bouton_vs_Axon,g2,16.25,1.0
dnc-wt,Bouton_vs_Axon,g2,16.5,1.0
dnc-wt,Bouton_vs_Axon,g2,16.75,1.0
dnc-wt,Bouton_vs_Axon,g2,17.0,1.0
dnc-wt,Bouton_vs_Axon,g2,17.25,1.0
dnc-wt,Bouton_vs_Axon,g2,17.5,1.0
dnc-wt,Bouton_vs_Axon,g2,17.75,1.0
dnc-wt,Bouton_vs_Axon,g2,18.0,1.0
dnc-wt,Bouton_vs_Axon,g2,18.25,1.0
dnc-wt,Bouton_vs_Axon,g2,18.5,1.0
dnc-wt,Bouton_vs_Axon,g2,18.75,0.25
dnc-wt,Bouton_vs_Axon,g2,19.0,1.0
dnc-wt,Bouton_vs_Axon,g2,19.25,1.0
dnc-wt,Bouton_vs_Axon,g2,19.5,1.0
dnc-wt,Bouton_vs_Axon,g2,19.75,1.0
dnc-wt,Bouton_vs_Axon,g2,20.0,1.0
dnc-wt,Bouton_vs_Axon,g2,20.25,1.0
dnc-wt,Bouton_vs_Axon,g2,20.5,1.0
dnc-wt,Bouton_vs_Axon,g2,20.75,1.0
dnc-wt,Bouton_vs_Axon,g2,21.0,1.0
dnc-wt,Bouton_vs_Axon,g2,21.25,1.0
dnc-wt,Bouton_vs_Axon,g2,21.5,0.625
dnc-wt,Bouton_vs_Axon,g2,21.75,1.0
dnc-wt,Bouton_vs_Axon,g2,22.0,0.75
dnc-wt,Bouton_vs_Axon,g2,22.25,1.0
dnc-wt,Bouton_vs_Axon,g2,22.5,1.0
dnc-wt,Bouton_vs_Axon,g2,22.75,1.0
dnc-wt,Bouton_vs_Axon,g2,23.0,1.0
dnc-wt,Bouton_vs_Axon,g2,23.25,1.0
dnc-wt,Bouton_vs_Axon,g2,23.5,1.0
dnc-wt,Bouton_vs_Axon,g2,23.75,1.0
dnc-wt,Bouton_vs_Axon,g2,24.0,1.0
dnc-wt,Bouton_vs_Axon,g2,24.25,1.0
dnc-wt,Bouton_vs_Axon,g2,24.5,1.0
dnc-wt,Bouton_vs_Axon,g2,24.75,1.0
dnc-wt,Bouton_vs_Axon,g2,25.0,1.0
dnc-wt,Bouton_vs_Axon,g2,25.25,1.0
dnc-wt,Bouton_vs_Axon,g2,25.5,1.0
dnc-wt,Bouton_vs_Axon,g2,25.75,1.0
dnc-wt,Bouton_vs_Axon,g2,26.0,1.0
dnc-wt,Bouton_vs_Axon,g2,26.25,1.0
dnc-wt,Bouton_vs_Axon,g2,26.5,1.0
dnc-wt,Bouton_vs_Axon,g2,26.75,1.0
dnc-wt,Bouton_vs_Axon,g2,27.0,1.0
dnc-wt,Bouton_vs_Axon,g2,27.25,1.0
dnc-wt,Bouton_vs_Axon,g2,27.5,1.0
dnc-wt,Bouton_vs_Axon,g2,27.75,0.5
dnc-wt,Bouton_vs_Axon,g2,28.0,0.5
dnc-wt,Bouton_vs_Axon,g2,28.25,1.0
dnc-wt,Bouton_vs_Axon,g2,28.5,1.0
dnc-wt,Bouton_vs_Axon,g2,28.75,1.0
dnc-wt,Bouton_vs_Axon,g2,29.0,1.0
dnc-wt,Bouton_vs_Axon,g2,29.25,1.0
dnc-wt,Bouton_vs_Axon,g2,29.5,1.0
dnc-wt,Bouton_vs_Axon,g2,29.75,1.0
dnc-wt,Bouton_vs_Axon,g2,30.0,1.0
dnc-wt,Bouton_vs_Axon,g2,30.25,1.0
dnc-wt,Bouton_vs_Axon,g2,30.5,1.0
dnc-wt,Bouton_vs_Axon,g2,30.75,1.0
dnc-wt,Bouton_vs_Axon,g2,31.0,1.0
dnc-wt,Bouton_vs_Axon,g2,31.25,0.125
dnc-wt,Bouton_vs_Axon,g2,31.5,0.125
dnc-wt,Bouton_vs_Axon,g2,31.75,0.125
dnc-wt,Bouton_vs_Axon,g2,32.0,1.0
dnc-wt,Bouton_vs_Axon,g2,32.25,1.0
dnc-wt,Bouton_vs_Axon,g2,32.5,1.0
dnc-wt,Bouton_vs_Axon,g2,32.75,1.0
dnc-wt,Bouton_vs_Axon,g2,33.0,1.0
dnc-wt,Bouton_vs_Axon,g2,33.25,1.0
dnc-wt,Bouton_vs_Axon,g2,33.5,1.0
dnc-wt,Bouton_vs_Axon,g2,33.75,1.0
dnc-wt,Bouton_vs_Axon,g2,34.0,1.0
dnc-wt,Bouton_vs_Axon,g2,34.25,1.0
dnc-wt,Bouton_vs_Axon,g2,34.5,1.0
dnc-wt,Bouton_vs_Axon,g2,34.75,1.0
dnc-wt,Bouton_vs_Axon,g2,35.0,1.0
dnc-wt,Bouton_vs_Axon,g2,35.25,1.0
dnc-wt,Bouton_vs_Axon,g2,35.5,1.0
dnc-wt,Bouton_vs_Axon,g2,35.75,1.0
dnc-wt,Bouton_vs_Axon,g2,36.0,1.0
dnc-wt,Bouton_vs_Axon,g2,36.25,1.0
dnc-wt,Bouton_vs_Axon,g2,36.5,1.0
dnc-wt,Bouton_vs_Axon,g2,36.75,1.0
dnc-wt,Bouton_vs_Axon,g2,37.0,1.0
dnc-wt,Bouton_vs_Axon,g2,37.25,1.0
dnc-wt,Bouton_vs_Axon,g2,37.5,1.0
dnc-wt,Bouton_vs_Axon,g2,37.75,1.0
dnc-wt,Bouton_vs_Axon,g2,38.0,1.0
dnc-wt,Bouton_vs_Axon,g2,38.25,1.0
dnc-wt,Bouton_vs_Axon,g2,38.5,0.125
dnc-wt,Bouton_vs_Axon,g2,38.75,1.0
dnc-wt,Bouton_vs_Axon,g2,39.0,1.0
dnc-wt,Bouton_vs_Axon,g2,39.25,1.0
dnc-wt,Bouton_vs_Axon,g2,39.5,1.0
dnc-wt,Bouton_vs_Axon,g2,39.75,0.75
dnc-wt,Bouton_vs_Axon,g2,40.0,1.0
dnc-wt,Bouton_vs_Axon,g2,40.25,1.0
dnc-wt,Bouton_vs_Axon,g2,40.5,1.0
dnc-wt,Bouton_vs_Axon,g2,40.75,1.0
dnc-wt,Bouton_vs_Axon,g2,41.0,1.0
dnc-wt,Bouton_vs_Axon,g2,41.25,1.0
dnc-wt,Bouton_vs_Axon,g2,41.5,1.0
dnc-wt,Bouton_vs_Axon,g2,41.75,1.0
dnc-wt,Bouton_vs_Axon,g2,42.0,1.0
dnc-wt,Bouton_vs_Axon,g2,42.25,1.0
dnc-wt,Bouton_vs_Axon,g2,42.5,1.0
dnc-wt,Bouton_vs_Axon,g2,42.75,1.0
dnc-wt,Bouton_vs_Axon,g2,43.0,1.0
dnc-wt,Bouton_vs_Axon,g2,43.25,1.0
dnc-wt,Bouton_vs_Axon,g2,43.5,1.0
dnc-wt,Bouton_vs_Axon,g2,43.75,1.0
dnc-wt,Bouton_vs_Axon,g2,44.0,1.0
dnc-wt,Bouton_vs_Axon,g2,44.25,1.0
dnc-wt,Bouton_vs_Axon,g2,44.5,1.0
dnc-wt,Bouton_vs_Axon,g2,44.75,1.0
dnc-wt,Bouton_vs_Axon,g2,45.0,1.0
dnc-wt,Bouton_vs_Axon,g2,45.25,1.0
dnc-wt,Bouton_vs_Axon,g2,45.5,1.0
dnc-wt,Bouton_vs_Axon,g2,45.75,1.0
dnc-wt,Bouton_vs_Axon,g2,46.0,1.0
dnc-wt,Bouton_vs_Axon,g2,46.25,1.0
dnc-wt,Bouton_vs_Axon,g2,46.5,1.0
dnc-wt,Bouton_vs_Axon,g2,46.75,1.0
dnc-wt,Bouton_vs_Axon,g2,47.0,1.0
dnc-wt,Bouton_vs_Axon,g2,47.25,1.0
dnc-wt,Bouton_vs_Axon,g2,47.5,1.0
dnc-wt,Bouton_vs_Axon,g2,47.75,1.0
dnc-wt,Bouton_vs_Axon,g2,48.0,1.0
dnc-wt,Bouton_vs_Axon,g2,48.25,1.0
dnc-wt,Bouton_vs_Axon,g2,48.5,1.0
dnc-wt,Bouton_vs_Axon,g2,48.75,1.0
dnc-wt,Bouton_vs_Axon,g2,49.0,1.0
dnc-wt,Bouton_vs_Axon,g2,49.25,1.0
dnc-wt,Bouton_vs_Axon,g2,49.5,1.0
dnc-wt,Bouton_vs_Axon,g2,49.75,1.0
dnc-wt,Bouton_vs_Axon,g2,50.0,1.0
dnc-wt,Bouton_vs_Axon,g2,50.25,1.0
dnc-wt,Bouton_vs_Axon,g2,50.5,1.0
dnc-wt,Bouton_vs_Axon,g2,50.75,1.0
dnc-wt,Bouton_vs_Axon,g2,51.0,1.0
dnc-wt,Bouton_vs_Axon,g2,51.25,1.0
dnc-wt,Bouton_vs_Axon,g2,51.5,1.0
dnc-wt,Bouton_vs_Axon,g2,51.75,1.0
dnc-wt,Bouton_vs_Axon,g2,52.0,0.5
dnc-wt,Bouton_vs_Axon,g2,52.25,0.5
dnc-wt,Bouton_vs_Axon,g2,52.5,1.0
dnc-wt,Bouton_vs_Axon,g2,52.75,1.0
dnc-wt,Bouton_vs_Axon,g2,53.0,1.0
dnc-wt,Bouton_vs_Axon,g2,53.25,1.0
dnc-wt,Bouton_vs_Axon,g2,53.5,1.0
dnc-wt,Bouton_vs_Axon,g2,53.75,1.0
dnc-wt,Bouton_vs_Axon,g2,54.0,1.0
dnc-wt,Bouton_vs_Axon,g2,54.25,1.0
dnc-wt,Bouton_vs_Axon,g2,54.5,1.0
dnc-wt,Bouton_vs_Axon,g2,54.75,1.0
dnc-wt,Bouton_vs_Axon,g2,55.0,1.0
dnc-wt,Bouton_vs_Axon,g2,55.25,1.0
dnc-wt,Bouton_vs_Axon,g2,55.5,1.0
dnc-wt,Bouton_vs_Axon,g2,55.75,1.0
dnc-wt,Bouton_vs_Axon,g2,56.0,1.0
dnc-wt,Bouton_vs_Axon,g2,56.25,1.0
dnc-wt,Bouton_vs_Axon,g2,56.5,0.875
dnc-wt,Bouton_vs_Axon,g2,56.75,1.0
dnc-wt,Bouton_vs_Axon,g2,57.0,1.0
dnc-wt,Bouton_vs_Axon,g2,57.25,1.0
dnc-wt,Bouton_vs_Axon,g2,57.5,1.0
dnc-wt,Bouton_vs_Axon,g2,57.75,1.0
dnc-wt,Bouton_vs_Axon,g2,58.0,1.0
dnc-wt,Bouton_vs_Axon,g2,58.25,1.0
dnc-wt,Bouton_vs_Axon,g2,58.5,1.0
dnc-wt,Bouton_vs_Axon,g2,58.75,1.0
dnc-wt,Bouton_vs_Axon,g2,59.0,1.0
dnc-wt,Bouton_vs_Axon,g2,59.25,1.0
dnc-wt,Bouton_vs_Axon,g2,59.5,1.0
dnc-wt,Bouton_vs_Axon,g2,59.75,1.0
dnc-wt,Bouton_vs_Axon,g2,60.0,1.0
dnc-wt,Bouton_vs_Axon,g2,60.25,1.0
dnc-wt,Bouton_vs_Axon,g2,60.5,1.0
dnc-wt,Bouton_vs_Axon,g2,60.75,1.0
dnc-wt,Bouton_vs_Axon,g2,61.0,1.0
dnc-wt,Bouton_vs_Axon,g2,61.25,1.0
dnc-wt,Bouton_vs_Axon,g2,61.5,1.0
dnc-wt,Bouton_vs_Axon,g2,61.75,1.0
dnc-wt,Bouton_vs_Axon,g2,62.0,1.0
dnc-wt,Bouton_vs_Axon,g2,62.25,0.625
dnc-wt,Bouton_vs_Axon,g2,62.5,1.0
dnc-wt,Bouton_vs_Axon,g2,62.75,1.0
dnc-wt,Bouton_vs_Axon,g2,63.0,0.625
dnc-wt,Bouton_vs_Axon,g2,63.25,1.0
dnc-wt,Bouton_vs_Axon,g2,63.5,1.0
dnc-wt,Bouton_vs_Axon,g2,63.75,1.0
dnc-wt,Bouton_vs_Axon,g2,64.0,1.0
dnc-wt,Bouton_vs_Axon,g2,64.25,1.0
dnc-wt,Bouton_vs_Axon,g2,64.5,1.0
dnc-wt,Bouton_vs_Axon,g2,64.75,1.0
dnc-wt,Bouton_vs_Axon,g2,65.0,1.0
dnc-wt,Bouton_vs_Axon,g2,65.25,1.0
dnc-wt,Bouton_vs_Axon,g2,65.5,1.0
dnc-wt,Bouton_vs_Axon,g2,65.75,1.0
dnc-wt,Bouton_vs_Axon,g2,66.0,1.0
dnc-wt,Bouton_vs_Axon,g2,66.25,1.0
dnc-wt,Bouton_vs_Axon,g2,66.5,1.0
dnc-wt,Bouton_vs_Axon,g2,66.75,1.0
dnc-wt,Bouton_vs_Axon,g2,67.0,0.125
dnc-wt,Bouton_vs_Axon,g2,67.25,0.125
dnc-wt,Bouton_vs_Axon,g2,67.5,1.0
dnc-wt,Bouton_vs_Axon,g2,67.75,1.0
dnc-wt,Bouton_vs_Axon,g2,68.0,1.0
dnc-wt,Bouton_vs_Axon,g2,68.25,1.0
dnc-wt,Bouton_vs_Axon,g2,68.5,1.0
dnc-wt,Bouton_vs_Axon,g2,68.75,1.0
dnc-wt,Bouton_vs_Axon,g2,69.0,1.0
dnc-wt,Bouton_vs_Axon,g2,69.25,1.0
dnc-wt,Bouton_vs_Axon,g2,69.5,1.0
dnc-wt,Bouton_vs_Axon,g2,69.75,1.0
dnc-wt,Bouton_vs_Axon,g2,70.0,1.0
dnc-wt,Bouton_vs_Axon,g2,70.25,1.0
dnc-wt,Bouton_vs_Axon,g2,70.5,1.0
dnc-wt,Bouton_vs_Axon,g2,70.75,1.0
dnc-wt,Bouton_vs_Axon,g2,71.0,1.0
dnc-wt,Bouton_vs_Axon,g2,71.25,1.0
dnc-wt,Bouton_vs_Axon,g2,71.5,1.0
dnc-wt,Bouton_vs_Axon,g2,71.75,1.0
dnc-wt,Bouton_vs_Axon,g2,72.0,1.0
dnc-wt,Bouton_vs_Axon,g2,72.25,1.0
dnc-wt,Bouton_vs_Axon,g2,72.5,1.0
dnc-wt,Bouton_vs_Axon,g2,72.75,1.0
dnc-wt,Bouton_vs_Axon,g2,73.0,0.875
dnc-wt,Bouton_vs_Axon,g2,73.25,1.0
dnc-wt,Bouton_vs_Axon,g2,73.5,1.0
dnc-wt,Bouton_vs_Axon,g2,73.75,1.0
dnc-wt,Bouton_vs_Axon,g2,74.0,1.0
dnc-wt,Bouton_vs_Axon,g2,74.25,1.0
dnc-wt,Bouton_vs_Axon,g2,74.5,1.0
dnc-wt,Bouton_vs_Axon,g2,74.75,1.0
dnc-wt,Bouton_vs_Axon,g2,75.0,1.0
dnc-wt,Bouton_vs_Axon,g2,75.25,1.0
dnc-wt,Bouton_vs_Axon,g2,75.5,1.0
dnc-wt,Bouton_vs_Axon,g2,75.75,1.0
dnc-wt,Bouton_vs_Axon,g2,76.0,1.0
dnc-wt,Bouton_vs_Axon,g2,76.25,1.0
dnc-wt,Bouton_vs_Axon,g2,76.5,1.0
dnc-wt,Bouton_vs_Axon,g2,76.75,1.0
dnc-wt,Bouton_vs_Axon,g2,77.0,1.0
dnc-wt,Bouton_vs_Axon,g2,77.25,1.0
dnc-wt,Bouton_vs_Axon,g2,77.5,1.0
dnc-wt,Bouton_vs_Axon,g2,77.75,1.0
dnc-wt,Bouton_vs_Axon,g2,78.0,1.0
dnc-wt,Bouton_vs_Axon,g2,78.25,1.0
dnc-wt,Bouton_vs_Axon,g2,78.5,1.0
dnc-wt,Bouton_vs_Axon,g2,78.75,1.0
dnc-wt,Bouton_vs_Axon,g2,79.0,1.0
dnc-wt,Bouton_vs_Axon,g2,79.25,1.0
dnc-wt,Bouton_vs_Axon,g2,79.5,1.0
dnc-wt,Bouton_vs_Axon,g2,79.75,1.0
dnc-wt,Bouton_vs_Axon,g2,80.0,1.0
dnc-wt,Bouton_vs_Axon,g2,80.25,1.0
dnc-wt,Bouton_vs_Axon,g2,80.5,1.0
dnc-wt,Bouton_vs_Axon,g2,80.75,1.0
dnc-wt,Bouton_vs_Axon,g2,81.0,1.0
dnc-wt,Bouton_vs_Axon,g2,81.25,1.0
dnc-wt,Bouton_vs_Axon,g2,81.5,1.0
dnc-wt,Bouton_vs_Axon,g2,81.75,1.0
dnc-wt,Bouton_vs_Axon,g2,82.0,1.0
dnc-wt,Bouton_vs_Axon,g2,82.25,1.0
dnc-wt,Bouton_vs_Axon,g2,82.5,1.0
dnc-wt,Bouton_vs_Axon,g2,82.75,1.0
dnc-wt,Bouton_vs_Axon,g2,83.0,1.0
dnc-wt,Bouton_vs_Axon,g2,83.25,1.0
dnc-wt,Bouton_vs_Axon,g2,83.5,1.0
dnc-wt,Bouton_vs_Axon,g2,83.75,1.0
dnc-wt,Bouton_vs_Axon,g2,84.0,1.0
dnc-wt,Bouton_vs_Axon,g2,84.25,1.0
dnc-wt,Bouton_vs_Axon,g2,84.5,1.0
dnc-wt,Bouton_vs_Axon,g2,84.75,1.0
dnc-wt,Bouton_vs_Axon,g2,85.0,1.0
dnc-wt,Bouton_vs_Axon,g2,85.25,0.125
dnc-wt,Bouton_vs_Axon,g2,85.5,1.0
dnc-wt,Bouton_vs_Axon,g2,85.75,1.0
dnc-wt,Bouton_vs_Axon,g2,86.0,1.0
dnc-wt,Bouton_vs_Axon,g2,86.25,1.0
dnc-wt,Bouton_vs_Axon,g2,86.5,1.0
dnc-wt,Bouton_vs_Axon,g2,86.75,0.125
dnc-wt,Bouton_vs_Axon,g2,87.0,0.125
dnc-wt,Bouton_vs_Axon,g2,87.25,0.125
dnc-wt,Bouton_vs_Axon,g2,87.5,1.0
dnc-wt,Bouton_vs_Axon,g2,87.75,1.0
dnc-wt,Bouton_vs_Axon,g2,88.0,1.0
dnc-wt,Bouton_vs_Axon,g2,88.25,0.75
dnc-wt,Bouton_vs_Axon,g2,88.5,1.0
dnc-wt,Bouton_vs_Axon,g2,88.75,1.0
dnc-wt,Bouton_vs_Axon,g2,89.0,1.0
dnc-wt,Bouton_vs_Axon,g2,89.25,1.0
dnc-wt,Bouton_vs_Axon,g2,89.5,1.0
dnc-wt,Bouton_vs_Axon,g2,89.75,1.0
dnc-wt,Bouton_vs_Axon,g2,90.0,1.0
dnc-wt,Bouton_vs_Axon,g3,-10.0,1.0
dnc-wt,Bouton_vs_Axon,g3,-9.75,1.0
dnc-wt,Bouton_vs_Axon,g3,-9.5,1.0
dnc-wt,Bouton_vs_Axon,g3,-9.25,1.0
dnc-wt,Bouton_vs_Axon,g3,-9.0,1.0
dnc-wt,Bouton_vs_Axon,g3,-8.75,1.0
dnc-wt,Bouton_vs_Axon,g3,-8.5,1.0
dnc-wt,Bouton_vs_Axon,g3,-8.25,1.0
dnc-wt,Bouton_vs_Axon,g3,-8.0,1.0
dnc-wt,Bouton_vs_Axon,g3,-7.75,1.0
dnc-wt,Bouton_vs_Axon,g3,-7.5,1.0
dnc-wt,Bouton_vs_Axon,g3,-7.25,1.0
dnc-wt,Bouton_vs_Axon,g3,-7.0,1.0
dnc-wt,Bouton_vs_Axon,g3,-6.75,1.0
dnc-wt,Bouton_vs_Axon,g3,-6.5,1.0
dnc-wt,Bouton_vs_Axon,g3,-6.25,1.0
dnc-wt,Bouton_vs_Axon,g3,-6.0,1.0
dnc-wt,Bouton_vs_Axon,g3,-5.75,1.0
dnc-wt,Bouton_vs_Axon,g3,-5.5,1.0
dnc-wt,Bouton_vs_Axon,g3,-5.25,1.0
dnc-wt,Bouton_vs_Axon,g3,-5.0,1.0
dnc-wt,Bouton_vs_Axon,g3,-4.75,1.0
dnc-wt,Bouton_vs_Axon,g3,-4.5,1.0
dnc-wt,Bouton_vs_Axon,g3,-4.25,1.0
dnc-wt,Bouton_vs_Axon,g3,-4.0,1.0
dnc-wt,Bouton_vs_Axon,g3,-3.75,1.0
dnc-wt,Bouton_vs_Axon,g3,-3.5,1.0
dnc-wt,Bouton_vs_Axon,g3,-3.25,1.0
dnc-wt,Bouton_vs_Axon,g3,-3.0,1.0
dnc-wt,Bouton_vs_Axon,g3,-2.75,1.0
dnc-wt,Bouton_vs_Axon,g3,-2.5,1.0
dnc-wt,Bouton_vs_Axon,g3,-2.25,1.0
dnc-wt,Bouton_vs_Axon,g3,-2.0,0.828125
dnc-wt,Bouton_vs_Axon,g3,-1.75,1.0
dnc-wt,Bouton_vs_Axon,g3,-1.5,1.0
dnc-wt,Bouton_vs_Axon,g3,-1.25,1.0
dnc-wt,Bouton_vs_Axon,g3,-1.0,1.0
dnc-wt,Bouton_vs_Axon,g3,-0.75,1.0
dnc-wt,Bouton_vs_Axon,g3,-0.5,1.0
dnc-wt,Bouton_vs_Axon,g3,-0.25,1.0
dnc-wt,Bouton_vs_Axon,g3,0.0,1.0
dnc-wt,Bouton_vs_Axon,g3,0.25,1.0
dnc-wt,Bouton_vs_Axon,g3,0.5,1.0
dnc-wt,Bouton_vs_Axon,g3,0.75,1.0
dnc-wt,Bouton_vs_Axon,g3,1.0,1.0
dnc-wt,Bouton_vs_Axon,g3,1.25,1.0
dnc-wt,Bouton_vs_Axon,g3,1.5,1.0
dnc-wt,Bouton_vs_Axon,g3,1.75,0.0390625
dnc-wt,Bouton_vs_Axon,g3,2.0,0.0390625
dnc-wt,Bouton_vs_Axon,g3,2.25,0.0390625
dnc-wt,Bouton_vs_Axon,g3,2.5,0.0390625
dnc-wt,Bouton_vs_Axon,g3,2.75,0.0390625
dnc-wt,Bouton_vs_Axon,g3,3.0,1.0
dnc-wt,Bouton_vs_Axon,g3,3.25,0.6796875
dnc-wt,Bouton_vs_Axon,g3,3.5,1.0
dnc-wt,Bouton_vs_Axon,g3,3.75,1.0
dnc-wt,Bouton_vs_Axon,g3,4.0,0.171875
dnc-wt,Bouton_vs_Axon,g3,4.25,0.171875
dnc-wt,Bouton_vs_Axon,g3,4.5,0.171875
dnc-wt,Bouton_vs_Axon,g3,4.75,1.0
dnc-wt,Bouton_vs_Axon,g3,5.0,1.0
dnc-wt,Bouton_vs_Axon,g3,5.25,1.0
dnc-wt,Bouton_vs_Axon,g3,5.5,1.0
dnc-wt,Bouton_vs_Axon,g3,5.75,1.0
dnc-wt,Bouton_vs_Axon,g3,6.0,1.0
dnc-wt,Bouton_vs_Axon,g3,6.25,1.0
dnc-wt,Bouton_vs_Axon,g3,6.5,1.0
dnc-wt,Bouton_vs_Axon,g3,6.75,0.953125
dnc-wt,Bouton_vs_Axon,g3,7.0,1.0
dnc-wt,Bouton_vs_Axon,g3,7.25,1.0
dnc-wt,Bouton_vs_Axon,g3,7.5,1.0
dnc-wt,Bouton_vs_Axon,g3,7.75,1.0
dnc-wt,Bouton_vs_Axon,g3,8.0,1.0
dnc-wt,Bouton_vs_Axon,g3,8.25,1.0
dnc-wt,Bouton_vs_Axon,g3,8.5,1.0
dnc-wt,Bouton_vs_Axon,g3,8.75,1.0
dnc-wt,Bouton_vs_Axon,g3,9.0,1.0
dnc-wt,Bouton_vs_Axon,g3,9.25,1.0
dnc-wt,Bouton_vs_Axon,g3,9.5,1.0
dnc-wt,Bouton_vs_Axon,g3,9.75,1.0
dnc-wt,Bouton_vs_Axon,g3,10.0,1.0
dnc-wt,Bouton_vs_Axon,g3,10.25,1.0
dnc-wt,Bouton_vs_Axon,g3,10.5,1.0
dnc-wt,Bouton_vs_Axon,g3,10.75,1.0
dnc-wt,Bouton_vs_Axon,g3,11.0,1.0
dnc-wt,Bouton_vs_Axon,g3,11.25,1.0
dnc-wt,Bouton_vs_Axon,g3,11.5,1.0
dnc-wt,Bouton_vs_Axon,g3,11.75,1.0
dnc-wt,Bouton_vs_Axon,g3,12.0,1.0
dnc-wt,Bouton_vs_Axon,g3,12.25,0.0390625
dnc-wt,Bouton_vs_Axon,g3,12.5,0.0390625
dnc-wt,Bouton_vs_Axon,g3,12.75,0.0390625
dnc-wt,Bouton_vs_Axon,g3,13.0,0.0390625
dnc-wt,Bouton_vs_Axon,g3,13.25,0.0390625
dnc-wt,Bouton_vs_Axon,g3,13.5,1.0
dnc-wt,Bouton_vs_Axon,g3,13.75,1.0
dnc-wt,Bouton_vs_Axon,g3,14.0,1.0
dnc-wt,Bouton_vs_Axon,g3,14.25,1.0
dnc-wt,Bouton_vs_Axon,g3,14.5,1.0
dnc-wt,Bouton_vs_Axon,g3,14.75,1.0
dnc-wt,Bouton_vs_Axon,g3,15.0,1.0
dnc-wt,Bouton_vs_Axon,g3,15.25,1.0
dnc-wt,Bouton_vs_Axon,g3,15.5,1.0
dnc-wt,Bouton_vs_Axon,g3,15.75,1.0
dnc-wt,Bouton_vs_Axon,g3,16.0,1.0
dnc-wt,Bouton_vs_Axon,g3,16.25,1.0
dnc-wt,Bouton_vs_Axon,g3,16.5,1.0
dnc-wt,Bouton_vs_Axon,g3,16.75,1.0
dnc-wt,Bouton_vs_Axon,g3,17.0,1.0
dnc-wt,Bouton_vs_Axon,g3,17.25,1.0
dnc-wt,Bouton_vs_Axon,g3,17.5,1.0
dnc-wt,Bouton_vs_Axon,g3,17.75,1.0
dnc-wt,Bouton_vs_Axon,g3,18.0,1.0
dnc-wt,Bouton_vs_Axon,g3,18.25,1.0
dnc-wt,Bouton_vs_Axon,g3,18.5,1.0
dnc-wt,Bouton_vs_Axon,g3,18.75,1.0
dnc-wt,Bouton_vs_Axon,g3,19.0,1.0
dnc-wt,Bouton_vs_Axon,g3,19.25,1.0
dnc-wt,Bouton_vs_Axon,g3,19.5,1.0
dnc-wt,Bouton_vs_Axon,g3,19.75,1.0
dnc-wt,Bouton_vs_Axon,g3,20.0,1.0
dnc-wt,Bouton_vs_Axon,g3,20.25,1.0
dnc-wt,Bouton_vs_Axon,g3,20.5,1.0
dnc-wt,Bouton_vs_Axon,g3,20.75,1.0
dnc-wt,Bouton_vs_Axon,g3,21.0,1.0
dnc-wt,Bouton_vs_Axon,g3,21.25,1.0
dnc-wt,Bouton_vs_Axon,g3,21.5,1.0
dnc-wt,Bouton_vs_Axon,g3,21.75,1.0
dnc-wt,Bouton_vs_Axon,g3,22.0,1.0
dnc-wt,Bouton_vs_Axon,g3,22.25,1.0
dnc-wt,Bouton_vs_Axon,g3,22.5,1.0
dnc-wt,Bouton_vs_Axon,g3,22.75,1.0
dnc-wt,Bouton_vs_Axon,g3,23.0,1.0
dnc-wt,Bouton_vs_Axon,g3,23.25,1.0
dnc-wt,Bouton_vs_Axon,g3,23.5,1.0
dnc-wt,Bouton_vs_Axon,g3,23.75,1.0
dnc-wt,Bouton_vs_Axon,g3,24.0,1.0
dnc-wt,Bouton_vs_Axon,g3,24.25,1.0
dnc-wt,Bouton_vs_Axon,g3,24.5,1.0
dnc-wt,Bouton_vs_Axon,g3,24.75,1.0
dnc-wt,Bouton_vs_Axon,g3,25.0,1.0
dnc-wt,Bouton_vs_Axon,g3,25.25,1.0
dnc-wt,Bouton_vs_Axon,g3,25.5,1.0
dnc-wt,Bouton_vs_Axon,g3,25.75,1.0
dnc-wt,Bouton_vs_Axon,g3,26.0,1.0
dnc-wt,Bouton_vs_Axon,g3,26.25,1.0
dnc-wt,Bouton_vs_Axon,g3,26.5,1.0
dnc-wt,Bouton_vs_Axon,g3,26.75,1.0
dnc-wt,Bouton_vs_Axon,g3,27.0,1.0
dnc-wt,Bouton_vs_Axon,g3,27.25,1.0
dnc-wt,Bouton_vs_Axon,g3,27.5,1.0
dnc-wt,Bouton_vs_Axon,g3,27.75,1.0
dnc-wt,Bouton_vs_Axon,g3,28.0,1.0
dnc-wt,Bouton_vs_Axon,g3,28.25,1.0
dnc-wt,Bouton_vs_Axon,g3,28.5,1.0
dnc-wt,Bouton_vs_Axon,g3,28.75,1.0
dnc-wt,Bouton_vs_Axon,g3,29.0,1.0
dnc-wt,Bouton_vs_Axon,g3,29.25,1.0
dnc-wt,Bouton_vs_Axon,g3,29.5,1.0
dnc-wt,Bouton_vs_Axon,g3,29.75,1.0
dnc-wt,Bouton_vs_Axon,g3,30.0,1.0
dnc-wt,Bouton_vs_Axon,g3,30.25,1.0
dnc-wt,Bouton_vs_Axon,g3,30.5,1.0
dnc-wt,Bouton_vs_Axon,g3,30.75,1.0
dnc-wt,Bouton_vs_Axon,g3,31.0,1.0
dnc-wt,Bouton_vs_Axon,g3,31.25,1.0
dnc-wt,Bouton_vs_Axon,g3,31.5,1.0
dnc-wt,Bouton_vs_Axon,g3,31.75,1.0
dnc-wt,Bouton_vs_Axon,g3,32.0,1.0
dnc-wt,Bouton_vs_Axon,g3,32.25,1.0
dnc-wt,Bouton_vs_Axon,g3,32.5,1.0
dnc-wt,Bouton_vs_Axon,g3,32.75,1.0
dnc-wt,Bouton_vs_Axon,g3,33.0,1.0
dnc-wt,Bouton_vs_Axon,g3,33.25,1.0
dnc-wt,Bouton_vs_Axon,g3,33.5,1.0
dnc-wt,Bouton_vs_Axon,g3,33.75,1.0
dnc-wt,Bouton_vs_Axon,g3,34.0,1.0
dnc-wt,Bouton_vs_Axon,g3,34.25,1.0
dnc-wt,Bouton_vs_Axon,g3,34.5,1.0
dnc-wt,Bouton_vs_Axon,g3,34.75,1.0
dnc-wt,Bouton_vs_Axon,g3,35.0,1.0
dnc-wt,Bouton_vs_Axon,g3,35.25,1.0
dnc-wt,Bouton_vs_Axon,g3,35.5,1.0
dnc-wt,Bouton_vs_Axon,g3,35.75,1.0
dnc-wt,Bouton_vs_Axon,g3,36.0,1.0
dnc-wt,Bouton_vs_Axon,g3,36.25,0.9453125
dnc-wt,Bouton_vs_Axon,g3,36.5,1.0
dnc-wt,Bouton_vs_Axon,g3,36.75,1.0
dnc-wt,Bouton_vs_Axon,g3,37.0,1.0
dnc-wt,Bouton_vs_Axon,g3,37.25,1.0
dnc-wt,Bouton_vs_Axon,g3,37.5,1.0
dnc-wt,Bouton_vs_Axon,g3,37.75,1.0
dnc-wt,Bouton_vs_Axon,g3,38.0,0.8671875
dnc-wt,Bouton_vs_Axon,g3,38.25,1.0
dnc-wt,Bouton_vs_Axon,g3,38.5,1.0
dnc-wt,Bouton_vs_Axon,g3,38.75,1.0
dnc-wt,Bouton_vs_Axon,g3,39.0,1.0
dnc-wt,Bouton_vs_Axon,g3,39.25,1.0
dnc-wt,Bouton_vs_Axon,g3,39.5,1.0
dnc-wt,Bouton_vs_Axon,g3,39.75,1.0
dnc-wt,Bouton_vs_Axon,g3,40.0,1.0
dnc-wt,Bouton_vs_Axon,g3,40.25,1.0
dnc-wt,Bouton_vs_Axon,g3,40.5,1.0
dnc-wt,Bouton_vs_Axon,g3,40.75,1.0
dnc-wt,Bouton_vs_Axon,g3,41.0,1.0
dnc-wt,Bouton_vs_Axon,g3,41.25,1.0
dnc-wt,Bouton_vs_Axon,g3,41.5,1.0
dnc-wt,Bouton_vs_Axon,g3,41.75,1.0
dnc-wt,Bouton_vs_Axon,g3,42.0,1.0
dnc-wt,Bouton_vs_Axon,g3,42.25,1.0
dnc-wt,Bouton_vs_Axon,g3,42.5,1.0
dnc-wt,Bouton_vs_Axon,g3,42.75,1.0
dnc-wt,Bouton_vs_Axon,g3,43.0,1.0
dnc-wt,Bouton_vs_Axon,g3,43.25,1.0
dnc-wt,Bouton_vs_Axon,g3,43.5,1.0
dnc-wt,Bouton_vs_Axon,g3,43.75,1.0
dnc-wt,Bouton_vs_Axon,g3,44.0,1.0
dnc-wt,Bouton_vs_Axon,g3,44.25,1.0
dnc-wt,Bouton_vs_Axon,g3,44.5,1.0
dnc-wt,Bouton_vs_Axon,g3,44.75,1.0
dnc-wt,Bouton_vs_Axon,g3,45.0,1.0
dnc-wt,Bouton_vs_Axon,g3,45.25,1.0
dnc-wt,Bouton_vs_Axon,g3,45.5,1.0
dnc-wt,Bouton_vs_Axon,g3,45.75,1.0
dnc-wt,Bouton_vs_Axon,g3,46.0,1.0
dnc-wt,Bouton_vs_Axon,g3,46.25,1.0
dnc-wt,Bouton_vs_Axon,g3,46.5,1.0
dnc-wt,Bouton_vs_Axon,g3,46.75,1.0
dnc-wt,Bouton_vs_Axon,g3,47.0,1.0
dnc-wt,Bouton_vs_Axon,g3,47.25,1.0
dnc-wt,Bouton_vs_Axon,g3,47.5,1.0
dnc-wt,Bouton_vs_Axon,g3,47.75,1.0
dnc-wt,Bouton_vs_Axon,g3,48.0,1.0
dnc-wt,Bouton_vs_Axon,g3,48.25,1.0
dnc-wt,Bouton_vs_Axon,g3,48.5,1.0
dnc-wt,Bouton_vs_Axon,g3,48.75,1.0
dnc-wt,Bouton_vs_Axon,g3,49.0,1.0
dnc-wt,Bouton_vs_Axon,g3,49.25,1.0
dnc-wt,Bouton_vs_Axon,g3,49.5,1.0
dnc-wt,Bouton_vs_Axon,g3,49.75,1.0
dnc-wt,Bouton_vs_Axon,g3,50.0,1.0
dnc-wt,Bouton_vs_Axon,g3,50.25,1.0
dnc-wt,Bouton_vs_Axon,g3,50.5,1.0
dnc-wt,Bouton_vs_Axon,g3,50.75,1.0
dnc-wt,Bouton_vs_Axon,g3,51.0,1.0
dnc-wt,Bouton_vs_Axon,g3,51.25,1.0
dnc-wt,Bouton_vs_Axon,g3,51.5,1.0
dnc-wt,Bouton_vs_Axon,g3,51.75,1.0
dnc-wt,Bouton_vs_Axon,g3,52.0,1.0
dnc-wt,Bouton_vs_Axon,g3,52.25,1.0
dnc-wt,Bouton_vs_Axon,g3,52.5,1.0
dnc-wt,Bouton_vs_Axon,g3,52.75,1.0
dnc-wt,Bouton_vs_Axon,g3,53.0,1.0
dnc-wt,Bouton_vs_Axon,g3,53.25,1.0
dnc-wt,Bouton_vs_Axon,g3,53.5,1.0
dnc-wt,Bouton_vs_Axon,g3,53.75,1.0
dnc-wt,Bouton_vs_Axon,g3,54.0,1.0
dnc-wt,Bouton_vs_Axon,g3,54.25,1.0
dnc-wt,Bouton_vs_Axon,g3,54.5,1.0
dnc-wt,Bouton_vs_Axon,g3,54.75,1.0
dnc-wt,Bouton_vs_Axon,g3,55.0,1.0
dnc-wt,Bouton_vs_Axon,g3,55.25,1.0
dnc-wt,Bouton_vs_Axon,g3,55.5,1.0
dnc-wt,Bouton_vs_Axon,g3,55.75,1.0
dnc-wt,Bouton_vs_Axon,g3,56.0,1.0
dnc-wt,Bouton_vs_Axon,g3,56.25,1.0
dnc-wt,Bouton_vs_Axon,g3,56.5,1.0
dnc-wt,Bouton_vs_Axon,g3,56.75,1.0
dnc-wt,Bouton_vs_Axon,g3,57.0,1.0
dnc-wt,Bouton_vs_Axon,g3,57.25,1.0
dnc-wt,Bouton_vs_Axon,g3,57.5,1.0
dnc-wt,Bouton_vs_Axon,g3,57.75,1.0
dnc-wt,Bouton_vs_Axon,g3,58.0,1.0
dnc-wt,Bouton_vs_Axon,g3,58.25,1.0
dnc-wt,Bouton_vs_Axon,g3,58.5,1.0
dnc-wt,Bouton_vs_Axon,g3,58.75,1.0
dnc-wt,Bouton_vs_Axon,g3,59.0,1.0
dnc-wt,Bouton_vs_Axon,g3,59.25,1.0
dnc-wt,Bouton_vs_Axon,g3,59.5,1.0
dnc-wt,Bouton_vs_Axon,g3,59.75,1.0
dnc-wt,Bouton_vs_Axon,g3,60.0,1.0
dnc-wt,Bouton_vs_Axon,g3,60.25,1.0
dnc-wt,Bouton_vs_Axon,g3,60.5,1.0
dnc-wt,Bouton_vs_Axon,g3,60.75,1.0
dnc-wt,Bouton_vs_Axon,g3,61.0,1.0
dnc-wt,Bouton_vs_Axon,g3,61.25,1.0
dnc-wt,Bouton_vs_Axon,g3,61.5,1.0
dnc-wt,Bouton_vs_Axon,g3,61.75,1.0
dnc-wt,Bouton_vs_Axon,g3,62.0,1.0
dnc-wt,Bouton_vs_Axon,g3,62.25,1.0
dnc-wt,Bouton_vs_Axon,g3,62.5,1.0
dnc-wt,Bouton_vs_Axon,g3,62.75,1.0
dnc-wt,Bouton_vs_Axon,g3,63.0,1.0
dnc-wt,Bouton_vs_Axon,g3,63.25,1.0
dnc-wt,Bouton_vs_Axon,g3,63.5,1.0
dnc-wt,Bouton_vs_Axon,g3,63.75,1.0
dnc-wt,Bouton_vs_Axon,g3,64.0,1.0
dnc-wt,Bouton_vs_Axon,g3,64.25,1.0
dnc-wt,Bouton_vs_Axon,g3,64.5,0.953125
dnc-wt,Bouton_vs_Axon,g3,64.75,1.0
dnc-wt,Bouton_vs_Axon,g3,65.0,1.0
dnc-wt,Bouton_vs_Axon,g3,65.25,1.0
dnc-wt,Bouton_vs_Axon,g3,65.5,1.0
dnc-wt,Bouton_vs_Axon,g3,65.75,1.0
dnc-wt,Bouton_vs_Axon,g3,66.0,1.0
dnc-wt,Bouton_vs_Axon,g3,66.25,1.0
dnc-wt,Bouton_vs_Axon,g3,66.5,1.0
dnc-wt,Bouton_vs_Axon,g3,66.75,1.0
dnc-wt,Bouton_vs_Axon,g3,67.0,1.0
dnc-wt,Bouton_vs_Axon,g3,67.25,1.0
dnc-wt,Bouton_vs_Axon,g3,67.5,1.0
dnc-wt,Bouton_vs_Axon,g3,67.75,1.0
dnc-wt,Bouton_vs_Axon,g3,68.0,1.0
dnc-wt,Bouton_vs_Axon,g3,68.25,1.0
dnc-wt,Bouton_vs_Axon,g3,68.5,1.0
dnc-wt,Bouton_vs_Axon,g3,68.75,1.0
dnc-wt,Bouton_vs_Axon,g3,69.0,1.0
dnc-wt,Bouton_vs_Axon,g3,69.25,1.0
dnc-wt,Bouton_vs_Axon,g3,69.5,1.0
dnc-wt,Bouton_vs_Axon,g3,69.75,1.0
dnc-wt,Bouton_vs_Axon,g3,70.0,1.0
dnc-wt,Bouton_vs_Axon,g3,70.25,1.0
dnc-wt,Bouton_vs_Axon,g3,70.5,1.0
dnc-wt,Bouton_vs_Axon,g3,70.75,1.0
dnc-wt,Bouton_vs_Axon,g3,71.0,1.0
dnc-wt,Bouton_vs_Axon,g3,71.25,1.0
dnc-wt,Bouton_vs_Axon,g3,71.5,1.0
dnc-wt,Bouton_vs_Axon,g3,71.75,1.0
dnc-wt,Bouton_vs_Axon,g3,72.0,1.0
dnc-wt,Bouton_vs_Axon,g3,72.25,1.0
dnc-wt,Bouton_vs_Axon,g3,72.5,1.0
dnc-wt,Bouton_vs_Axon,g3,72.75,1.0
dnc-wt,Bouton_vs_Axon,g3,73.0,1.0
dnc-wt,Bouton_vs_Axon,g3,73.25,1.0
dnc-wt,Bouton_vs_Axon,g3,73.5,0.3203125
dnc-wt,Bouton_vs_Axon,g3,73.75,0.3203125
dnc-wt,Bouton_vs_Axon,g3,74.0,1.0
dnc-wt,Bouton_vs_Axon,g3,74.25,1.0
dnc-wt,Bouton_vs_Axon,g3,74.5,1.0
dnc-wt,Bouton_vs_Axon,g3,74.75,1.0
dnc-wt,Bouton_vs_Axon,g3,75.0,1.0
dnc-wt,Bouton_vs_Axon,g3,75.25,1.0
dnc-wt,Bouton_vs_Axon,g3,75.5,1.0
dnc-wt,Bouton_vs_Axon,g3,75.75,1.0
dnc-wt,Bouton_vs_Axon,g3,76.0,1.0
dnc-wt,Bouton_vs_Axon,g3,76.25,1.0
dnc-wt,Bouton_vs_Axon,g3,76.5,1.0
dnc-wt,Bouton_vs_Axon,g3,76.75,1.0
dnc-wt,Bouton_vs_Axon,g3,77.0,1.0
dnc-wt,Bouton_vs_Axon,g3,77.25,1.0
dnc-wt,Bouton_vs_Axon,g3,77.5,1.0
dnc-wt,Bouton_vs_Axon,g3,77.75,1.0
dnc-wt,Bouton_vs_Axon,g3,78.0,1.0
dnc-wt,Bouton_vs_Axon,g3,78.25,1.0
dnc-wt,Bouton_vs_Axon,g3,78.5,1.0
dnc-wt,Bouton_vs_Axon,g3,78.75,1.0
dnc-wt,Bouton_vs_Axon,g3,79.0,1.0
dnc-wt,Bouton_vs_Axon,g3,79.25,1.0
dnc-wt,Bouton_vs_Axon,g3,79.5,1.0
dnc-wt,Bouton_vs_Axon,g3,79.75,1.0
dnc-wt,Bouton_vs_Axon,g3,80.0,1.0
dnc-wt,Bouton_vs_Axon,g3,80.25,1.0
dnc-wt,Bouton_vs_Axon,g3,80.5,1.0
dnc-wt,Bouton_vs_Axon,g3,80.75,1.0
dnc-wt,Bouton_vs_Axon,g3,81.0,1.0
dnc-wt,Bouton_vs_Axon,g3,81.25,1.0
dnc-wt,Bouton_vs_Axon,g3,81.5,1.0
dnc-wt,Bouton_vs_Axon,g3,81.75,1.0
dnc-wt,Bouton_vs_Axon,g3,82.0,1.0
dnc-wt,Bouton_vs_Axon,g3,82.25,1.0
dnc-wt,Bouton_vs_Axon,g3,82.5,1.0
dnc-wt,Bouton_vs_Axon,g3,82.75,1.0
dnc-wt,Bouton_vs_Axon,g3,83.0,1.0
dnc-wt,Bouton_vs_Axon,g3,83.25,1.0
dnc-wt,Bouton_vs_Axon,g3,83.5,1.0
dnc-wt,Bouton_vs_Axon,g3,83.75,1.0
dnc-wt,Bouton_vs_Axon,g3,84.0,1.0
dnc-wt,Bouton_vs_Axon,g3,84.25,1.0
dnc-wt,Bouton_vs_Axon,g3,84.5,1.0
dnc-wt,Bouton_vs_Axon,g3,84.75,1.0
dnc-wt,Bouton_vs_Axon,g3,85.0,1.0
dnc-wt,Bouton_vs_Axon,g3,85.25,1.0
dnc-wt,Bouton_vs_Axon,g3,85.5,1.0
dnc-wt,Bouton_vs_Axon,g3,85.75,1.0
dnc-wt,Bouton_vs_Axon,g3,86.0,1.0
dnc-wt,Bouton_vs_Axon,g3,86.25,1.0
dnc-wt,Bouton_vs_Axon,g3,86.5,1.0
dnc-wt,Bouton_vs_Axon,g3,86.75,1.0
dnc-wt,Bouton_vs_Axon,g3,87.0,1.0
dnc-wt,Bouton_vs_Axon,g3,87.25,1.0
dnc-wt,Bouton_vs_Axon,g3,87.5,1.0
dnc-wt,Bouton_vs_Axon,g3,87.75,1.0
dnc-wt,Bouton_vs_Axon,g3,88.0,1.0
dnc-wt,Bouton_vs_Axon,g3,88.25,1.0
dnc-wt,Bouton_vs_Axon,g3,88.5,1.0
dnc-wt,Bouton_vs_Axon,g3,88.75,1.0
dnc-wt,Bouton_vs_Axon,g3,89.0,1.0
dnc-wt,Bouton_vs_Axon,g3,89.25,1.0
dnc-wt,Bouton_vs_Axon,g3,89.5,1.0
dnc-wt,Bouton_vs_Axon,g3,89.75,1.0
dnc-wt,Bouton_vs_Axon,g3,90.0,1.0
dnc-wt,Bouton_vs_Axon,g4,-10.0,1.0
dnc-wt,Bouton_vs_Axon,g4,-9.75,1.0
dnc-wt,Bouton_vs_Axon,g4,-9.5,1.0
dnc-wt,Bouton_vs_Axon,g4,-9.25,1.0
dnc-wt,Bouton_vs_Axon,g4,-9.0,1.0
dnc-wt,Bouton_vs_Axon,g4,-8.75,1.0
dnc-wt,Bouton_vs_Axon,g4,-8.5,1.0
dnc-wt,Bouton_vs_Axon,g4,-8.25,1.0
dnc-wt,Bouton_vs_Axon,g4,-8.0,1.0
dnc-wt,Bouton_vs_Axon,g4,-7.75,1.0
dnc-wt,Bouton_vs_Axon,g4,-7.5,1.0
dnc-wt,Bouton_vs_Axon,g4,-7.25,1.0
dnc-wt,Bouton_vs_Axon,g4,-7.0,1.0
dnc-wt,Bouton_vs_Axon,g4,-6.75,1.0
dnc-wt,Bouton_vs_Axon,g4,-6.5,1.0
dnc-wt,Bouton_vs_Axon,g4,-6.25,1.0
dnc-wt,Bouton_vs_Axon,g4,-6.0,1.0
dnc-wt,Bouton_vs_Axon,g4,-5.75,1.0
dnc-wt,Bouton_vs_Axon,g4,-5.5,1.0
dnc-wt,Bouton_vs_Axon,g4,-5.25,1.0
dnc-wt,Bouton_vs_Axon,g4,-5.0,1.0
dnc-wt,Bouton_vs_Axon,g4,-4.75,1.0
dnc-wt,Bouton_vs_Axon,g4,-4.5,1.0
dnc-wt,Bouton_vs_Axon,g4,-4.25,1.0
dnc-wt,Bouton_vs_Axon,g4,-4.0,1.0
dnc-wt,Bouton_vs_Axon,g4,-3.75,1.0
dnc-wt,Bouton_vs_Axon,g4,-3.5,1.0
dnc-wt,Bouton_vs_Axon,g4,-3.25,1.0
dnc-wt,Bouton_vs_Axon,g4,-3.0,1.0
dnc-wt,Bouton_vs_Axon,g4,-2.75,1.0
dnc-wt,Bouton_vs_Axon,g4,-2.5,1.0
dnc-wt,Bouton_vs_Axon,g4,-2.25,1.0
dnc-wt,Bouton_vs_Axon,g4,-2.0,1.0
dnc-wt,Bouton_vs_Axon,g4,-1.75,1.0
dnc-wt,Bouton_vs_Axon,g4,-1.5,1.0
dnc-wt,Bouton_vs_Axon,g4,-1.25,1.0
dnc-wt,Bouton_vs_Axon,g4,-1.0,1.0
dnc-wt,Bouton_vs_Axon,g4,-0.75,1.0
dnc-wt,Bouton_vs_Axon,g4,-0.5,1.0
dnc-wt,Bouton_vs_Axon,g4,-0.25,1.0
dnc-wt,Bouton_vs_Axon,g4,0.0,1.0
dnc-wt,Bouton_vs_Axon,g4,0.25,1.0
dnc-wt,Bouton_vs_Axon,g4,0.5,1.0
dnc-wt,Bouton_vs_Axon,g4,0.75,1.0
dnc-wt,Bouton_vs_Axon,g4,1.0,1.0
dnc-wt,Bouton_vs_Axon,g4,1.25,1.0
dnc-wt,Bouton_vs_Axon,g4,1.5,1.0
dnc-wt,Bouton_vs_Axon,g4,1.75,1.0
dnc-wt,Bouton_vs_Axon,g4,2.0,1.0
dnc-wt,Bouton_vs_Axon,g4,2.25,1.0
dnc-wt,Bouton_vs_Axon,g4,2.5,1.0
dnc-wt,Bouton_vs_Axon,g4,2.75,1.0
dnc-wt,Bouton_vs_Axon,g4,3.0,1.0
dnc-wt,Bouton_vs_Axon,g4,3.25,1.0
dnc-wt,Bouton_vs_Axon,g4,3.5,1.0
dnc-wt,Bouton_vs_Axon,g4,3.75,1.0
dnc-wt,Bouton_vs_Axon,g4,4.0,1.0
dnc-wt,Bouton_vs_Axon,g4,4.25,1.0
dnc-wt,Bouton_vs_Axon,g4,4.5,1.0
dnc-wt,Bouton_vs_Axon,g4,4.75,1.0
dnc-wt,Bouton_vs_Axon,g4,5.0,1.0
dnc-wt,Bouton_vs_Axon,g4,5.25,1.0
dnc-wt,Bouton_vs_Axon,g4,5.5,1.0
dnc-wt,Bouton_vs_Axon,g4,5.75,1.0
dnc-wt,Bouton_vs_Axon,g4,6.0,1.0
dnc-wt,Bouton_vs_Axon,g4,6.25,1.0
dnc-wt,Bouton_vs_Axon,g4,6.5,1.0
dnc-wt,Bouton_vs_Axon,g4,6.75,1.0
dnc-wt,Bouton_vs_Axon,g4,7.0,1.0
dnc-wt,Bouton_vs_Axon,g4,7.25,1.0
dnc-wt,Bouton_vs_Axon,g4,7.5,1.0
dnc-wt,Bouton_vs_Axon,g4,7.75,1.0
dnc-wt,Bouton_vs_Axon,g4,8.0,1.0
dnc-wt,Bouton_vs_Axon,g4,8.25,1.0
dnc-wt,Bouton_vs_Axon,g4,8.5,1.0
dnc-wt,Bouton_vs_Axon,g4,8.75,1.0
dnc-wt,Bouton_vs_Axon,g4,9.0,1.0
dnc-wt,Bouton_vs_Axon,g4,9.25,1.0
dnc-wt,Bouton_vs_Axon,g4,9.5,1.0
dnc-wt,Bouton_vs_Axon,g4,9.75,1.0
dnc-wt,Bouton_vs_Axon,g4,10.0,1.0
dnc-wt,Bouton_vs_Axon,g4,10.25,1.0
dnc-wt,Bouton_vs_Axon,g4,10.5,1.0
dnc-wt,Bouton_vs_Axon,g4,10.75,1.0
dnc-wt,Bouton_vs_Axon,g4,11.0,1.0
dnc-wt,Bouton_vs_Axon,g4,11.25,1.0
dnc-wt,Bouton_vs_Axon,g4,11.5,1.0
dnc-wt,Bouton_vs_Axon,g4,11.75,1.0
dnc-wt,Bouton_vs_Axon,g4,12.0,1.0
dnc-wt,Bouton_vs_Axon,g4,12.25,1.0
dnc-wt,Bouton_vs_Axon,g4,12.5,1.0
dnc-wt,Bouton_vs_Axon,g4,12.75,1.0
dnc-wt,Bouton_vs_Axon,g4,13.0,1.0
dnc-wt,Bouton_vs_Axon,g4,13.25,1.0
dnc-wt,Bouton_vs_Axon,g4,13.5,1.0
dnc-wt,Bouton_vs_Axon,g4,13.75,1.0
dnc-wt,Bouton_vs_Axon,g4,14.0,1.0
dnc-wt,Bouton_vs_Axon,g4,14.25,1.0
dnc-wt,Bouton_vs_Axon,g4,14.5,1.0
dnc-wt,Bouton_vs_Axon,g4,14.75,1.0
dnc-wt,Bouton_vs_Axon,g4,15.0,1.0
dnc-wt,Bouton_vs_Axon,g4,15.25,1.0
dnc-wt,Bouton_vs_Axon,g4,15.5,1.0
dnc-wt,Bouton_vs_Axon,g4,15.75,1.0
dnc-wt,Bouton_vs_Axon,g4,16.0,1.0
dnc-wt,Bouton_vs_Axon,g4,16.25,1.0
dnc-wt,Bouton_vs_Axon,g4,16.5,1.0
dnc-wt,Bouton_vs_Axon,g4,16.75,1.0
dnc-wt,Bouton_vs_Axon,g4,17.0,1.0
dnc-wt,Bouton_vs_Axon,g4,17.25,1.0
dnc-wt,Bouton_vs_Axon,g4,17.5,1.0
dnc-wt,Bouton_vs_Axon,g4,17.75,1.0
dnc-wt,Bouton_vs_Axon,g4,18.0,1.0
dnc-wt,Bouton_vs_Axon,g4,18.25,1.0
dnc-wt,Bouton_vs_Axon,g4,18.5,1.0
dnc-wt,Bouton_vs_Axon,g4,18.75,1.0
dnc-wt,Bouton_vs_Axon,g4,19.0,1.0
dnc-wt,Bouton_vs_Axon,g4,19.25,1.0
dnc-wt,Bouton_vs_Axon,g4,19.5,1.0
dnc-wt,Bouton_vs_Axon,g4,19.75,1.0
dnc-wt,Bouton_vs_Axon,g4,20.0,1.0
dnc-wt,Bouton_vs_Axon,g4,20.25,1.0
dnc-wt,Bouton_vs_Axon,g4,20.5,1.0
dnc-wt,Bouton_vs_Axon,g4,20.75,1.0
dnc-wt,Bouton_vs_Axon,g4,21.0,1.0
dnc-wt,Bouton_vs_Axon,g4,21.25,1.0
dnc-wt,Bouton_vs_Axon,g4,21.5,1.0
dnc-wt,Bouton_vs_Axon,g4,21.75,1.0
dnc-wt,Bouton_vs_Axon,g4,22.0,1.0
dnc-wt,Bouton_vs_Axon,g4,22.25,1.0
dnc-wt,Bouton_vs_Axon,g4,22.5,1.0
dnc-wt,Bouton_vs_Axon,g4,22.75,1.0
dnc-wt,Bouton_vs_Axon,g4,23.0,1.0
dnc-wt,Bouton_vs_Axon,g4,23.25,1.0
dnc-wt,Bouton_vs_Axon,g4,23.5,1.0
dnc-wt,Bouton_vs_Axon,g4,23.75,1.0
dnc-wt,Bouton_vs_Axon,g4,24.0,1.0
dnc-wt,Bouton_vs_Axon,g4,24.25,1.0
dnc-wt,Bouton_vs_Axon,g4,24.5,1.0
dnc-wt,Bouton_vs_Axon,g4,24.75,1.0
dnc-wt,Bouton_vs_Axon,g4,25.0,1.0
dnc-wt,Bouton_vs_Axon,g4,25.25,1.0
dnc-wt,Bouton_vs_Axon,g4,25.5,1.0
dnc-wt,Bouton_vs_Axon,g4,25.75,1.0
dnc-wt,Bouton_vs_Axon,g4,26.0,1.0
dnc-wt,Bouton_vs_Axon,g4,26.25,1.0
dnc-wt,Bouton_vs_Axon,g4,26.5,1.0
dnc-wt,Bouton_vs_Axon,g4,26.75,1.0
dnc-wt,Bouton_vs_Axon,g4,27.0,1.0
dnc-wt,Bouton_vs_Axon,g4,27.25,1.0
dnc-wt,Bouton_vs_Axon,g4,27.5,1.0
dnc-wt,Bouton_vs_Axon,g4,27.75,1.0
dnc-wt,Bouton_vs_Axon,g4,28.0,1.0
dnc-wt,Bouton_vs_Axon,g4,28.25,1.0
dnc-wt,Bouton_vs_Axon,g4,28.5,1.0
dnc-wt,Bouton_vs_Axon,g4,28.75,1.0
dnc-wt,Bouton_vs_Axon,g4,29.0,1.0
dnc-wt,Bouton_vs_Axon,g4,29.25,1.0
dnc-wt,Bouton_vs_Axon,g4,29.5,1.0
dnc-wt,Bouton_vs_Axon,g4,29.75,1.0
dnc-wt,Bouton_vs_Axon,g4,30.0,1.0
dnc-wt,Bouton_vs_Axon,g4,30.25,1.0
dnc-wt,Bouton_vs_Axon,g4,30.5,1.0
dnc-wt,Bouton_vs_Axon,g4,30.75,1.0
dnc-wt,Bouton_vs_Axon,g4,31.0,1.0
dnc-wt,Bouton_vs_Axon,g4,31.25,1.0
dnc-wt,Bouton_vs_Axon,g4,31.5,1.0
dnc-wt,Bouton_vs_Axon,g4,31.75,1.0
dnc-wt,Bouton_vs_Axon,g4,32.0,1.0
dnc-wt,Bouton_vs_Axon,g4,32.25,1.0
dnc-wt,Bouton_vs_Axon,g4,32.5,1.0
dnc-wt,Bouton_vs_Axon,g4,32.75,1.0
dnc-wt,Bouton_vs_Axon,g4,33.0,1.0
dnc-wt,Bouton_vs_Axon,g4,33.25,1.0
dnc-wt,Bouton_vs_Axon,g4,33.5,1.0
dnc-wt,Bouton_vs_Axon,g4,33.75,1.0
dnc-wt,Bouton_vs_Axon,g4,34.0,1.0
dnc-wt,Bouton_vs_Axon,g4,34.25,1.0
dnc-wt,Bouton_vs_Axon,g4,34.5,1.0
dnc-wt,Bouton_vs_Axon,g4,34.75,1.0
dnc-wt,Bouton_vs_Axon,g4,35.0,1.0
dnc-wt,Bouton_vs_Axon,g4,35.25,1.0
dnc-wt,Bouton_vs_Axon,g4,35.5,1.0
dnc-wt,Bouton_vs_Axon,g4,35.75,1.0
dnc-wt,Bouton_vs_Axon,g4,36.0,1.0
dnc-wt,Bouton_vs_Axon,g4,36.25,1.0
dnc-wt,Bouton_vs_Axon,g4,36.5,1.0
dnc-wt,Bouton_vs_Axon,g4,36.75,1.0
dnc-wt,Bouton_vs_Axon,g4,37.0,1.0
dnc-wt,Bouton_vs_Axon,g4,37.25,1.0
dnc-wt,Bouton_vs_Axon,g4,37.5,1.0
dnc-wt,Bouton_vs_Axon,g4,37.75,1.0
dnc-wt,Bouton_vs_Axon,g4,38.0,1.0
dnc-wt,Bouton_vs_Axon,g4,38.25,1.0
dnc-wt,Bouton_vs_Axon,g4,38.5,1.0
dnc-wt,Bouton_vs_Axon,g4,38.75,1.0
dnc-wt,Bouton_vs_Axon,g4,39.0,1.0
dnc-wt,Bouton_vs_Axon,g4,39.25,1.0
dnc-wt,Bouton_vs_Axon,g4,39.5,1.0
dnc-wt,Bouton_vs_Axon,g4,39.75,1.0
dnc-wt,Bouton_vs_Axon,g4,40.0,1.0
dnc-wt,Bouton_vs_Axon,g4,40.25,1.0
dnc-wt,Bouton_vs_Axon,g4,40.5,1.0
dnc-wt,Bouton_vs_Axon,g4,40.75,1.0
dnc-wt,Bouton_vs_Axon,g4,41.0,1.0
dnc-wt,Bouton_vs_Axon,g4,41.25,1.0
dnc-wt,Bouton_vs_Axon,g4,41.5,1.0
dnc-wt,Bouton_vs_Axon,g4,41.75,1.0
dnc-wt,Bouton_vs_Axon,g4,42.0,1.0
dnc-wt,Bouton_vs_Axon,g4,42.25,1.0
dnc-wt,Bouton_vs_Axon,g4,42.5,1.0
dnc-wt,Bouton_vs_Axon,g4,42.75,1.0
dnc-wt,Bouton_vs_Axon,g4,43.0,1.0
dnc-wt,Bouton_vs_Axon,g4,43.25,1.0
dnc-wt,Bouton_vs_Axon,g4,43.5,1.0
dnc-wt,Bouton_vs_Axon,g4,43.75,1.0
dnc-wt,Bouton_vs_Axon,g4,44.0,1.0
dnc-wt,Bouton_vs_Axon,g4,44.25,1.0
dnc-wt,Bouton_vs_Axon,g4,44.5,1.0
dnc-wt,Bouton_vs_Axon,g4,44.75,1.0
dnc-wt,Bouton_vs_Axon,g4,45.0,1.0
dnc-wt,Bouton_vs_Axon,g4,45.25,1.0
dnc-wt,Bouton_vs_Axon,g4,45.5,1.0
dnc-wt,Bouton_vs_Axon,g4,45.75,1.0
dnc-wt,Bouton_vs_Axon,g4,46.0,1.0
dnc-wt,Bouton_vs_Axon,g4,46.25,1.0
dnc-wt,Bouton_vs_Axon,g4,46.5,1.0
dnc-wt,Bouton_vs_Axon,g4,46.75,1.0
dnc-wt,Bouton_vs_Axon,g4,47.0,1.0
dnc-wt,Bouton_vs_Axon,g4,47.25,1.0
dnc-wt,Bouton_vs_Axon,g4,47.5,1.0
dnc-wt,Bouton_vs_Axon,g4,47.75,1.0
dnc-wt,Bouton_vs_Axon,g4,48.0,1.0
dnc-wt,Bouton_vs_Axon,g4,48.25,1.0
dnc-wt,Bouton_vs_Axon,g4,48.5,1.0
dnc-wt,Bouton_vs_Axon,g4,48.75,1.0
dnc-wt,Bouton_vs_Axon,g4,49.0,1.0
dnc-wt,Bouton_vs_Axon,g4,49.25,1.0
dnc-wt,Bouton_vs_Axon,g4,49.5,1.0
dnc-wt,Bouton_vs_Axon,g4,49.75,1.0
dnc-wt,Bouton_vs_Axon,g4,50.0,1.0
dnc-wt,Bouton_vs_Axon,g4,50.25,1.0
dnc-wt,Bouton_vs_Axon,g4,50.5,1.0
dnc-wt,Bouton_vs_Axon,g4,50.75,1.0
dnc-wt,Bouton_vs_Axon,g4,51.0,1.0
dnc-wt,Bouton_vs_Axon,g4,51.25,1.0
dnc-wt,Bouton_vs_Axon,g4,51.5,1.0
dnc-wt,Bouton_vs_Axon,g4,51.75,1.0
dnc-wt,Bouton_vs_Axon,g4,52.0,1.0
dnc-wt,Bouton_vs_Axon,g4,52.25,1.0
dnc-wt,Bouton_vs_Axon,g4,52.5,1.0
dnc-wt,Bouton_vs_Axon,g4,52.75,1.0
dnc-wt,Bouton_vs_Axon,g4,53.0,1.0
dnc-wt,Bouton_vs_Axon,g4,53.25,1.0
dnc-wt,Bouton_vs_Axon,g4,53.5,1.0
dnc-wt,Bouton_vs_Axon,g4,53.75,1.0
dnc-wt,Bouton_vs_Axon,g4,54.0,1.0
dnc-wt,Bouton_vs_Axon,g4,54.25,1.0
dnc-wt,Bouton_vs_Axon,g4,54.5,1.0
dnc-wt,Bouton_vs_Axon,g4,54.75,1.0
dnc-wt,Bouton_vs_Axon,g4,55.0,1.0
dnc-wt,Bouton_vs_Axon,g4,55.25,1.0
dnc-wt,Bouton_vs_Axon,g4,55.5,1.0
dnc-wt,Bouton_vs_Axon,g4,55.75,1.0
dnc-wt,Bouton_vs_Axon,g4,56.0,1.0
dnc-wt,Bouton_vs_Axon,g4,56.25,1.0
dnc-wt,Bouton_vs_Axon,g4,56.5,1.0
dnc-wt,Bouton_vs_Axon,g4,56.75,1.0
dnc-wt,Bouton_vs_Axon,g4,57.0,1.0
dnc-wt,Bouton_vs_Axon,g4,57.25,1.0
dnc-wt,Bouton_vs_Axon,g4,57.5,1.0
dnc-wt,Bouton_vs_Axon,g4,57.75,1.0
dnc-wt,Bouton_vs_Axon,g4,58.0,1.0
dnc-wt,Bouton_vs_Axon,g4,58.25,1.0
dnc-wt,Bouton_vs_Axon,g4,58.5,1.0
dnc-wt,Bouton_vs_Axon,g4,58.75,1.0
dnc-wt,Bouton_vs_Axon,g4,59.0,1.0
dnc-wt,Bouton_vs_Axon,g4,59.25,1.0
dnc-wt,Bouton_vs_Axon,g4,59.5,1.0
dnc-wt,Bouton_vs_Axon,g4,59.75,1.0
dnc-wt,Bouton_vs_Axon,g4,60.0,1.0
dnc-wt,Bouton_vs_Axon,g4,60.25,1.0
dnc-wt,Bouton_vs_Axon,g4,60.5,1.0
dnc-wt,Bouton_vs_Axon,g4,60.75,1.0
dnc-wt,Bouton_vs_Axon,g4,61.0,1.0
dnc-wt,Bouton_vs_Axon,g4,61.25,1.0
dnc-wt,Bouton_vs_Axon,g4,61.5,1.0
dnc-wt,Bouton_vs_Axon,g4,61.75,1.0
dnc-wt,Bouton_vs_Axon,g4,62.0,1.0
dnc-wt,Bouton_vs_Axon,g4,62.25,1.0
dnc-wt,Bouton_vs_Axon,g4,62.5,1.0
dnc-wt,Bouton_vs_Axon,g4,62.75,1.0
dnc-wt,Bouton_vs_Axon,g4,63.0,1.0
dnc-wt,Bouton_vs_Axon,g4,63.25,1.0
dnc-wt,Bouton_vs_Axon,g4,63.5,1.0
dnc-wt,Bouton_vs_Axon,g4,63.75,1.0
dnc-wt,Bouton_vs_Axon,g4,64.0,1.0
dnc-wt,Bouton_vs_Axon,g4,64.25,1.0
dnc-wt,Bouton_vs_Axon,g4,64.5,1.0
dnc-wt,Bouton_vs_Axon,g4,64.75,1.0
dnc-wt,Bouton_vs_Axon,g4,65.0,1.0
dnc-wt,Bouton_vs_Axon,g4,65.25,1.0
dnc-wt,Bouton_vs_Axon,g4,65.5,1.0
dnc-wt,Bouton_vs_Axon,g4,65.75,1.0
dnc-wt,Bouton_vs_Axon,g4,66.0,1.0
dnc-wt,Bouton_vs_Axon,g4,66.25,1.0
dnc-wt,Bouton_vs_Axon,g4,66.5,1.0
dnc-wt,Bouton_vs_Axon,g4,66.75,1.0
dnc-wt,Bouton_vs_Axon,g4,67.0,1.0
dnc-wt,Bouton_vs_Axon,g4,67.25,1.0
dnc-wt,Bouton_vs_Axon,g4,67.5,1.0
dnc-wt,Bouton_vs_Axon,g4,67.75,1.0
dnc-wt,Bouton_vs_Axon,g4,68.0,1.0
dnc-wt,Bouton_vs_Axon,g4,68.25,1.0
dnc-wt,Bouton_vs_Axon,g4,68.5,1.0
dnc-wt,Bouton_vs_Axon,g4,68.75,1.0
dnc-wt,Bouton_vs_Axon,g4,69.0,1.0
dnc-wt,Bouton_vs_Axon,g4,69.25,1.0
dnc-wt,Bouton_vs_Axon,g4,69.5,1.0
dnc-wt,Bouton_vs_Axon,g4,69.75,1.0
dnc-wt,Bouton_vs_Axon,g4,70.0,1.0
dnc-wt,Bouton_vs_Axon,g4,70.25,1.0
dnc-wt,Bouton_vs_Axon,g4,70.5,1.0
dnc-wt,Bouton_vs_Axon,g4,70.75,1.0
dnc-wt,Bouton_vs_Axon,g4,71.0,1.0
dnc-wt,Bouton_vs_Axon,g4,71.25,1.0
dnc-wt,Bouton_vs_Axon,g4,71.5,1.0
dnc-wt,Bouton_vs_Axon,g4,71.75,1.0
dnc-wt,Bouton_vs_Axon,g4,72.0,1.0
dnc-wt,Bouton_vs_Axon,g4,72.25,1.0
dnc-wt,Bouton_vs_Axon,g4,72.5,1.0
dnc-wt,Bouton_vs_Axon,g4,72.75,1.0
dnc-wt,Bouton_vs_Axon,g4,73.0,1.0
dnc-wt,Bouton_vs_Axon,g4,73.25,1.0
dnc-wt,Bouton_vs_Axon,g4,73.5,1.0
dnc-wt,Bouton_vs_Axon,g4,73.75,1.0
dnc-wt,Bouton_vs_Axon,g4,74.0,1.0
dnc-wt,Bouton_vs_Axon,g4,74.25,1.0
dnc-wt,Bouton_vs_Axon,g4,74.5,1.0
dnc-wt,Bouton_vs_Axon,g4,74.75,1.0
dnc-wt,Bouton_vs_Axon,g4,75.0,1.0
dnc-wt,Bouton_vs_Axon,g4,75.25,1.0
dnc-wt,Bouton_vs_Axon,g4,75.5,1.0
dnc-wt,Bouton_vs_Axon,g4,75.75,1.0
dnc-wt,Bouton_vs_Axon,g4,76.0,1.0
dnc-wt,Bouton_vs_Axon,g4,76.25,1.0
dnc-wt,Bouton_vs_Axon,g4,76.5,1.0
dnc-wt,Bouton_vs_Axon,g4,76.75,1.0
dnc-wt,Bouton_vs_Axon,g4,77.0,1.0
dnc-wt,Bouton_vs_Axon,g4,77.25,1.0
dnc-wt,Bouton_vs_Axon,g4,77.5,1.0
dnc-wt,Bouton_vs_Axon,g4,77.75,1.0
dnc-wt,Bouton_vs_Axon,g4,78.0,1.0
dnc-wt,Bouton_vs_Axon,g4,78.25,1.0
dnc-wt,Bouton_vs_Axon,g4,78.5,1.0
dnc-wt,Bouton_vs_Axon,g4,78.75,1.0
dnc-wt,Bouton_vs_Axon,g4,79.0,1.0
dnc-wt,Bouton_vs_Axon,g4,79.25,1.0
dnc-wt,Bouton_vs_Axon,g4,79.5,1.0
dnc-wt,Bouton_vs_Axon,g4,79.75,1.0
dnc-wt,Bouton_vs_Axon,g4,80.0,1.0
dnc-wt,Bouton_vs_Axon,g4,80.25,1.0
dnc-wt,Bouton_vs_Axon,g4,80.5,1.0
dnc-wt,Bouton_vs_Axon,g4,80.75,1.0
dnc-wt,Bouton_vs_Axon,g4,81.0,1.0
dnc-wt,Bouton_vs_Axon,g4,81.25,1.0
dnc-wt,Bouton_vs_Axon,g4,81.5,1.0
dnc-wt,Bouton_vs_Axon,g4,81.75,0.6875
dnc-wt,Bouton_vs_Axon,g4,82.0,1.0
dnc-wt,Bouton_vs_Axon,g4,82.25,1.0
dnc-wt,Bouton_vs_Axon,g4,82.5,1.0
dnc-wt,Bouton_vs_Axon,g4,82.75,1.0
dnc-wt,Bouton_vs_Axon,g4,83.0,1.0
dnc-wt,Bouton_vs_Axon,g4,83.25,1.0
dnc-wt,Bouton_vs_Axon,g4,83.5,0.875
dnc-wt,Bouton_vs_Axon,g4,83.75,1.0
dnc-wt,Bouton_vs_Axon,g4,84.0,1.0
dnc-wt,Bouton_vs_Axon,g4,84.25,1.0
dnc-wt,Bouton_vs_Axon,g4,84.5,1.0
dnc-wt,Bouton_vs_Axon,g4,84.75,1.0
dnc-wt,Bouton_vs_Axon,g4,85.0,1.0
dnc-wt,Bouton_vs_Axon,g4,85.25,1.0
dnc-wt,Bouton_vs_Axon,g4,85.5,1.0
dnc-wt,Bouton_vs_Axon,g4,85.75,1.0
dnc-wt,Bouton_vs_Axon,g4,86.0,1.0
dnc-wt,Bouton_vs_Axon,g4,86.25,1.0
dnc-wt,Bouton_vs_Axon,g4,86.5,1.0
dnc-wt,Bouton_vs_Axon,g4,86.75,1.0
dnc-wt,Bouton_vs_Axon,g4,87.0,1.0
dnc-wt,Bouton_vs_Axon,g4,87.25,1.0
dnc-wt,Bouton_vs_Axon,g4,87.5,1.0
dnc-wt,Bouton_vs_Axon,g4,87.75,1.0
dnc-wt,Bouton_vs_Axon,g4,88.0,1.0
dnc-wt,Bouton_vs_Axon,g4,88.25,1.0
dnc-wt,Bouton_vs_Axon,g4,88.5,1.0
dnc-wt,Bouton_vs_Axon,g4,88.75,1.0
dnc-wt,Bouton_vs_Axon,g4,89.0,1.0
dnc-wt,Bouton_vs_Axon,g4,89.25,1.0
dnc-wt,Bouton_vs_Axon,g4,89.5,1.0
dnc-wt,Bouton_vs_Axon,g4,89.75,1.0
dnc-wt,Bouton_vs_Axon,g4,90.0,1.0
