species,angle_deg,sacc_dur_sec,speed_deg_per_sec
gentoo,36.9018133672464,0.246577950649353,149.655771207713
gentoo,35.4560255623071,0.25533789471874,138.859238270773
gentoo,32.5872467290284,0.214084620751003,152.21666374125
gentoo,30.3190577232709,0.249460524641461,121.538498994368
gentoo,33.4199906122736,0.426556995196757,78.3482418260614
gentoo,55.3584812657256,0.490678360074684,112.820303013362
gentoo,47.3044968372969,0.42476027702542,111.367515739863
gentoo,37.2231560564564,0.526582351599259,70.6881951956947
gentoo,41.2865476011617,0.25288162932851,163.264321377524
gentoo,43.6445289411978,0.284483619153569,153.416667965117
gentoo,47.1509950724048,0.889899865545131,52.9846074799901
gentoo,54.8837631009593,0.34528109585695,158.953860374961
gentoo,57.7284358032675,0.386155566286933,149.495283360418
gentoo,49.3889401270217,0.343409709982382,143.819288422437
gentoo,29.7897883933673,0.249374244430754,119.458160009139
gentoo,45.405163396704,0.344303823386088,131.875280820767
gentoo,46.6905451694983,0.279675679629133,166.945317631525
gentoo,44.0814533406434,0.282794861842416,155.877843937657
gentoo,31.6876893481452,0.703723685908873,45.0285957154049
gentoo,52.0618810327293,0.386555036745157,134.681678115223
gentoo,53.3587828935795,0.436262420184376,122.308914141696
gentoo,41.5516797733517,0.592172035654285,70.1682573163753
gentoo,45.9862543052195,0.3317127773139,138.632749324886
gentoo,51.0628096479907,0.512579284901384,99.6193391970859
gentoo,54.5240940011384,0.555110726594023,98.2220147963638
gentoo,52.8692920394657,0.32154837679675,164.420957636755
gentoo,50.074553174124,0.516979775615395,96.8597913032806
gentoo,30.3731365576699,0.260535282439105,116.579744107284
gentoo,34.0317779542816,0.215239710914235,158.111055853639
gentoo,32.9298622638876,0.814380897016846,40.4354551838247
gentoo,41.1395936318082,0.273068094784639,150.656903598547
gentoo,59.1302755417541,0.505335438550291,117.011931146937
gentoo,62.9266498451322,0.356947321840679,176.291138761419
gentoo,56.6872723239285,0.535543002857791,105.850084907152
gentoo,19.9526947142087,0.46725145856955,42.7022630925371
gentoo,35.5754154535708,0.2456306908226,144.832941414736
gentoo,51.788612237691,0.292966284593278,176.773284030238
gentoo,32.9595566684708,0.857959337138201,38.4162223566565
gentoo,51.2056970531256,0.314679818501577,162.723168257036
gentoo,43.2933142583833,0.278673381380895,155.355039809882
gentoo,46.6961200535084,0.296563487584566,157.457414713579
gentoo,52.242889275472,0.320889918778153,162.806265383457
gentoo,51.2265803894918,0.318111738811748,161.033291574967
gentoo,38.7725847118349,0.623015651711504,62.2337249559006
gentoo,54.9618785389023,0.443008607024331,124.065035458518
gentoo,28.5908140667703,0.22644269598214,126.260703365876
gentoo,34.7941084155764,0.247957513578353,140.322863838452
gentoo,18.1176367132098,0.782889811306495,23.1420008940657
gentoo,46.8802521707257,0.326064358129702,143.776070588119
gentoo,31.7154574304064,0.253101145527429,125.307443252837
gentoo,27.3280606045435,0.489940299739866,55.7783481355857
gentoo,40.5030525350912,0.313677857333437,129.123084681227
gentoo,43.4358717620149,0.289723870038885,149.921619354958
gentoo,39.5192210193284,0.227517510163155,173.697492518219
gentoo,33.4995867754637,0.384625605037324,87.0966111895044
gentoo,47.0482603397998,0.420349052368571,111.926647805422
gentoo,36.0164772190632,0.281776143997452,127.81946941324
gentoo,61.81515516306,0.424522125860472,145.611150508977
gentoo,57.2931606335732,0.44600895378732,128.457422540655
gentoo,50.1672580324943,0.314982006307302,159.270234578258
gentoo,50.7395253304783,0.453159280290568,111.96841273546
gentoo,49.9015653752516,0.368850908790273,135.289256949142
gentoo,62.5385634601914,0.514370680897347,121.582675262691
gentoo,53.4355225924167,0.417272966552916,128.058913171027
gentoo,52.0370505019779,0.905483064768964,57.468827995425
gentoo,32.8328628310234,0.245512607811467,133.7318809152
gentoo,45.8303142646173,0.346394359556643,132.306756736098
gentoo,40.9682770974364,0.287385448053154,142.55515501905
gentoo,23.8721293253928,0.156582288408026,152.457404781224
gentoo,22.4798560417037,0.505759618352507,44.4477084092458
gentoo,45.0899079323855,0.315993212149078,142.692647179754
gentoo,29.2345353454747,0.218894707507707,133.555240683219
gentoo,24.5491247802022,0.337139823811382,72.8158557558496
gentoo,31.9705075399603,0.231275395876582,138.235662374657
gentoo,50.6728994680599,0.326167498375207,155.358518921981
gentoo,48.0752643022132,0.314351417887792,152.934777979509
gentoo,59.9413144198976,0.504633338808708,118.781915125547
gentoo,48.6409109912166,0.311795502915796,156.00260599125
gentoo,35.0893653861069,0.268637414126715,130.619800299133
gentoo,61.5183712766672,0.346012002827244,177.792593245333
gentoo,57.8112035101642,0.50118226532195,115.349659216348
gentoo,30.0194025475421,0.188332717128242,159.395579298635
gentoo,37.8951367733953,0.258677438870448,146.495716591559
gentoo,18.9826177525257,0.522836534610891,36.3069841067115
gentoo,45.210105925931,0.354834285951448,127.411886945212
gentoo,32.2981823602236,0.261516906727478,123.503228775495
gentoo,11.9214506857534,0.0620805525363383,192.031968123597
gentoo,45.3605528706867,0.343973024296907,131.872413435342
gentoo,25.9365704604232,0.189305428303009,137.009121676681
gentoo,19.5870620963944,0.806682722818327,24.2809986409063
gentoo,12.9271068777829,0.37931589481829,34.0800558436277
gentoo,14.6272763704712,0.954577301846458,15.3233020963073
gentoo,61.1553404639415,0.638864928344848,95.724992483749
gentoo,48.4673482529522,0.540496390615657,89.6719184336181
gentoo,57.3336959711155,0.38058707720693,150.645409171217
gentoo,55.7056179771869,0.347298945899513,160.396737838947
gentoo,46.4544040966294,0.314950401196639,147.497523165959
gentoo,48.339857866565,0.350031759441398,138.101348128263
gentoo,22.8862239638579,0.148636057978024,153.974912112118
gentoo,32.1301313164242,0.957708658990809,33.5489619048465
gentoo,38.0687131784085,0.77136223137672,49.3525760400063
gentoo,68.7958379368476,0.665200429625611,103.421216933921
gentoo,43.8588974964213,0.775122455704393,56.5831852420847
gentoo,26.4656699384859,0.183464501874054,144.254990301362
gentoo,21.3616950038901,0.187093009310795,114.176874286117
gentoo,35.2667353364017,0.236330178048654,149.226542406028
gentoo,43.2207772584681,0.385903548953033,111.998911063988
gentoo,47.6409234367607,0.388107059438791,122.752014626197
gentoo,26.0287277099066,0.636566634648388,40.8892428430273
gentoo,11.623456228878,0.558908077307199,20.7967225753462
gentoo,39.1619261265997,0.251834312342231,155.506712974761
gentoo,56.0290186242712,0.290832983963351,192.650152196394
gentoo,48.107950341124,0.318868197746951,150.87095759641
gentoo,14.483651387141,0.581397361198104,24.9117941596674
gentoo,50.6674068623566,0.498403799219769,101.659351196107
gentoo,42.5704107326809,0.236711978946634,179.840542595769
gentoo,48.1712095695759,0.819804569818848,58.7593816172802
gentoo,44.7158505754837,0.251559799676418,177.754357544416
gentoo,54.7534591934272,0.422576762401241,129.57044510043
gentoo,37.500284452638,0.277964872223909,134.910156641773
gentoo,41.1542996936826,0.247811818227147,166.070770910369
gentoo,47.5027244304304,0.280131957768683,169.572671425284
gentoo,59.1584490802916,0.517102696023409,114.403675585581
gentoo,43.4967781136611,0.310253353503606,140.197608252945
gentoo,28.7154955362661,0.26454024295998,108.54868512618
gentoo,47.5447560198631,0.368412901350168,129.052907337447
gentoo,55.0479809876834,0.449866844210197,122.365054673739
gentoo,43.6936246703266,0.327877247282829,133.262143172247
gentoo,61.625506595925,0.335294534143181,183.79514224234
gentoo,53.541081421906,0.328015659166853,163.227211645621
gentoo,43.4051137468806,0.323621937234299,134.122903156147
gentoo,52.6985835963735,0.820789325653965,64.204762354074
gentoo,27.8648906971756,0.197805543244215,140.870120423132
gentoo,47.4559515617287,0.283410586138196,167.445938447014
gentoo,51.0627394035564,0.37187296279893,137.312320366689
gentoo,26.6705968818296,0.203470636236631,131.078357915058
gentoo,23.7406414374041,0.689939051832863,34.4097661588161
gentoo,49.9997896260926,0.402290095167092,124.287896288685
gentoo,45.9536652148593,0.31686593844593,145.025575927281
gentoo,53.6988373399845,0.353174465033375,152.04620564771
gentoo,47.3175829813169,0.351230129998049,134.719601025059
gentoo,24.8760477249238,0.205175522216825,121.242765492442
gentoo,29.6732298270472,0.457722593646262,64.8279771174663
gentoo,76.9463072657932,0.48053605492997,160.12598113373
gentoo,50.7433738641056,0.511335875900462,99.2368739524615
gentoo,34.7082423454925,0.221378278629826,156.782510733717
gentoo,46.376536177509,0.221073649158454,209.778670384496
gentoo,43.4834335100892,0.227264475101098,191.334054698807
gentoo,44.1314448124304,0.28422889534008,155.267270625765
gentoo,48.2478322151724,0.289663083209829,166.565347853534
gentoo,40.7633209983111,0.280515553080481,145.315725102116
gentoo,40.298122375761,0.291981663582017,138.015935252185
gentoo,54.4027548206502,0.506199360852509,107.472982046103
gentoo,44.0031352225153,0.521909710772923,84.3117771412009
gentoo,41.4050302016573,0.27866474745299,148.583667579417
gentoo,11.6546677640497,0.745348759697178,15.6365293594703
gentoo,47.2891790644511,0.517638891139169,91.3555373715867
gentoo,50.9438377678301,0.349069142509662,145.941968406503
gentoo,55.2918196677318,0.40547368966182,136.363520192512
gentoo,33.9067750466122,0.475783830908487,71.2650847799279
gentoo,30.9106531067255,0.799381686237386,38.6682027358158
gentoo,47.971463671143,0.450909850959325,106.388147362676
gentoo,44.7244951882358,0.655873512405079,68.1907324237439
gentoo,61.2985359102073,0.392781913419435,156.062521760642
gentoo,44.3375302450532,0.349100253664733,127.005150467848
gentoo,32.4716676811541,0.954400035896742,34.0231207668011
gentoo,35.8274665720284,0.225243585070537,159.060985292028
gentoo,25.5950527035608,0.182304019861015,140.397632060302
gentoo,39.9997722280268,0.289081924857865,138.368292129277
gentoo,16.7310612411139,0.749599641124167,22.3199963330059
gentoo,39.2082005153683,0.274045160655683,143.07204119773
gentoo,52.7688055863331,0.28966768302487,182.170151103126
gentoo,42.1877153791715,0.403461596015853,104.564389264732
gentoo,48.8213406093593,0.580376707332415,84.1200895772623
gentoo,42.2981270834752,0.425459646121417,99.4174828778102
gentoo,15.2190933806394,0.782019171836779,19.4612791204253
gentoo,27.2728624442086,0.216810205837551,125.791414379466
gentoo,33.2938122277127,0.323105320513511,103.043218770891
gentoo,26.3285305260694,0.229093999012209,114.924575238072
gentoo,50.0613024211691,0.76700277869544,65.2687367134656
gentoo,36.215621234353,0.247255111366437,146.470667620217
gentoo,59.0264843781752,0.405486595818378,145.569508306543
gentoo,25.4121260903669,0.187508381606517,135.525280910875
gentoo,59.1388807661417,0.446457881708753,132.462396093885
gentoo,38.9191117118263,0.291772862672725,133.388387649612
gentoo,59.0001388140261,0.371606234234655,158.770583963803
gentoo,46.5257312133806,0.355205732612671,130.98248970017
gentoo,27.0480610360113,0.194580627640509,139.006957496216
gentoo,51.8244188270855,0.819415334342058,63.2456053177201
gentoo,45.7777985284925,0.537129540869315,85.2267377705639
gentoo,46.4572174192457,0.415705707285194,111.755062788623
gentoo,23.4427826150242,0.133446745706713,175.671444746553
gentoo,53.4157666444078,0.337900355022054,158.081416164601
gentoo,70.7758589608638,0.462952538062646,152.879297858578
gentoo,19.0229395177117,0.451525044168771,42.1304194825598
gentoo,14.7597607495797,0.670967645139348,21.9977235213992
gentoo,32.7404020042871,0.233986652476702,139.924229257252
gentoo,45.9282441275883,0.287837084301552,159.563331594451
gentoo,38.4799444441208,0.288916502676072,133.187076846434
gentoo,32.6400127775061,0.565441145291953,57.7248632316157
gentoo,36.8342969262846,0.257179411564758,143.224127865343
gentoo,26.6943626480532,0.226545317971714,117.832329915493
gentoo,42.2522146205675,0.380527210622531,111.035987548549
gentoo,66.7049142398738,0.483771120185475,137.885275611946
gentoo,47.8474567153726,0.412270291289656,116.05846389197
gentoo,47.4551825375628,0.414711291819589,114.429443985835
gentoo,37.9151943524859,0.261755155327357,144.849847580149
gentoo,58.6708798681744,0.978482869780877,59.9610700198699
gentoo,21.5224402760581,0.158750175282148,135.574277242882
gentoo,57.3600154334775,0.358557918230967,159.974198077893
gentoo,56.2713767373735,0.430425690129478,130.734242931564
gentoo,33.7748271278565,0.347244658130497,97.2652172957652
gentoo,13.2319959809651,0.877009946273328,15.0876236206803
gentoo,34.1213531958785,0.302420640390475,112.827461617111
gentoo,48.0353076805648,0.321925984431926,149.21227239649
gentoo,31.4816329516211,0.290907200831709,108.218816384106
gentoo,45.6428683245368,0.347258344900954,131.437786866015
gentoo,35.0278729003352,0.221725503261074,157.97854728101
gentoo,24.6469845051336,0.378415605267846,65.132051009599
gentoo,43.0595645644211,0.285348781412577,150.901519015645
gentoo,53.7127132129211,0.89555826057059,59.9767938924476
gentoo,56.9541762254709,0.309856277435754,183.808366565302
gentoo,51.4851683525775,0.27338848530483,188.322373179584
gentoo,14.844246958889,0.680456297796409,21.8151364120821
gentoo,61.7346992322284,0.370521038960495,166.615907710467
gentoo,53.4740648294815,0.452890306071042,118.072884565326
gentoo,47.5725076831505,0.341567995568727,139.276830090419
gentoo,40.7858916185629,0.318488359799173,128.060854859126
gentoo,42.5000743304222,0.340107986430561,124.960530261171
gentoo,43.3000138392614,0.346616835780926,124.921842707688
gentoo,49.232124129666,0.389051145682741,126.544092405304
gentoo,33.1661763086533,0.263599962425451,125.820110152835
gentoo,41.5087093143229,0.251349666889399,165.143283569928
gentoo,33.3293135822898,0.18711589643176,178.121229771864
gentoo,27.8989982856714,0.725118625858708,38.4750815808
gentoo,17.7164466341439,0.128513169342487,137.857051730859
gentoo,27.7087192333077,0.191511185109564,144.684600105501
gentoo,43.6776307421532,0.272408822066075,160.338532397306
gentoo,33.9688390976528,0.323283939383805,105.074316906677
gentoo,46.4784622553526,0.300302113829427,154.772344632088
gentoo,61.5705502523867,0.247936612916307,248.33181968639
gentoo,36.0624614640547,0.828042378784998,43.551468364421
gentoo,41.4999613477386,0.260299853146305,159.43136673386
gentoo,13.2217199022435,0.594751706050776,22.2306548560193
gentoo,37.5329637625179,0.253354074224304,148.144307043149
gentoo,55.072300078055,0.42156755673423,130.636950586723
gentoo,40.5098874993432,0.245345827211368,165.113415458431
gentoo,48.8497044912799,0.340728782605451,143.368294623486
gentoo,32.1471258372023,0.219533822924162,146.43359009107
gentoo,24.9010707672643,0.556075197947822,44.7800420863239
gentoo,13.4510159336953,0.463466348951007,29.0226377042042
gentoo,46.4842197899659,0.214200443867711,217.012714589304
gentoo,16.3794035715251,0.664845700200715,24.6363984403903
gentoo,50.7489908564934,0.318619954250528,159.277503431533
gentoo,37.7969049858379,0.424285191774182,89.0837241521138
gentoo,38.9626750399679,0.266558269395114,146.169447784846
gentoo,45.670081035678,0.583851577454186,78.2220735530369
gentoo,15.021977221864,0.679768564919577,22.0986641587954
gentoo,42.0203965581443,0.4209105813607,99.8321221155874
gentoo,42.3215396378702,0.983529292218566,43.0302787854998
gentoo,34.5085498857755,0.230946316082979,149.422387293576
gentoo,40.1666374286046,0.264201032061772,152.030584873769
gentoo,40.4090138025912,0.261376452254274,154.600819829325
gentoo,30.4598723225728,0.239855344897596,126.992676921906
gentoo,42.2004521580622,0.244834364125345,172.363272242525
gentoo,67.7254566398299,0.473107603791593,143.15021804144
gentoo,46.4194578901938,0.493050643844888,94.1474440195583
gentoo,38.0470373029473,0.239469317428569,158.880635362801
gentoo,34.2773615815838,0.254085792587912,134.904676221612
gentoo,48.4059987642957,0.359956004993206,134.47754195741
gentoo,32.8973041406583,0.214979270800183,153.025470866144
gentoo,54.46288646389,0.377830054515455,144.146517231763
gentoo,47.8359008224437,0.412397704529804,115.994585559063
gentoo,49.4930632629299,0.359368594222541,137.722283078195
gentoo,36.8825893635587,0.215223947249702,171.368427328245
gentoo,49.3290028382683,0.441465195354897,111.739279465989
gentoo,42.8258321959975,0.272146051868145,157.363415350029
gentoo,32.3707378166783,0.220870637677535,146.559715483498
gentoo,67.4510131290386,0.329055683694728,204.983583239408
gentoo,24.7925846925996,0.620252418454553,39.9717662598944
gentoo,30.6232790806386,0.222198923465877,137.819205435266
gentoo,31.7013934731155,0.252222245919789,125.688332357476
gentoo,54.8499414726875,0.42333246068561,129.567057966344
gentoo,25.8664608937267,0.461998543686923,55.9881870780427
gentoo,19.5021573984141,0.16357296272205,119.226044902989
gentoo,16.3180622516571,0.516456896279927,31.5961745679014
gentoo,45.7619002822444,0.287067288559907,159.411755034202
gentoo,34.6496912792807,0.891170519213339,38.8811013518119
gentoo,45.2963774643745,0.449673427435325,100.731719289527
gentoo,45.075137754333,0.386719447264475,116.557721814043
gentoo,49.7235635883273,0.362977256514171,136.988096901289
gentoo,55.2411901863321,0.357360785565572,154.58100725547
gentoo,54.337919067605,0.653690443715618,83.1248484508122
gentoo,46.0716808744935,0.312618083802859,147.373690971591
gentoo,40.1866132787969,0.26006341408211,154.526208235153
gentoo,43.2801844227768,0.309302809748101,139.928196766219
gentoo,55.5721013687513,0.363788306825298,152.759449179983
gentoo,47.5773817832146,0.319845286691687,148.751236184626
gentoo,57.2916557053948,0.379250792466265,151.065355283314
gentoo,38.1838608944767,0.359687780746879,106.158348819049
gentoo,26.4377848693383,0.333160729814241,79.3544451774948
gentoo,29.5627079793673,0.657937521262981,44.9323940708208
gentoo,26.3875234542011,0.185266983647155,142.429713782444
gentoo,46.3471581696402,0.33308604634769,139.144700529607
gentoo,49.1762841036561,0.291817159336673,168.517451871022
gentoo,54.277450327434,0.411177557825536,132.004894952132
gentoo,33.530419939551,0.252612373527074,132.734669610146
gentoo,39.5819850118998,0.216620183380933,182.725286231956
gentoo,41.6349786389775,0.321552321616156,129.481194319219
gentoo,46.7341220051741,0.362447405733689,128.94042353696
gentoo,49.3722962000963,0.625252954889478,78.9637151076297
gentoo,49.0817879458371,0.352666098189291,139.17353609502
gentoo,35.427286082746,0.590780954833414,59.9668723118124
gentoo,44.4951209160346,0.665062475020798,66.9036708388082
gentoo,30.2071243629252,0.274792658795782,109.926970011867
gentoo,44.3979265113902,0.261136816009672,170.0178748819
gentoo,25.555144379151,0.192860097191644,132.506126208974
gentoo,33.9005228772148,0.260019956945551,130.376619069719
gentoo,39.4843747554174,0.268888056335126,146.843170699283
gentoo,58.8135143812689,0.348278125657624,168.869389285406
gentoo,55.3549487389162,0.511306960832768,108.261676408159
gentoo,39.8261109236529,0.247730069228479,160.7641375457
gentoo,43.6321826089547,0.791835360108581,55.102594310731
gentoo,29.7664657227159,0.196582817306528,151.419468550507
gentoo,10.2994781069299,0.516868796952788,19.9266780421853
gentoo,51.236694554691,0.85193543162884,60.1415232334334
gentoo,33.0680508867534,0.259928880535668,127.21961029727
gentoo,34.2134235568257,0.242633358307225,141.008737609378
gentoo,29.0797468366062,0.334229165127284,87.0054138618688
gentoo,45.4605291675943,0.289932259306611,156.797071413563
gentoo,45.1692828335256,0.292423871719122,154.465100841396
gentoo,29.030583577945,0.197531674721076,146.966726318387
gentoo,50.956552870889,0.369582571161616,137.875962902499
gentoo,29.0644591712571,0.592550612767246,49.0497495826127
gentoo,39.7817896432695,0.226044664117596,175.990837025791
gentoo,46.6854579346185,0.878143436910909,53.1638180874486
gentoo,50.7282960641196,0.487631836254138,104.029910052226
gentoo,31.0558790462936,0.541456066569907,57.3562306597297
gentoo,39.0478609632338,0.288370138797933,135.408822584767
gentoo,36.4392860893527,0.609491352414667,59.7863873621643
gentoo,44.8810842786488,0.651129337658388,68.9280634167884
gentoo,61.3387127458485,0.428062808145686,143.293721338605
gentoo,16.7694104170218,0.746756074524804,22.4563428261269
gentoo,51.0405164294687,0.403462133288072,126.506336576141
gentoo,54.2877607378357,0.453361973931643,119.744848177366
gentoo,38.028221028774,0.310917393756108,122.309725324034
gentoo,33.4850183217959,0.213641318956112,156.734748153632
gentoo,25.279107567808,0.193489716952759,130.648325740122
gentoo,24.1383246753691,0.391405454535739,61.6708949649169
gentoo,41.2301114091748,0.239129249362706,172.417684240032
gentoo,48.1238461885145,0.291252280442207,165.230796186207
gentoo,16.984267478945,0.68619210596371,24.7514760536216
gentoo,42.8941150075455,0.311841196523104,137.551149385638
gentoo,39.0162517630168,0.284890206267649,136.951888498272
gentoo,43.3415067370046,0.293600006106059,147.620932682638
gentoo,17.5155977923808,0.883935360410684,19.815473593276
gentoo,39.6787283602275,0.302662750909675,131.098816226874
gentoo,56.3624807046112,0.396348997776772,142.204171123842
gentoo,28.3447200497775,0.250521608542241,113.14281516358
gentoo,25.6214421994441,0.660958702895505,38.7640590663267
gentoo,45.8767728897179,0.361048993426251,127.065228611664
gentoo,48.1204954837601,0.46731499682431,102.972290234142
gentoo,38.4379837894093,0.251682541785241,152.724076595699
gentoo,56.4243161722017,0.341816170859336,165.072108877556
gentoo,47.1065991059481,0.260613812151936,180.752503932851
gentoo,48.5905557043857,0.381467953223296,127.377818487266
gentoo,48.7925860206368,0.298980013928023,163.196814996414
gentoo,45.3098048749791,0.36799352725903,123.126635439665
gentoo,32.4323967361513,0.212567635985564,152.5744809918
gentoo,57.5937167320577,0.48437633030876,118.902830564296
gentoo,41.412283035246,0.283680625971692,145.982063080256
gentoo,44.1461687688962,0.287842933104897,153.368951228718
gentoo,44.0535461132047,0.350142517674408,125.816043152376
gentoo,55.6078570514965,0.566072327212191,98.234544206313
gentoo,50.9255371201409,0.385388897372218,132.140644080247
gentoo,47.4960871564292,0.376364235222271,126.197132223202
gentoo,37.5614724533717,0.316211517051132,118.785908886734
gentoo,47.710720645486,0.345198886020375,138.212267123799
gentoo,26.2776557300881,0.252432289322184,104.097838674471
gentoo,33.4336440810983,0.223938487062204,149.298338663024
gentoo,10.0615852789856,0.42886578551453,23.4609185876516
gentoo,41.2371180060611,0.238361545097969,173.002394279296
rockhopper,77.4733271516847,0.418153063923591,185.275043604228
rockhopper,28.9946292568004,0.581288054884925,49.8799674501144
rockhopper,50.5895087860673,0.370963949372989,136.373113537244
rockhopper,35.9965954558897,0.303061459982676,118.776552643637
rockhopper,51.4602241622214,0.516029192570237,99.7234747629461
rockhopper,21.2832682792486,0.52120527260567,40.8347140711889
rockhopper,50.7997924057651,0.324454645812912,156.569779663619
rockhopper,38.6447865529859,0.255605344294354,151.189274464006
rockhopper,31.1265936257196,0.237356995948271,131.138302881552
rockhopper,49.1256629994242,0.38166649176509,128.713586493363
rockhopper,14.3674713668578,0.861890728247888,16.6697133360107
rockhopper,44.3029619674779,0.317503344671593,139.535418164814
rockhopper,52.5408548304906,0.450526465889463,116.621017428489
rockhopper,58.4092464097637,0.455149167120195,128.32989847994
rockhopper,56.1733409880703,0.320078087979897,175.498864488338
rockhopper,28.9360454027232,0.219792870725771,131.651428488897
rockhopper,52.8060912027407,0.402451317521925,131.211127666054
rockhopper,47.4876627846016,0.307532125794133,154.415291286968
rockhopper,51.4394464700489,0.426836573405728,120.513212023079
rockhopper,53.1612814802346,0.500309797512883,106.256726821077
rockhopper,54.3591303572951,0.377458258916321,144.01362024336
rockhopper,48.5186901434749,0.351822091625233,137.906889016958
rockhopper,44.7333799853842,0.286892871746522,155.923636976618
rockhopper,46.5342701373232,0.257370155521987,180.806784076983
rockhopper,52.6630996528905,0.250790961230253,209.988029052371
rockhopper,41.6107498034942,0.429030955874964,96.9877563231619
rockhopper,51.6598969651458,0.324587631159693,159.15546991293
rockhopper,51.2784849521517,0.335017965527103,153.061895864218
rockhopper,37.6920884295165,0.323550624692477,116.495180515697
rockhopper,51.2038885692239,0.244402406375502,209.506482888527
rockhopper,30.9812246856436,0.875053627308243,35.4049440157686
rockhopper,24.7770093698901,0.162005286236016,152.939511700834
rockhopper,38.843841278288,0.283407989724058,137.05979607741
rockhopper,48.467055713711,0.324423722616865,149.394302373348
rockhopper,37.8739534723661,0.223846948104504,169.195755372481
rockhopper,48.1323233914643,0.393694458678952,122.258066707297
rockhopper,47.2068390400263,0.34950828041633,135.066439581328
rockhopper,40.8909524893958,0.329870388454577,123.960664311117
rockhopper,36.0771531966448,0.250055936823353,144.276331347937
rockhopper,52.6226557276522,0.306804193113851,171.518697947276
rockhopper,30.6588461404976,0.419707573513891,73.0481127224238
rockhopper,23.2595287613516,0.378127508473186,61.5123952638875
rockhopper,48.2987334038261,0.283191534183345,170.551473380402
rockhopper,58.9068994745405,0.390529577907044,150.838509570105
rockhopper,54.2030247082896,0.514594142023062,105.331600735285
rockhopper,53.6893282056345,0.540647422979426,99.3056212304883
rockhopper,64.6096971412651,0.356797603320467,181.082206102248
rockhopper,50.1403214869653,0.355476290006717,141.051099318095
rockhopper,21.2902050102613,0.793464309902978,26.8319630064579
rockhopper,29.155638355656,0.506808583967067,57.5279095066601
rockhopper,24.9784026207185,0.192031633987502,130.074415876418
rockhopper,52.0577362144377,0.393683639672471,132.232409397931
rockhopper,50.5021660179458,0.339386691448476,148.80420267043
rockhopper,54.0506744709049,0.406350261760588,133.014986225726
rockhopper,52.0093360669199,0.449674191281107,115.66004248264
rockhopper,42.3410661690822,0.298368148912431,141.908800665949
rockhopper,39.4188825958298,0.228488620510154,172.520112852088
rockhopper,41.3915788844171,0.445154411661764,92.9825197730876
rockhopper,48.4957183502905,0.337720136422727,143.597355088084
rockhopper,44.3900270890849,0.235174762221853,188.753362264312
rockhopper,61.6882179500545,0.423305211015592,145.729880815907
rockhopper,23.490588918918,0.788037357896981,29.8089788301494
rockhopper,47.1150556936511,0.330335819628906,142.627753013825
rockhopper,45.8577094045743,0.611147406546795,75.0354315723713
rockhopper,36.1552729212543,0.21550538666736,167.769694671536
rockhopper,44.6025422002187,0.294453298243506,151.475777198914
rockhopper,45.2069677564144,0.260467811129547,173.560669782456
rockhopper,12.4048399091047,0.677775228671343,18.3022916512045
rockhopper,59.728267624995,0.449286690912455,132.940211301815
rockhopper,53.0121660006514,0.292159292343088,181.449529041158
rockhopper,26.9985802817981,0.181581868495167,148.685441479068
rockhopper,44.7345553417205,0.303249160033355,147.517491348698
rockhopper,18.4367120079072,0.565698284591129,32.5910693210476
rockhopper,32.4253961918581,0.217334943716764,149.195502744904
rockhopper,29.4567279510604,0.223793550854164,131.624561291563
rockhopper,40.6673031076775,0.285854517743697,142.265735132235
rockhopper,52.0511205591019,0.40669111411818,127.986864605988
rockhopper,43.7231085141536,0.301984552069013,144.785911115617
rockhopper,24.0036213149389,0.827193455808232,29.0181470203793
rockhopper,60.0171236446502,0.324021564453946,185.225707880873
rockhopper,40.275844808155,0.571219818040854,70.5084864637426
rockhopper,59.3709661423542,0.35133724621541,168.985687631744
rockhopper,49.5678493569194,0.311804299149628,158.971026031725
rockhopper,50.6760416154794,0.440635762262098,115.006647112171
rockhopper,13.123826696888,0.523907645972977,25.0498857914453
rockhopper,47.7244327223578,0.318729547441094,149.733318123504
rockhopper,51.4675911624237,0.373129172422067,137.935050289249
rockhopper,42.3722470469823,0.356630681470658,118.812680031481
rockhopper,55.264128136353,0.382021180607874,144.662471458824
rockhopper,34.2741355260004,0.619439490012527,55.3308855483323
rockhopper,23.6195275586498,0.509859179892468,46.3255904574107
rockhopper,51.8188434500778,0.294268204778941,176.093925910225
rockhopper,39.7491116375394,0.283227360147649,140.343473938457
rockhopper,49.4696544187633,0.313993535849302,157.549913519576
rockhopper,40.6184727098913,0.249202861394986,162.993604818651
rockhopper,11.4934866463473,0.557517729509809,20.6154639359232
rockhopper,29.4808920273171,0.177623126694412,165.97440083372
rockhopper,53.0449541682212,0.384373679578166,138.003606871407
rockhopper,47.8423394651042,0.2862781100307,167.118399167766
rockhopper,35.8972048471874,0.282958452877422,126.86387164669
rockhopper,47.1710227180524,0.345291067173196,136.612345938251
rockhopper,34.3210182472807,0.956270000550527,35.8905102403317
rockhopper,32.8778671445547,0.214567697482746,153.228410102124
rockhopper,35.8188641235666,0.221328737615028,161.835577745303
rockhopper,65.7930189032012,0.350268111457484,187.83616535754
rockhopper,38.2981121755248,0.443952622332758,86.2662145665153
rockhopper,39.8734103312367,0.790217477219891,50.4587806277301
rockhopper,44.7946697904682,0.3495594021122,128.146087674364
rockhopper,62.0608196181531,0.359139848230073,172.80404812778
rockhopper,55.6570220897705,0.853987452901769,65.1731145471203
rockhopper,34.7923441777972,0.223305775413674,155.805841176048
rockhopper,25.6368086634192,0.578489975783064,44.3167725226636
rockhopper,41.3297838175682,0.227548425333591,181.630717755914
rockhopper,16.6666098083603,0.788256847190157,21.1436283335446
rockhopper,25.1431155194994,0.202584366226464,124.111825546264
rockhopper,51.6464127111452,0.328191281567208,157.366802873369
rockhopper,21.3689671454738,0.815090535355671,26.2166792749585
rockhopper,22.0424994447809,0.396233010736015,55.6301439999566
rockhopper,51.373430432987,0.346064302212244,148.4505339169
rockhopper,50.1530871400903,0.346625661630954,144.689481165671
rockhopper,54.1313306143024,0.490047377752596,110.461422857834
rockhopper,46.4446189025335,0.29567486052058,157.080039949155
rockhopper,53.4812392638249,0.32091273209126,166.653528874685
rockhopper,17.6365729478896,0.650981536895245,27.0922782725982
rockhopper,33.363134862966,0.191463922494691,174.252853635604
rockhopper,33.7083818561485,0.291389010590099,115.681719732274
rockhopper,56.0139125452035,0.579878023325074,96.5960258745703
rockhopper,38.9862458039456,0.260871388504672,149.446231062045
rockhopper,31.284865514231,0.244252310407447,128.08421530197
rockhopper,49.7844895468441,0.317762662753256,156.671929658086
rockhopper,51.8747135744881,0.35650914847543,145.507384021768
rockhopper,42.087888975784,0.302550988502647,139.110069294703
rockhopper,40.1476962828679,0.32076162451221,125.163651805049
rockhopper,31.4161984111009,0.226665254896921,138.601738609598
rockhopper,44.8114738969486,0.841256967655609,53.2672840996823
rockhopper,38.8851713152595,0.632667223062235,61.4622820620414
rockhopper,65.042495669267,0.397064998538751,163.808182309273
rockhopper,25.2010920584811,0.389287272597185,64.7364911016702
rockhopper,33.1641755469811,0.281466746113855,117.82626546429
rockhopper,53.4533509615583,0.42034169966066,127.166424375005
rockhopper,26.1582442407199,0.193385218038558,135.26496236907
rockhopper,20.2382737865676,0.707794293631743,28.5934401685037
rockhopper,41.7659815959501,0.775737807756432,53.8403326205597
rockhopper,48.6904576018177,0.597714998072432,81.4609935484961
rockhopper,29.2871385502883,0.252854221499971,115.826179909326
rockhopper,59.6829871508373,0.295172601820157,202.196907107255
rockhopper,53.815351801026,0.296022845588762,181.794589853335
rockhopper,47.6725979937623,0.304320846349125,156.6524231438
rockhopper,51.5460763318658,0.375877485832405,137.13531210233
rockhopper,42.9866053021975,0.287140123673601,149.706020712945
rockhopper,45.7648296573003,0.283867246446319,161.219127004688
rockhopper,42.656298303581,0.21016930295574,202.961601450256
