,Timestamp,sex,age,factorial framing,letter_i,tumor,k_position,framing,Steve,letter_ing,Linda,letter_ly,letter_l,Group,microframingID,framingID
0,27/06/2018 08:30:24,female,22.0,1103.0,21,90,"More words have the letter k at the third position, than at the beginning","Program B: either everyone dies (67% probability), or no one dies (33% probability)",farmer,21,Linda is a bank teller. (Bankkauffrau),,,2,1->9,negative
1,27/06/2018 08:31:29,female,25.0,10.0,9,20,There are more words having the letter K at the beginning than at the third position,"Program B: either everyone dies (67% probability), or no one dies (33% probability)",librarian,13,Linda is a bank teller and is active in the feminist movement.,,,2,1->9,negative
2,27/06/2018 08:32:46,male,24.0,1000.0,13,10,There are more words having the letter K at the beginning than at the third position,Program A: 400 people will die!,librarian,21,Linda is a bank teller. (Bankkauffrau),,,2,1->9,negative
3,27/06/2018 08:34:06,male,23.0,500000.0,3.5,90,There are more words having the letter K at the beginning than at the third position,Program A: 400 people will die!,librarian,9,Linda is a bank teller and is active in the feminist movement.,,,2,1->9,negative
4,27/06/2018 08:34:17,female,23.0,231.0,9,20,"More words have the letter k at the third position, than at the beginning",Program A: 400 people will die!,librarian,21,Linda is a bank teller and is active in the feminist movement.,,,2,1->9,negative
5,27/06/2018 08:35:35,female,28.0,0.0,9,50,"More words have the letter k at the third position, than at the beginning","Program B: either everyone dies (67% probability), or no one dies (33% probability)",librarian,21,Linda is a bank teller and is active in the feminist movement.,,,2,1->9,negative
6,27/06/2018 08:35:57,female,28.0,400000.0,9,90,"More words have the letter k at the third position, than at the beginning","Program B: either everyone dies (67% probability), or no one dies (33% probability)",librarian,21,Linda is a bank teller and is active in the feminist movement.,,,2,1->9,negative
7,27/06/2018 08:36:22,female,,10.0,9,100,There are more words having the letter K at the beginning than at the third position,"Program B: either everyone dies (67% probability), or no one dies (33% probability)",librarian,9,Linda is a bank teller and is active in the feminist movement.,,,2,1->9,negative
8,27/06/2018 08:36:30,female,24.0,1000.0,21,90,"More words have the letter k at the third position, than at the beginning","Program B: either everyone dies (67% probability), or no one dies (33% probability)",librarian,21,Linda is a bank teller. (Bankkauffrau),,,2,1->9,negative
9,19/11/2018 17:02:04,male,32.0,10000.0,21,100,There are more words having the letter K at the beginning than at the third position,Program A: 400 people will die!,librarian,21,Linda is a bank teller and is active in the feminist movement.,,,2,1->9,negative
10,24/04/2019 08:27:50,male,25.0,1056.0,9,10,There are more words having the letter K at the beginning than at the third position,Program A: 400 people will die!,librarian,21,Linda is a bank teller. (Bankkauffrau),,,2,1->9,negative
11,24/04/2019 08:28:02,female,24.0,215.0,13,20,"More words have the letter k at the third position, than at the beginning",Program A: 400 people will die!,farmer,21,Linda is a bank teller and is active in the feminist movement.,,,2,1->9,negative
12,24/04/2019 08:28:02,female,23.0,1000.0,6,10,"More words have the letter k at the third position, than at the beginning",Program A: 400 people will die!,librarian,9,Linda is a bank teller and is active in the feminist movement.,,,2,1->9,negative
13,24/04/2019 08:28:53,female,23.0,3567.0,9,90,"More words have the letter k at the third position, than at the beginning","Program B: either everyone dies (67% probability), or no one dies (33% probability)",librarian,21,Linda is a bank teller and is active in the feminist movement.,,,2,1->9,negative
14,24/04/2019 08:29:24,female,22.0,200000.0,6,90,There are more words having the letter K at the beginning than at the third position,"Program B: either everyone dies (67% probability), or no one dies (33% probability)",farmer,21,Linda is a bank teller and is active in the feminist movement.,,,2,1->9,negative
15,24/04/2019 08:29:25,female,29.0,10000.0,21,90,There are more words having the letter K at the beginning than at the third position,Program A: 400 people will die!,librarian,21,Linda is a bank teller and is active in the feminist movement.,,,2,1->9,negative
16,24/04/2019 08:30:16,male,22.0,100000.0,9,90,"More words have the letter k at the third position, than at the beginning","Program B: either everyone dies (67% probability), or no one dies (33% probability)",librarian,21,Linda is a bank teller. (Bankkauffrau),,,2,1->9,negative
17,24/04/2019 08:30:55,male,23.0,4560.0,13,90,There are more words having the letter K at the beginning than at the third position,Program A: 400 people will die!,farmer,21,Linda is a bank teller and is active in the feminist movement.,,,2,1->9,negative
18,24/04/2019 08:31:52,female,24.0,362880.0,3.5,90,There are more words having the letter K at the beginning than at the third position,"Program B: either everyone dies (67% probability), or no one dies (33% probability)",farmer,9,Linda is a bank teller. (Bankkauffrau),,,2,1->9,negative
19,24/04/2019 08:32:10,female,23.0,500000.0,1.5,50,"More words have the letter k at the third position, than at the beginning","Program B: either everyone dies (67% probability), or no one dies (33% probability)",librarian,21,Linda is a bank teller and is active in the feminist movement.,,,2,1->9,negative
20,03/05/2019 10:36:22,female,18.0,200.0,9,90,There are more words having the letter K at the beginning than at the third position,"Program B: either everyone dies (67% probability), or no one dies (33% probability)",librarian,21,Linda is a bank teller and is active in the feminist movement.,,,2,1->9,negative
21,03/05/2019 10:36:53,male,19.0,10.0,21,50,There are more words having the letter K at the beginning than at the third position,Program A: 400 people will die!,librarian,21,Linda is a bank teller and is active in the feminist movement.,,,2,1->9,negative
22,03/05/2019 10:36:57,Prefer not to say,22.0,10.0,21,50,"More words have the letter k at the third position, than at the beginning","Program B: either everyone dies (67% probability), or no one dies (33% probability)",farmer,21,Linda is a bank teller. (Bankkauffrau),,,2,1->9,negative
23,03/05/2019 10:36:57,male,24.0,10024.0,6,100,"More words have the letter k at the third position, than at the beginning",Program A: 400 people will die!,librarian,13,Linda is a bank teller and is active in the feminist movement.,,,2,1->9,negative
24,03/05/2019 10:37:02,female,20.0,10.0,21,90,"More words have the letter k at the third position, than at the beginning",Program A: 400 people will die!,librarian,21,Linda is a bank teller and is active in the feminist movement.,,,2,1->9,negative
25,03/05/2019 10:37:27,male,18.0,500.0,3.5,30,"More words have the letter k at the third position, than at the beginning","Program B: either everyone dies (67% probability), or no one dies (33% probability)",librarian,21,Linda is a bank teller and is active in the feminist movement.,,,2,1->9,negative
26,03/05/2019 10:37:36,male,20.0,1200.0,13,100,"More words have the letter k at the third position, than at the beginning","Program B: either everyone dies (67% probability), or no one dies (33% probability)",librarian,21,Linda is a bank teller. (Bankkauffrau),,,2,1->9,negative
27,03/05/2019 10:37:39,male,19.0,1000000.0,3.5,100,"More words have the letter k at the third position, than at the beginning","Program B: either everyone dies (67% probability), or no one dies (33% probability)",librarian,6,Linda is a bank teller and is active in the feminist movement.,,,2,1->9,negative
28,03/05/2019 10:37:43,male,20.0,1000.0,3.5,40,There are more words having the letter K at the beginning than at the third position,Program A: 400 people will die!,librarian,9,Linda is a bank teller. (Bankkauffrau),,,2,1->9,negative
29,03/05/2019 10:38:07,male,19.0,10000.0,1.5,100,"More words have the letter k at the third position, than at the beginning","Program B: either everyone dies (67% probability), or no one dies (33% probability)",librarian,9,Linda is a bank teller and is active in the feminist movement.,,,2,1->9,negative
30,03/05/2019 10:38:13,male,18.0,6570.0,6,50,"More words have the letter k at the third position, than at the beginning","Program B: either everyone dies (67% probability), or no one dies (33% probability)",librarian,13,Linda is a bank teller and is active in the feminist movement.,,,2,1->9,negative
31,03/05/2019 10:38:15,male,20.0,1000.0,9,50,"More words have the letter k at the third position, than at the beginning","Program B: either everyone dies (67% probability), or no one dies (33% probability)",librarian,21,Linda is a bank teller and is active in the feminist movement.,,,2,1->9,negative
32,03/05/2019 10:38:18,female,20.0,50000.0,9,40,"More words have the letter k at the third position, than at the beginning","Program B: either everyone dies (67% probability), or no one dies (33% probability)",librarian,21,Linda is a bank teller and is active in the feminist movement.,,,2,1->9,negative
33,03/05/2019 10:38:26,,,362880.0,3.5,10,"More words have the letter k at the third position, than at the beginning","Program B: either everyone dies (67% probability), or no one dies (33% probability)",farmer,3.5,Linda is a bank teller and is active in the feminist movement.,,,2,1->9,negative
34,03/05/2019 10:38:35,male,19.0,1000.0,21,90,There are more words having the letter K at the beginning than at the third position,"Program B: either everyone dies (67% probability), or no one dies (33% probability)",farmer,21,Linda is a bank teller and is active in the feminist movement.,,,2,1->9,negative
35,03/05/2019 10:38:39,male,19.0,479.0,13,90,There are more words having the letter K at the beginning than at the third position,"Program B: either everyone dies (67% probability), or no one dies (33% probability)",librarian,21,Linda is a bank teller and is active in the feminist movement.,,,2,1->9,negative
36,03/05/2019 10:38:40,male,,10.0,9,90,,"Program B: either everyone dies (67% probability), or no one dies (33% probability)",farmer,9,Linda is a bank teller and is active in the feminist movement.,,,2,1->9,negative
37,03/05/2019 10:38:50,male,22.0,10.0,0.0,10,"More words have the letter k at the third position, than at the beginning",Program A: 400 people will die!,farmer,1.5,Linda is a bank teller and is active in the feminist movement.,,,2,1->9,negative
38,03/05/2019 10:38:59,male,24.0,10000.0,1.5,30,There are more words having the letter K at the beginning than at the third position,"Program B: either everyone dies (67% probability), or no one dies (33% probability)",librarian,6,Linda is a bank teller and is active in the feminist movement.,,,2,1->9,negative
39,03/05/2019 10:39:00,female,20.0,45.0,13,30,"More words have the letter k at the third position, than at the beginning","Program B: either everyone dies (67% probability), or no one dies (33% probability)",librarian,6,Linda is a bank teller. (Bankkauffrau),,,2,1->9,negative
40,03/05/2019 10:39:03,female,21.0,356.0,21,100,"More words have the letter k at the third position, than at the beginning","Program B: either everyone dies (67% probability), or no one dies (33% probability)",librarian,21,Linda is a bank teller. (Bankkauffrau),,,2,1->9,negative
41,03/05/2019 10:39:21,male,22.0,0.0,3.5,10,"More words have the letter k at the third position, than at the beginning","Program B: either everyone dies (67% probability), or no one dies (33% probability)",librarian,9,Linda is a bank teller and is active in the feminist movement.,,,2,1->9,negative
42,03/05/2019 10:39:22,male,21.0,99.0,1.5,90,There are more words having the letter K at the beginning than at the third position,"Program B: either everyone dies (67% probability), or no one dies (33% probability)",librarian,21,Linda is a bank teller. (Bankkauffrau),,,2,1->9,negative
43,03/05/2019 10:40:12,female,22.0,100.0,9,80,"More words have the letter k at the third position, than at the beginning",Program A: 400 people will die!,farmer,21,Linda is a bank teller and is active in the feminist movement.,,,2,1->9,negative
44,03/05/2019 10:40:37,female,19.0,9.0,1.5,10,"More words have the letter k at the third position, than at the beginning","Program B: either everyone dies (67% probability), or no one dies (33% probability)",librarian,9,Linda is a bank teller and is active in the feminist movement.,,,2,1->9,negative
45,03/05/2019 12:15:26,,,0.0,9,90,"More words have the letter k at the third position, than at the beginning","Program B: either everyone dies (67% probability), or no one dies (33% probability)",librarian,13,Linda is a bank teller. (Bankkauffrau),,,2,1->9,negative
46,04/05/2019 14:40:52,male,19.0,479.0,13,90,There are more words having the letter K at the beginning than at the third position,"Program B: either everyone dies (67% probability), or no one dies (33% probability)",librarian,21,Linda is a bank teller and is active in the feminist movement.,,,2,1->9,negative
47,08/05/2019 19:16:24,male,20.0,987654321.0,21,10,"More words have the letter k at the third position, than at the beginning",Program A: 400 people will die!,librarian,21,Linda is a bank teller and is active in the feminist movement.,,,2,1->9,negative
48,08/05/2019 19:17:42,Prefer not to say,19.0,999999999.0,9,80,There are more words having the letter K at the beginning than at the third position,"Program B: either everyone dies (67% probability), or no one dies (33% probability)",librarian,9,Linda is a bank teller and is active in the feminist movement.,,,2,1->9,negative
49,08/05/2019 19:18:08,male,22.0,1111.0,9,10,There are more words having the letter K at the beginning than at the third position,Program A: 400 people will die!,farmer,21,Linda is a bank teller and is active in the feminist movement.,,,2,1->9,negative
50,08/05/2019 19:22:58,female,23.0,5678.0,9,90,"More words have the letter k at the third position, than at the beginning","Program B: either everyone dies (67% probability), or no one dies (33% probability)",farmer,21,Linda is a bank teller and is active in the feminist movement.,,,2,1->9,negative
51,22/06/2020 08:22:07,male,23.0,,6,90,"More words have the letter k at the third position, than at the beginning","Program B: either everyone dies (67% probability), or no one dies (33% probability)",librarian,13,Linda is a bank teller and is active in the feminist movement.,,,2,1->9,negative
52,22/06/2020 08:23:59,male,23.0,,6,90,"More words have the letter k at the third position, than at the beginning","Program B: either everyone dies (67% probability), or no one dies (33% probability)",librarian,13,Linda is a bank teller and is active in the feminist movement.,,,2,1->9,negative
53,22/06/2020 08:27:24,male,25.0,1024.0,21,90,There are more words having the letter K at the beginning than at the third position,Program A: 400 people will die!,librarian,21,Linda is a bank teller and is active in the feminist movement.,,,2,1->9,negative
54,22/06/2020 08:27:45,female,22.0,300.0,6,90,There are more words having the letter K at the beginning than at the third position,"Program B: either everyone dies (67% probability), or no one dies (33% probability)",librarian,21,Linda is a bank teller. (Bankkauffrau),,,2,1->9,negative
55,22/06/2020 08:27:52,male,,,9,50,There are more words having the letter K at the beginning than at the third position,"Program B: either everyone dies (67% probability), or no one dies (33% probability)",librarian,21,Linda is a bank teller and is active in the feminist movement.,,,2,1->9,negative
56,22/06/2020 08:28:00,female,22.0,362880.0,6,90,There are more words having the letter K at the beginning than at the third position,"Program B: either everyone dies (67% probability), or no one dies (33% probability)",librarian,21,Linda is a bank teller and is active in the feminist movement.,,,2,1->9,negative
57,22/06/2020 08:28:04,female,22.0,1.0,13,90,"More words have the letter k at the third position, than at the beginning","Program B: either everyone dies (67% probability), or no one dies (33% probability)",librarian,21,Linda is a bank teller. (Bankkauffrau),,,2,1->9,negative
58,22/06/2020 08:28:31,female,23.0,181.0,21,100,"More words have the letter k at the third position, than at the beginning",Program A: 400 people will die!,farmer,21,Linda is a bank teller and is active in the feminist movement.,,,2,1->9,negative
59,22/06/2020 08:28:41,female,27.0,10.0,21,90,There are more words having the letter K at the beginning than at the third position,Program A: 400 people will die!,farmer,21,Linda is a bank teller. (Bankkauffrau),,,2,1->9,negative
60,22/06/2020 08:29:50,male,26.0,100000.0,13,50,"More words have the letter k at the third position, than at the beginning",Program A: 400 people will die!,librarian,21,Linda is a bank teller and is active in the feminist movement.,,,2,1->9,negative
61,22/06/2020 08:30:32,male,25.0,50000.0,3.5,90,"More words have the letter k at the third position, than at the beginning","Program B: either everyone dies (67% probability), or no one dies (33% probability)",librarian,9,Linda is a bank teller. (Bankkauffrau),,,2,1->9,negative
62,22/06/2020 15:04:00,female,23.0,181.0,21,100,"More words have the letter k at the third position, than at the beginning",Program A: 400 people will die!,farmer,21,Linda is a bank teller and is active in the feminist movement.,,,2,1->9,negative
63,29/06/2020 08:26:38,female,24.0,10.0,13,100,There are more words having the letter K at the beginning than at the third position,Program A: 400 people will die!,librarian,21,Linda is a bank teller. (Bankkauffrau),,,2,1->9,negative
64,29/06/2020 08:26:48,female,23.0,555.0,13,90,There are more words having the letter K at the beginning than at the third position,Program A: 400 people will die!,librarian,9,Linda is a bank teller and is active in the feminist movement.,,,2,1->9,negative
65,29/06/2020 08:26:59,female,23.0,10.0,6,90,There are more words having the letter K at the beginning than at the third position,Program A: 400 people will die!,librarian,13,Linda is a bank teller and is active in the feminist movement.,,,2,1->9,negative
66,29/06/2020 08:27:06,female,24.0,5000.0,13,10,There are more words having the letter K at the beginning than at the third position,Program A: 400 people will die!,librarian,21,Linda is a bank teller and is active in the feminist movement.,,,2,1->9,negative
67,29/06/2020 08:27:28,female,24.0,362.0,21,100,"More words have the letter k at the third position, than at the beginning","Program B: either everyone dies (67% probability), or no one dies (33% probability)",farmer,21,Linda is a bank teller and is active in the feminist movement.,,,2,1->9,negative
68,29/06/2020 08:27:31,male,22.0,350000.0,13,100,"More words have the letter k at the third position, than at the beginning","Program B: either everyone dies (67% probability), or no one dies (33% probability)",librarian,21,Linda is a bank teller and is active in the feminist movement.,,,2,1->9,negative
69,29/06/2020 08:28:09,female,26.0,405890.0,21,100,"More words have the letter k at the third position, than at the beginning","Program B: either everyone dies (67% probability), or no one dies (33% probability)",librarian,21,Linda is a bank teller and is active in the feminist movement.,,,2,1->9,negative
70,29/06/2020 08:28:22,male,24.0,1024.0,3.5,90,"More words have the letter k at the third position, than at the beginning","Program B: either everyone dies (67% probability), or no one dies (33% probability)",librarian,21,Linda is a bank teller and is active in the feminist movement.,,,2,1->9,negative
71,29/06/2020 08:28:39,female,24.0,10.0,1.5,90,There are more words having the letter K at the beginning than at the third position,Program A: 400 people will die!,librarian,21,Linda is a bank teller and is active in the feminist movement.,,,2,1->9,negative
72,29/06/2020 08:28:39,female,24.0,6554880.0,3.5,90,"More words have the letter k at the third position, than at the beginning",Program A: 400 people will die!,farmer,13,Linda is a bank teller and is active in the feminist movement.,,,2,1->9,negative
73,29/06/2020 09:47:27,female,24.0,362.0,21,100,"More words have the letter k at the third position, than at the beginning","Program B: either everyone dies (67% probability), or no one dies (33% probability)",farmer,21,Linda is a bank teller and is active in the feminist movement.,,,2,1->9,negative
74,17/12/2020 08:26:26,female,22.0,100.0,13,10,"More words have the letter k at the third position, than at the beginning","Program B: either everyone dies (67% probability), or no one dies (33% probability)",librarian,3.5,Linda is a bank teller and is active in the feminist movement.,,,2,1->9,negative
75,17/12/2020 08:26:31,female,23.0,10.0,6,80,There are more words having the letter K at the beginning than at the third position,Program A: 400 people will die!,librarian,21,Linda is a bank teller and is active in the feminist movement.,,,2,1->9,negative
76,17/12/2020 08:26:31,female,23.0,1253.0,21,90,"More words have the letter k at the third position, than at the beginning",Program A: 400 people will die!,librarian,21,Linda is a bank teller and is active in the feminist movement.,,,2,1->9,negative
77,17/12/2020 08:26:32,female,24.0,1000.0,21,90,"More words have the letter k at the third position, than at the beginning",Program A: 400 people will die!,farmer,6,Linda is a bank teller and is active in the feminist movement.,,,2,1->9,negative
78,17/12/2020 08:26:57,female,23.0,640.0,9,10,"More words have the letter k at the third position, than at the beginning","Program B: either everyone dies (67% probability), or no one dies (33% probability)",librarian,21,Linda is a bank teller and is active in the feminist movement.,,,2,1->9,negative
79,17/12/2020 08:27:05,male,24.0,1000.0,21,90,"More words have the letter k at the third position, than at the beginning","Program B: either everyone dies (67% probability), or no one dies (33% probability)",librarian,21,Linda is a bank teller. (Bankkauffrau),,,2,1->9,negative
80,17/12/2020 08:27:06,female,26.0,100.0,9,90,"More words have the letter k at the third position, than at the beginning","Program B: either everyone dies (67% probability), or no one dies (33% probability)",farmer,21,Linda is a bank teller. (Bankkauffrau),,,2,1->9,negative
81,17/12/2020 08:27:13,female,23.0,50000.0,6,90,There are more words having the letter K at the beginning than at the third position,Program A: 400 people will die!,librarian,9,Linda is a bank teller and is active in the feminist movement.,,,2,1->9,negative
82,17/12/2020 08:27:48,male,26.0,9876.0,9,10,"More words have the letter k at the third position, than at the beginning",Program A: 400 people will die!,librarian,9,Linda is a bank teller. (Bankkauffrau),,,2,1->9,negative
83,17/12/2020 08:27:51,female,23.0,180000.0,21,90,"More words have the letter k at the third position, than at the beginning",Program A: 400 people will die!,librarian,21,Linda is a bank teller and is active in the feminist movement.,,,2,1->9,negative
84,17/12/2020 08:27:52,female,22.0,1500.0,9,10,There are more words having the letter K at the beginning than at the third position,"Program B: either everyone dies (67% probability), or no one dies (33% probability)",farmer,21,Linda is a bank teller. (Bankkauffrau),,,2,1->9,negative
85,17/12/2020 08:28:51,female,24.0,4000.0,9,50,There are more words having the letter K at the beginning than at the third position,Program A: 400 people will die!,librarian,21,Linda is a bank teller. (Bankkauffrau),,,2,1->9,negative
86,17/12/2020 08:31:42,male,25.0,5555.0,9,90,"More words have the letter k at the third position, than at the beginning",Program A: 400 people will die!,librarian,9,Linda is a bank teller. (Bankkauffrau),,,2,1->9,negative
87,21/06/2021 09:22:46,female,28.0,10000.0,1.5,10,"More words have the letter k at the third position, than at the beginning","Program B: either everyone dies (67% probability), or no one dies (33% probability)",farmer,21,Linda is a bank teller and is active in the feminist movement.,,,2,1->9,negative
88,21/06/2021 09:23:22,female,24.0,1000.0,21,40,"More words have the letter k at the third position, than at the beginning","Program B: either everyone dies (67% probability), or no one dies (33% probability)",librarian,13,Linda is a bank teller. (Bankkauffrau),,,2,1->9,negative
89,21/06/2021 09:23:23,other,26.0,1500.0,3.5,50,There are more words having the letter K at the beginning than at the third position,Program A: 400 people will die!,librarian,21,Linda is a bank teller and is active in the feminist movement.,,,2,1->9,negative
90,21/06/2021 09:23:36,female,24.0,10000000.0,3.5,10,"More words have the letter k at the third position, than at the beginning",Program A: 400 people will die!,farmer,9,Linda is a bank teller. (Bankkauffrau),,,2,1->9,negative
91,21/06/2021 09:23:38,female,23.0,1080.0,0.0,10,"More words have the letter k at the third position, than at the beginning","Program B: either everyone dies (67% probability), or no one dies (33% probability)",farmer,6,Linda is a bank teller and is active in the feminist movement.,,,2,1->9,negative
92,21/06/2021 09:23:54,male,30.0,87560.0,21,50,"More words have the letter k at the third position, than at the beginning",Program A: 400 people will die!,farmer,21,Linda is a bank teller and is active in the feminist movement.,,,2,1->9,negative
93,21/06/2021 09:24:26,female,24.0,1000.0,21,50,"More words have the letter k at the third position, than at the beginning","Program B: either everyone dies (67% probability), or no one dies (33% probability)",librarian,13,Linda is a bank teller and is active in the feminist movement.,,,2,1->9,negative
94,21/06/2021 09:25:10,female,23.0,1000000000.0,13,50,There are more words having the letter K at the beginning than at the third position,"Program B: either everyone dies (67% probability), or no one dies (33% probability)",librarian,21,Linda is a bank teller and is active in the feminist movement.,,,2,1->9,negative
95,21/06/2021 09:25:57,female,27.0,800000.0,6,10,There are more words having the letter K at the beginning than at the third position,Program A: 400 people will die!,farmer,21,Linda is a bank teller and is active in the feminist movement.,,,2,1->9,negative
96,22/12/2021 08:33:41,male,34.0,300000.0,21,90,"More words have the letter k at the third position, than at the beginning","Program B: either everyone dies (67% probability), or no one dies (33% probability)",librarian,21,Linda is a bank teller. (Bankkauffrau),,,2,1->9,negative
97,22/12/2021 08:33:44,female,24.0,305000.0,21,90,There are more words having the letter K at the beginning than at the third position,"Program B: either everyone dies (67% probability), or no one dies (33% probability)",librarian,13,Linda is a bank teller and is active in the feminist movement.,,,2,1->9,negative
98,22/12/2021 08:34:00,female,24.0,74800.0,21,10,There are more words having the letter K at the beginning than at the third position,"Program B: either everyone dies (67% probability), or no one dies (33% probability)",librarian,21,Linda is a bank teller and is active in the feminist movement.,,,2,1->9,negative
99,22/12/2021 08:34:07,female,21.0,500000.0,9,10,"More words have the letter k at the third position, than at the beginning",Program A: 400 people will die!,librarian,21,Linda is a bank teller and is active in the feminist movement.,,,2,1->9,negative
100,22/12/2021 08:34:49,female,,200000.0,13,90,There are more words having the letter K at the beginning than at the third position,Program A: 400 people will die!,librarian,21,Linda is a bank teller and is active in the feminist movement.,,,2,1->9,negative
101,22/12/2021 08:34:59,male,24.0,1000.0,13,90,"More words have the letter k at the third position, than at the beginning",Program A: 400 people will die!,librarian,21,Linda is a bank teller. (Bankkauffrau),,,2,1->9,negative
102,22/12/2021 08:35:09,female,23.0,70000.0,3.5,90,There are more words having the letter K at the beginning than at the third position,"Program B: either everyone dies (67% probability), or no one dies (33% probability)",librarian,13,Linda is a bank teller. (Bankkauffrau),,,2,1->9,negative
103,22/12/2021 08:36:16,female,24.0,36000.0,13,100,There are more words having the letter K at the beginning than at the third position,"Program B: either everyone dies (67% probability), or no one dies (33% probability)",librarian,21,Linda is a bank teller. (Bankkauffrau),,,2,1->9,negative
104,22/12/2021 08:36:36,female,23.0,1200.0,9,90,"More words have the letter k at the third position, than at the beginning","Program B: either everyone dies (67% probability), or no one dies (33% probability)",librarian,21,Linda is a bank teller. (Bankkauffrau),,,2,1->9,negative
105,22/12/2021 08:36:42,female,23.0,270000.0,21,100,"More words have the letter k at the third position, than at the beginning","Program B: either everyone dies (67% probability), or no one dies (33% probability)",librarian,13,Linda is a bank teller and is active in the feminist movement.,,,2,1->9,negative
106,22/12/2021 08:36:47,female,,360.0,9,90,"More words have the letter k at the third position, than at the beginning","Program B: either everyone dies (67% probability), or no one dies (33% probability)",librarian,9,Linda is a bank teller and is active in the feminist movement.,,,2,1->9,negative
107,22/12/2021 08:38:09,female,21.0,500000.0,13,90,"More words have the letter k at the third position, than at the beginning",Program A: 400 people will die!,librarian,21,Linda is a bank teller and is active in the feminist movement.,,,2,1->9,negative
108,25/08/2022 23:14:51,female,23.0,10000.0,21,90,"More words have the letter k at the third position, than at the beginning",Program A: 400 people will die!,librarian,21,Linda is a bank teller and is active in the feminist movement.,,,2,1->9,negative
109,25/08/2022 23:19:17,,,1000.0,6,50,There are more words having the letter K at the beginning than at the third position,"Program B: either everyone dies (67% probability), or no one dies (33% probability)",librarian,6,Linda is a bank teller. (Bankkauffrau),,,2,1->9,negative
110,25/08/2022 23:28:02,male,34.0,362880.0,0.0,80,There are more words having the letter K at the beginning than at the third position,Program A: 400 people will die!,farmer,21,Linda is a bank teller and is active in the feminist movement.,,,2,1->9,negative
111,04/10/2022 02:22:06,female,20.0,10.0,3.5,60,There are more words having the letter K at the beginning than at the third position,Program A: 400 people will die!,librarian,6,Linda is a bank teller and is active in the feminist movement.,,,2,1->9,negative
112,04/10/2022 02:26:25,male,19.0,23532.0,3.5,100,There are more words having the letter K at the beginning than at the third position,Program A: 400 people will die!,librarian,21,Linda is a bank teller and is active in the feminist movement.,,,2,1->9,negative
113,04/10/2022 03:11:59,female,20.0,1000.0,6,70,"More words have the letter k at the third position, than at the beginning","Program B: either everyone dies (67% probability), or no one dies (33% probability)",librarian,21,Linda is a bank teller and is active in the feminist movement.,,,2,1->9,negative
114,04/10/2022 03:27:12,female,21.0,362880.0,21,50,"More words have the letter k at the third position, than at the beginning","Program B: either everyone dies (67% probability), or no one dies (33% probability)",librarian,21,Linda is a bank teller and is active in the feminist movement.,,,2,1->9,negative
115,04/10/2022 03:29:02,female,19.0,5000.0,3.5,90,There are more words having the letter K at the beginning than at the third position,Program A: 400 people will die!,librarian,3.5,Linda is a bank teller and is active in the feminist movement.,,,2,1->9,negative
116,04/10/2022 03:51:02,male,22.0,700.0,9,100,There are more words having the letter K at the beginning than at the third position,Program A: 400 people will die!,librarian,21,Linda is a bank teller and is active in the feminist movement.,,,2,1->9,negative
117,04/10/2022 05:53:13,male,19.0,300.0,3.5,90,There are more words having the letter K at the beginning than at the third position,"Program B: either everyone dies (67% probability), or no one dies (33% probability)",librarian,6,Linda is a bank teller and is active in the feminist movement.,,,2,1->9,negative
118,04/10/2022 07:58:06,female,24.0,300000.0,9,10,"More words have the letter k at the third position, than at the beginning",Program A: 400 people will die!,farmer,13,Linda is a bank teller and is active in the feminist movement.,,,2,1->9,negative
119,04/10/2022 08:01:47,female,21.0,10.0,9,90,There are more words having the letter K at the beginning than at the third position,"Program B: either everyone dies (67% probability), or no one dies (33% probability)",librarian,21,Linda is a bank teller and is active in the feminist movement.,,,2,1->9,negative
120,04/10/2022 08:14:15,female,20.0,300000.0,6,40,"More words have the letter k at the third position, than at the beginning","Program B: either everyone dies (67% probability), or no one dies (33% probability)",librarian,13,Linda is a bank teller. (Bankkauffrau),,,2,1->9,negative
121,04/10/2022 10:04:10,female,20.0,2000000.0,21,10,There are more words having the letter K at the beginning than at the third position,"Program B: either everyone dies (67% probability), or no one dies (33% probability)",librarian,21,Linda is a bank teller. (Bankkauffrau),,,2,1->9,negative
122,04/10/2022 11:07:00,female,21.0,10.0,13,90,There are more words having the letter K at the beginning than at the third position,Program A: 400 people will die!,librarian,21,Linda is a bank teller and is active in the feminist movement.,,,2,1->9,negative
123,04/10/2022 20:21:22,female,21.0,500.0,9,90,"More words have the letter k at the third position, than at the beginning",Program A: 400 people will die!,farmer,21,Linda is a bank teller and is active in the feminist movement.,,,2,1->9,negative
124,04/10/2022 23:03:31,male,21.0,362000.0,6,10,There are more words having the letter K at the beginning than at the third position,"Program B: either everyone dies (67% probability), or no one dies (33% probability)",librarian,9,Linda is a bank teller and is active in the feminist movement.,,,2,1->9,negative
125,04/10/2022 23:03:50,female,26.0,300.0,21,90,"More words have the letter k at the third position, than at the beginning","Program B: either everyone dies (67% probability), or no one dies (33% probability)",farmer,21,Linda is a bank teller and is active in the feminist movement.,,,2,1->9,negative
126,27/06/2018 08:30:35,female,24.0,0.0,,10,There are more words having the letter K at the beginning than at the third position,Program B: either no one is saved (67% probability) or everyone is saved (33% probability),librarian,,Linda is a bank teller and is active in the feminist movement.,21,21,1,9->1,positive
127,27/06/2018 08:31:10,male,23.0,1001.0,,20,"More words have the letter k at the third position, than at the beginning",Program A: 200 people will be saved.,librarian,,Linda is a bank teller. (Bankkauffrau),9,6,1,9->1,positive
128,27/06/2018 08:31:42,Prefer not to say,25.0,100000.0,,20,There are more words having the letter K at the beginning than at the third position,Find a better Program ,farmer,,Linda is a bank teller and is active in the feminist movement.,21,21,1,9->1,positive
129,27/06/2018 08:33:21,female,25.0,1000.0,,90,"More words have the letter k at the third position, than at the beginning",Program B: either no one is saved (67% probability) or everyone is saved (33% probability),librarian,,Linda is a bank teller and is active in the feminist movement.,21,13,1,9->1,positive
130,27/06/2018 08:33:41,male,24.0,362880.0,,100,"More words have the letter k at the third position, than at the beginning",Program B: either no one is saved (67% probability) or everyone is saved (33% probability),librarian,,Linda is a bank teller. (Bankkauffrau),6,13,1,9->1,positive
131,27/06/2018 08:34:07,male,24.0,8703536.0,,90,There are more words having the letter K at the beginning than at the third position,Program A: 200 people will be saved.,librarian,,Linda is a bank teller and is active in the feminist movement.,9,1.5,1,9->1,positive
132,27/06/2018 08:34:19,male,46.0,10000.0,,50,"More words have the letter k at the third position, than at the beginning","only 600 people in the US, a program would be to expensive",farmer,,Linda is a bank teller. (Bankkauffrau),13,3.5,1,9->1,positive
133,27/06/2018 08:37:11,Prefer not to say,25.0,40000.0,,90,There are more words having the letter K at the beginning than at the third position,Program B: either no one is saved (67% probability) or everyone is saved (33% probability),farmer,,Linda is a bank teller and is active in the feminist movement.,21,9,1,9->1,positive
134,27/06/2018 08:37:30,male,24.0,8000.0,,90,"More words have the letter k at the third position, than at the beginning",Program B: either no one is saved (67% probability) or everyone is saved (33% probability),librarian,,Linda is a bank teller and is active in the feminist movement.,13,13,1,9->1,positive
135,24/04/2019 08:28:32,female,24.0,362880.0,,50,"More words have the letter k at the third position, than at the beginning",Program A: 200 people will be saved.,librarian,,Linda is a bank teller and is active in the feminist movement.,21,13,1,9->1,positive
136,24/04/2019 08:28:49,female,22.0,1300.0,,30,"More words have the letter k at the third position, than at the beginning",Program A: 200 people will be saved.,librarian,,Linda is a bank teller and is active in the feminist movement.,21,6,1,9->1,positive
137,24/04/2019 08:28:49,female,23.0,250.0,,90,"More words have the letter k at the third position, than at the beginning",Program A: 200 people will be saved.,librarian,,Linda is a bank teller. (Bankkauffrau),13,9,1,9->1,positive
138,24/04/2019 08:29:06,female,24.0,0.0,,90,"More words have the letter k at the third position, than at the beginning",Program B: either no one is saved (67% probability) or everyone is saved (33% probability),librarian,,Linda is a bank teller. (Bankkauffrau),21,21,1,9->1,positive
139,24/04/2019 08:29:08,female,22.0,55.0,,100,"More words have the letter k at the third position, than at the beginning",Program B: either no one is saved (67% probability) or everyone is saved (33% probability),librarian,,Linda is a bank teller and is active in the feminist movement.,21,1.5,1,9->1,positive
140,24/04/2019 08:29:16,female,,0.0,,90,"More words have the letter k at the third position, than at the beginning",Program B: either no one is saved (67% probability) or everyone is saved (33% probability),farmer,,Linda is a bank teller. (Bankkauffrau),21,6,1,9->1,positive
141,24/04/2019 08:29:54,female,,25678.0,,90,"More words have the letter k at the third position, than at the beginning",Program B: either no one is saved (67% probability) or everyone is saved (33% probability),librarian,,Linda is a bank teller and is active in the feminist movement.,13,6,1,9->1,positive
142,24/04/2019 08:30:04,female,22.0,7654321.0,,90,"More words have the letter k at the third position, than at the beginning",Program A: 200 people will be saved.,librarian,,Linda is a bank teller. (Bankkauffrau),13,6,1,9->1,positive
143,24/04/2019 08:30:10,female,22.0,0.0,,90,There are more words having the letter K at the beginning than at the third position,Program A: 200 people will be saved.,librarian,,Linda is a bank teller and is active in the feminist movement.,9,6,1,9->1,positive
144,24/04/2019 08:30:46,female,23.0,12048.0,,90,"More words have the letter k at the third position, than at the beginning",Program B: either no one is saved (67% probability) or everyone is saved (33% probability),librarian,,Linda is a bank teller. (Bankkauffrau),13,1.5,1,9->1,positive
145,24/04/2019 08:30:21,female,24.0,1000.0,,10,"More words have the letter k at the third position, than at the beginning",Program B: either no one is saved (67% probability) or everyone is saved (33% probability),librarian,,Linda is a bank teller and is active in the feminist movement.,21,21,1,9->1,positive
146,24/04/2019 08:31:31,female,25.0,12356.0,,100,"More words have the letter k at the third position, than at the beginning",Program B: either no one is saved (67% probability) or everyone is saved (33% probability),librarian,,Linda is a bank teller and is active in the feminist movement.,21,13,1,9->1,positive
147,03/05/2019 10:37:07,female,23.0,337.0,,10,"More words have the letter k at the third position, than at the beginning",Program A: 200 people will be saved.,librarian,,Linda is a bank teller and is active in the feminist movement.,9,6,1,9->1,positive
148,03/05/2019 10:37:13,female,23.0,337.0,,10,"More words have the letter k at the third position, than at the beginning",Program A: 200 people will be saved.,librarian,,Linda is a bank teller and is active in the feminist movement.,9,6,1,9->1,positive
149,03/05/2019 10:37:22,male,22.0,1000.0,,90,There are more words having the letter K at the beginning than at the third position,Program B: either no one is saved (67% probability) or everyone is saved (33% probability),librarian,,Linda is a bank teller and is active in the feminist movement.,21,6,1,9->1,positive
150,03/05/2019 10:37:30,male,18.0,5500.0,,20,There are more words having the letter K at the beginning than at the third position,Program A: 200 people will be saved.,librarian,,Linda is a bank teller. (Bankkauffrau),13,9,1,9->1,positive
151,03/05/2019 10:37:36,male,20.0,386000.0,,100,"More words have the letter k at the third position, than at the beginning",Program B: either no one is saved (67% probability) or everyone is saved (33% probability),librarian,,Linda is a bank teller and is active in the feminist movement.,21,9,1,9->1,positive
152,03/05/2019 10:38:03,male,18.0,370000.0,,70,"More words have the letter k at the third position, than at the beginning",Investigate in finding a better programm,farmer,,Linda is a bank teller and is active in the feminist movement.,21,21,1,9->1,positive
153,03/05/2019 10:38:49,male,19.0,14000.0,,40,There are more words having the letter K at the beginning than at the third position,Program A: 200 people will be saved.,librarian,,Linda is a bank teller and is active in the feminist movement.,21,3.5,1,9->1,positive
154,03/05/2019 10:39:06,male,21.0,1230.0,,50,"More words have the letter k at the third position, than at the beginning",Program B: either no one is saved (67% probability) or everyone is saved (33% probability),librarian,,Linda is a bank teller and is active in the feminist movement.,9,9,1,9->1,positive
155,03/05/2019 10:39:06,male,19.0,50000.0,,100,There are more words having the letter K at the beginning than at the third position,Program B: either no one is saved (67% probability) or everyone is saved (33% probability),farmer,,Linda is a bank teller and is active in the feminist movement.,21,9,1,9->1,positive
156,03/05/2019 10:39:11,male,25.0,3200000.0,,40,There are more words having the letter K at the beginning than at the third position,Program A: 200 people will be saved.,librarian,,Linda is a bank teller and is active in the feminist movement.,21,9,1,9->1,positive
157,03/05/2019 10:39:33,female,23.0,709.0,,90,There are more words having the letter K at the beginning than at the third position,Program A: 200 people will be saved.,librarian,,Linda is a bank teller and is active in the feminist movement.,9,13,1,9->1,positive
158,03/05/2019 10:40:27,male,21.0,362880.0,,100,There are more words having the letter K at the beginning than at the third position,Program B: either no one is saved (67% probability) or everyone is saved (33% probability),librarian,,Linda is a bank teller and is active in the feminist movement.,6,6,1,9->1,positive
159,03/05/2019 10:41:29,female,23.0,362970.0,,10,"More words have the letter k at the third position, than at the beginning",Program B: either no one is saved (67% probability) or everyone is saved (33% probability),librarian,,Linda is a bank teller and is active in the feminist movement.,9,3.5,1,9->1,positive
160,03/05/2019 10:41:37,female,22.0,100000000.0,,90,"More words have the letter k at the third position, than at the beginning",Program A: 200 people will be saved.,librarian,,Linda is a bank teller and is active in the feminist movement.,6,1.5,1,9->1,positive
161,03/05/2019 10:42:12,male,20.0,10000.0,,90,There are more words having the letter K at the beginning than at the third position,Program A: 200 people will be saved.,farmer,,Linda is a bank teller and is active in the feminist movement.,6,13,1,9->1,positive
162,03/05/2019 10:50:32,female,23.0,337.0,,10,"More words have the letter k at the third position, than at the beginning",Program A: 200 people will be saved.,librarian,,Linda is a bank teller and is active in the feminist movement.,9,6,1,9->1,positive
163,03/05/2019 13:44:08,male,21.0,1000.0,,90,"More words have the letter k at the third position, than at the beginning",Program A: 200 people will be saved.,librarian,,Linda is a bank teller. (Bankkauffrau),21,9,1,9->1,positive
164,03/05/2019 13:48:53,male,21.0,30000.0,,30,There are more words having the letter K at the beginning than at the third position,Program B: either no one is saved (67% probability) or everyone is saved (33% probability),librarian,,Linda is a bank teller. (Bankkauffrau),9,21,1,9->1,positive
165,08/05/2019 18:58:35,male,22.0,900.0,,10,"More words have the letter k at the third position, than at the beginning",Program B: either no one is saved (67% probability) or everyone is saved (33% probability),librarian,,Linda is a bank teller and is active in the feminist movement.,21,13,1,9->1,positive
166,08/05/2019 19:14:34,female,20.0,900.0,,90,"More words have the letter k at the third position, than at the beginning",Program A: 200 people will be saved.,farmer,,Linda is a bank teller and is active in the feminist movement.,21,21,1,9->1,positive
167,08/05/2019 19:16:42,female,21.0,5050.0,,60,"More words have the letter k at the third position, than at the beginning",Program B: either no one is saved (67% probability) or everyone is saved (33% probability),librarian,,Linda is a bank teller and is active in the feminist movement.,13,9,1,9->1,positive
168,08/05/2019 19:16:42,male,18.0,5050.0,,90,There are more words having the letter K at the beginning than at the third position,Program A: 200 people will be saved.,librarian,,Linda is a bank teller and is active in the feminist movement.,21,9,1,9->1,positive
169,08/05/2019 19:17:08,female,21.0,54.0,,90,"More words have the letter k at the third position, than at the beginning",Program A: 200 people will be saved.,librarian,,Linda is a bank teller and is active in the feminist movement.,21,9,1,9->1,positive
170,08/05/2019 19:17:10,male,20.0,362880.0,,90,"More words have the letter k at the third position, than at the beginning",Program A: 200 people will be saved.,librarian,,Linda is a bank teller and is active in the feminist movement.,21,9,1,9->1,positive
171,08/05/2019 19:17:27,male,18.0,638.0,,70,"More words have the letter k at the third position, than at the beginning",Program A: 200 people will be saved.,librarian,,Linda is a bank teller and is active in the feminist movement.,9,9,1,9->1,positive
172,08/05/2019 19:18:43,female,28.0,10000.0,,90,"More words have the letter k at the third position, than at the beginning",Program A: 200 people will be saved.,librarian,,Linda is a bank teller and is active in the feminist movement.,21,21,1,9->1,positive
173,08/05/2019 19:19:10,female,19.0,362880.0,,10,"More words have the letter k at the third position, than at the beginning",Program A: 200 people will be saved.,librarian,,Linda is a bank teller and is active in the feminist movement.,9,9,1,9->1,positive
174,08/05/2019 19:19:17,male,21.0,360000.0,,50,"More words have the letter k at the third position, than at the beginning",Program B: either no one is saved (67% probability) or everyone is saved (33% probability),librarian,,Linda is a bank teller and is active in the feminist movement.,21,9,1,9->1,positive
175,08/05/2019 19:22:34,female,18.0,350000.0,,30,"More words have the letter k at the third position, than at the beginning",Program B: either no one is saved (67% probability) or everyone is saved (33% probability),farmer,,Linda is a bank teller. (Bankkauffrau),13,9,1,9->1,positive
176,22/06/2020 08:26:27,male,22.0,580.0,,10,There are more words having the letter K at the beginning than at the third position,Program A: 200 people will be saved.,librarian,,Linda is a bank teller and is active in the feminist movement.,21,9,1,9->1,positive
177,22/06/2020 08:29:11,female,24.0,300.0,,90,"More words have the letter k at the third position, than at the beginning",Program A: 200 people will be saved.,librarian,,Linda is a bank teller and is active in the feminist movement.,13,6,1,9->1,positive
178,22/06/2020 08:29:14,female,21.0,400000.0,,20,"More words have the letter k at the third position, than at the beginning",Program B: either no one is saved (67% probability) or everyone is saved (33% probability),librarian,,Linda is a bank teller. (Bankkauffrau),9,6,1,9->1,positive
179,22/06/2020 08:30:29,male,22.0,10000000.0,,90,"More words have the letter k at the third position, than at the beginning",Program B: either no one is saved (67% probability) or everyone is saved (33% probability),librarian,,Linda is a bank teller and is active in the feminist movement.,13,9,1,9->1,positive
180,22/06/2020 08:30:55,male,25.0,360000.0,,90,"More words have the letter k at the third position, than at the beginning",Program B: either no one is saved (67% probability) or everyone is saved (33% probability),librarian,,Linda is a bank teller. (Bankkauffrau),6,9,1,9->1,positive
181,22/06/2020 08:31:04,female,22.0,30432.0,,10,"More words have the letter k at the third position, than at the beginning",Program B: either no one is saved (67% probability) or everyone is saved (33% probability),farmer,,Linda is a bank teller and is active in the feminist movement.,13,21,1,9->1,positive
182,22/06/2020 08:31:05,female,22.0,4050.0,,50,"More words have the letter k at the third position, than at the beginning",Both are same,librarian,,Linda is a bank teller and is active in the feminist movement.,13,21,1,9->1,positive
183,29/06/2020 08:27:52,female,23.0,2300.0,,30,"More words have the letter k at the third position, than at the beginning",Program A: 200 people will be saved.,librarian,,Linda is a bank teller and is active in the feminist movement.,13,13,1,9->1,positive
184,29/06/2020 08:27:57,female,23.0,0.0,,40,"More words have the letter k at the third position, than at the beginning",Program A: 200 people will be saved.,librarian,,Linda is a bank teller and is active in the feminist movement.,21,13,1,9->1,positive
185,29/06/2020 08:28:02,female,24.0,100.0,,100,"More words have the letter k at the third position, than at the beginning",Program B: either no one is saved (67% probability) or everyone is saved (33% probability),librarian,,Linda is a bank teller and is active in the feminist movement.,21,13,1,9->1,positive
186,29/06/2020 08:28:11,female,,999.0,,90,"More words have the letter k at the third position, than at the beginning",Program A: 200 people will be saved.,librarian,,Linda is a bank teller and is active in the feminist movement.,21,21,1,9->1,positive
187,29/06/2020 08:28:51,female,27.0,362880.0,,90,"More words have the letter k at the third position, than at the beginning",Program B: either no one is saved (67% probability) or everyone is saved (33% probability),librarian,,Linda is a bank teller and is active in the feminist movement.,13,13,1,9->1,positive
188,29/06/2020 08:29:49,female,26.0,362.88,,90,"More words have the letter k at the third position, than at the beginning",Program A: 200 people will be saved.,librarian,,Linda is a bank teller and is active in the feminist movement.,13,9,1,9->1,positive
189,17/12/2020 08:26:15,female,23.0,189654.0,,100,"More words have the letter k at the third position, than at the beginning",Program A: 200 people will be saved.,librarian,,Linda is a bank teller and is active in the feminist movement.,13,6,1,9->1,positive
190,17/12/2020 08:26:31,female,22.0,550.0,,10,"More words have the letter k at the third position, than at the beginning",Program A: 200 people will be saved.,farmer,,Linda is a bank teller and is active in the feminist movement.,21,13,1,9->1,positive
191,17/12/2020 08:26:31,male,29.0,6040000.0,,10,"More words have the letter k at the third position, than at the beginning",Program B: either no one is saved (67% probability) or everyone is saved (33% probability),librarian,,Linda is a bank teller and is active in the feminist movement.,9,21,1,9->1,positive
192,17/12/2020 08:26:37,female,23.0,50.0,,90,There are more words having the letter K at the beginning than at the third position,Program B: either no one is saved (67% probability) or everyone is saved (33% probability),librarian,,Linda is a bank teller and is active in the feminist movement.,6,6,1,9->1,positive
193,17/12/2020 08:26:58,female,26.0,300000.0,,90,"More words have the letter k at the third position, than at the beginning",Program A: 200 people will be saved.,librarian,,Linda is a bank teller. (Bankkauffrau),9,21,1,9->1,positive
194,17/12/2020 08:27:01,female,23.0,1500.0,,90,There are more words having the letter K at the beginning than at the third position,Program A: 200 people will be saved.,farmer,,Linda is a bank teller. (Bankkauffrau),21,21,1,9->1,positive
195,17/12/2020 08:27:14,female,23.0,300000.0,,100,"More words have the letter k at the third position, than at the beginning",Program A: 200 people will be saved.,librarian,,Linda is a bank teller and is active in the feminist movement.,13,9,1,9->1,positive
196,17/12/2020 08:27:16,female,27.0,157809.0,,70,"More words have the letter k at the third position, than at the beginning",Program A: 200 people will be saved.,librarian,,Linda is a bank teller and is active in the feminist movement.,13,13,1,9->1,positive
197,17/12/2020 08:27:19,female,22.0,2561.0,,90,"More words have the letter k at the third position, than at the beginning",Program B: either no one is saved (67% probability) or everyone is saved (33% probability),farmer,,Linda is a bank teller. (Bankkauffrau),21,9,1,9->1,positive
198,17/12/2020 08:27:35,female,,360.0,,100,There are more words having the letter K at the beginning than at the third position,Program A: 200 people will be saved.,librarian,,Linda is a bank teller. (Bankkauffrau),9,6,1,9->1,positive
199,17/12/2020 08:27:39,female,22.0,999.0,,90,There are more words having the letter K at the beginning than at the third position,Program B: either no one is saved (67% probability) or everyone is saved (33% probability),librarian,,Linda is a bank teller. (Bankkauffrau),21,9,1,9->1,positive
200,17/12/2020 08:27:41,male,25.0,150000.0,,100,"More words have the letter k at the third position, than at the beginning",Program A: 200 people will be saved.,librarian,,Linda is a bank teller. (Bankkauffrau),21,13,1,9->1,positive
201,17/12/2020 08:28:08,female,26.0,362880.0,,90,There are more words having the letter K at the beginning than at the third position,Program B: either no one is saved (67% probability) or everyone is saved (33% probability),librarian,,Linda is a bank teller and is active in the feminist movement.,21,6,1,9->1,positive
202,17/12/2020 08:28:44,female,23.0,200.0,,50,"More words have the letter k at the third position, than at the beginning",All people will be saved,farmer,,Linda is a bank teller. (Bankkauffrau),3.5,6,1,9->1,positive
203,17/12/2020 08:29:03,male,28.0,700000.0,,10,"More words have the letter k at the third position, than at the beginning",Program A: 200 people will be saved.,farmer,,Linda is a bank teller. (Bankkauffrau),13,21,1,9->1,positive
204,17/12/2020 08:30:24,male,23.0,100000.0,,50,There are more words having the letter K at the beginning than at the third position,I deny the virus until I'm not elected again. Then I deny that too. (,librarian,,Linda is a bank teller. (Bankkauffrau),9,6,1,9->1,positive
205,17/12/2020 08:30:27,male,24.0,1000.0,,10,"More words have the letter k at the third position, than at the beginning",Program B: either no one is saved (67% probability) or everyone is saved (33% probability),librarian,,Linda is a bank teller. (Bankkauffrau),9,9,1,9->1,positive
206,21/06/2021 09:23:30,female,23.0,250000.0,,90,There are more words having the letter K at the beginning than at the third position,Program A: 200 people will be saved.,farmer,,Linda is a bank teller. (Bankkauffrau),21,6,1,9->1,positive
207,21/06/2021 09:23:36,female,22.0,1000.0,,10,There are more words having the letter K at the beginning than at the third position,Program A: 200 people will be saved.,librarian,,Linda is a bank teller and is active in the feminist movement.,9,9,1,9->1,positive
208,21/06/2021 09:24:27,male,24.0,100073.0,,10,"More words have the letter k at the third position, than at the beginning",Program B: either no one is saved (67% probability) or everyone is saved (33% probability),farmer,,Linda is a bank teller. (Bankkauffrau),21,21,1,9->1,positive
209,21/06/2021 09:24:52,female,,124563.0,,90,"More words have the letter k at the third position, than at the beginning",Program B: either no one is saved (67% probability) or everyone is saved (33% probability),librarian,,Linda is a bank teller. (Bankkauffrau),13,9,1,9->1,positive
210,21/06/2021 09:25:04,female,26.0,362880.0,,90,"More words have the letter k at the third position, than at the beginning",Program A: 200 people will be saved.,librarian,,Linda is a bank teller and is active in the feminist movement.,6,3.5,1,9->1,positive
211,21/06/2021 09:25:13,male,23.0,10000000.0,,90,"More words have the letter k at the third position, than at the beginning",Program B: either no one is saved (67% probability) or everyone is saved (33% probability),farmer,,Linda is a bank teller. (Bankkauffrau),21,21,1,9->1,positive
212,21/06/2021 09:25:21,female,24.0,890.0,,50,There are more words having the letter K at the beginning than at the third position,Save all of them with a drug,librarian,,Linda is a bank teller and is active in the feminist movement.,21,21,1,9->1,positive
213,21/06/2021 09:25:27,male,27.0,50000.0,,80,"More words have the letter k at the third position, than at the beginning",Program A: 200 people will be saved.,librarian,,Linda is a bank teller. (Bankkauffrau),21,9,1,9->1,positive
214,21/06/2021 09:25:49,male,24.0,999999.0,,50,"More words have the letter k at the third position, than at the beginning",Program A: 200 people will be saved.,librarian,,Linda is a bank teller and is active in the feminist movement.,3.5,9,1,9->1,positive
215,22/12/2021 08:34:00,female,28.0,544320.0,,50,"More words have the letter k at the third position, than at the beginning",Program A: 200 people will be saved.,librarian,,Linda is a bank teller and is active in the feminist movement.,21,21,1,9->1,positive
216,22/12/2021 08:34:20,female,25.0,500.0,,10,There are more words having the letter K at the beginning than at the third position,,librarian,,Linda is a bank teller. (Bankkauffrau),21,21,1,9->1,positive
217,22/12/2021 08:34:59,female,23.0,10000.0,,100,There are more words having the letter K at the beginning than at the third position,Program B: either no one is saved (67% probability) or everyone is saved (33% probability),librarian,,Linda is a bank teller. (Bankkauffrau),13,13,1,9->1,positive
218,22/12/2021 08:34:59,male,21.0,32.0,,100,"More words have the letter k at the third position, than at the beginning",Program A: 200 people will be saved.,librarian,,Linda is a bank teller. (Bankkauffrau),9,9,1,9->1,positive
219,22/12/2021 08:37:03,female,22.0,1000000.0,,90,There are more words having the letter K at the beginning than at the third position,Program A: 200 people will be saved.,librarian,,Linda is a bank teller. (Bankkauffrau),21,13,1,9->1,positive
220,22/12/2021 08:38:07,female,29.0,0.0,,50,"More words have the letter k at the third position, than at the beginning",Program A: 200 people will be saved.,farmer,,Linda is a bank teller. (Bankkauffrau),21,13,1,9->1,positive
221,22/12/2021 08:38:15,male,24.0,0.0,,90,"More words have the letter k at the third position, than at the beginning",Program A: 200 people will be saved.,librarian,,Linda is a bank teller and is active in the feminist movement.,3.5,9,1,9->1,positive
222,22/12/2021 08:40:36,female,25.0,362880.0,,100,There are more words having the letter K at the beginning than at the third position,Program B: either no one is saved (67% probability) or everyone is saved (33% probability),librarian,,Linda is a bank teller and is active in the feminist movement.,13,13,1,9->1,positive
223,25/08/2022 23:14:14,male,21.0,100000071.0,,90,"More words have the letter k at the third position, than at the beginning",Program A: 200 people will be saved.,librarian,,Linda is a bank teller and is active in the feminist movement.,6,6,1,9->1,positive
224,25/08/2022 23:16:58,female,22.0,0.0,,90,"More words have the letter k at the third position, than at the beginning",Program A: 200 people will be saved.,librarian,,Linda is a bank teller. (Bankkauffrau),1.5,1.5,1,9->1,positive
225,04/10/2022 04:21:40,,,300000.0,,10,There are more words having the letter K at the beginning than at the third position,Program A: 200 people will be saved.,librarian,,Linda is a bank teller. (Bankkauffrau),21,1.5,1,9->1,positive
226,04/10/2022 04:40:35,female,21.0,3810240.0,,100,"More words have the letter k at the third position, than at the beginning",Program B: either no one is saved (67% probability) or everyone is saved (33% probability),librarian,,Linda is a bank teller and is active in the feminist movement.,13,13,1,9->1,positive
227,04/10/2022 05:05:06,female,,362880.0,,80,"More words have the letter k at the third position, than at the beginning",Program A: 200 people will be saved.,librarian,,Linda is a bank teller and is active in the feminist movement.,6,6,1,9->1,positive
228,04/10/2022 05:42:48,male,21.0,30000.0,,100,There are more words having the letter K at the beginning than at the third position,Program A: 200 people will be saved.,librarian,,Linda is a bank teller. (Bankkauffrau),13,6,1,9->1,positive
229,04/10/2022 07:06:26,female,20.0,987654.0,,90,There are more words having the letter K at the beginning than at the third position,Program A: 200 people will be saved.,farmer,,Linda is a bank teller and is active in the feminist movement.,13,6,1,9->1,positive
230,04/10/2022 09:36:25,male,20.0,20200.0,,100,There are more words having the letter K at the beginning than at the third position,Program A: 200 people will be saved.,librarian,,Linda is a bank teller and is active in the feminist movement.,21,13,1,9->1,positive
231,04/10/2022 09:58:29,female,21.0,400000.0,,90,"More words have the letter k at the third position, than at the beginning",Program B: either no one is saved (67% probability) or everyone is saved (33% probability),farmer,,Linda is a bank teller and is active in the feminist movement.,3.5,0.0,1,9->1,positive
232,04/10/2022 10:12:28,female,20.0,0.0,,90,"More words have the letter k at the third position, than at the beginning",Program A: 200 people will be saved.,librarian,,Linda is a bank teller and is active in the feminist movement.,9,13,1,9->1,positive
233,04/10/2022 22:45:06,female,20.0,1000.0,,90,There are more words having the letter K at the beginning than at the third position,Program B: either no one is saved (67% probability) or everyone is saved (33% probability),librarian,,Linda is a bank teller and is active in the feminist movement.,3.5,9,1,9->1,positive
234,04/10/2022 22:49:22,male,19.0,4500.0,,10,There are more words having the letter K at the beginning than at the third position,Program A: 200 people will be saved.,farmer,,Linda is a bank teller and is active in the feminist movement.,6,1.5,1,9->1,positive
