Egg,Area ,Mean,IntDen,Median,RawIntDen,Maxintensity,Raw_Intensity_density_normalized to_maximumintensity,genotype,injection
1,892.1656,987.5588,881065.9615,1009,8471279,39339411,0.215338226594191,+/+,FALSE
2,892.1656,1067.2457,952159.9537,1118,9154834,39339411,0.23271405868278,+/+,FALSE
3,892.1656,1064.2079,949449.6548,1065,9128775,39339411,0.23205164408791,+/+,FALSE
4,892.1656,1123.9438,1002744.0174,1162,9641190,39339411,0.245077131429344,+/+,FALSE
5,892.1656,1125.4217,1004062.5047,1161,9653867,39339411,0.245399378246919,+/+,FALSE
6,892.1656,985.1084,878879.8541,1051,8450260,39339411,0.214803927796479,+/+,FALSE
7,892.1656,1050.5015,937221.328,1098,9011202,39339411,0.229062961822179,+/+,FALSE
8,892.1656,1121.4907,1000555.4139,1161,9620147,39339411,0.244542222556408,+/+,FALSE
9,892.1656,1030.0632,918986.9523,1055,8835882,39339411,0.224606362306746,+/+,FALSE
10,892.1656,1053.0964,939536.4031,1095,9033461,39339411,0.22962878117316,+/+,FALSE
11,892.1656,934.1336,833401.8732,1003,8012998,39339411,0.20368881476136,+/+,FALSE
12,892.1656,918.6088,819551.1529,963,7879826,39339411,0.200303609019464,+/+,FALSE
13,892.1656,848.657,757142.6186,832,7279780,39339411,0.185050559094543,+/+,FALSE
14,892.1656,912.9632,814514.3382,910,7831398,39339411,0.1990725788955,+/+,FALSE
15,892.1656,897.4899,800709.5887,889,7698668,39339411,0.195698608705657,+/+,FALSE
16,892.1656,1091.932,974184.2132,1126,9366593,39339411,0.238096930327706,+/+,FALSE
1,892.1656,921.2973,821949.7451,959,7902888,39339411,0.200889840470667,+/+,FALSE
2,892.1656,1021.6511,911481.9653,1068,8763723,39339411,0.222772094884695,+/+,FALSE
3,892.1656,1030.152,919066.205,1085,8836644,39339411,0.224625732195126,+/+,FALSE
4,892.1656,1024.3234,913866.1005,1090,8786646,39339411,0.223354792983555,+/+,FALSE
5,892.1656,983.5149,877458.1927,1026,8436591,39339411,0.214456464536289,+/+,FALSE
6,892.1656,1010.2534,901313.3782,1043,8665954,39339411,0.220286826358432,+/+,FALSE
7,892.1656,1066.6542,951632.226,1114,9149760,39339411,0.232585078612387,+/+,FALSE
8,892.1656,1005.9927,897512.0538,1065,8629405,39339411,0.219357758050826,+/+,FALSE
9,892.1656,1030.3936,919281.706,1075,8838716,39339411,0.224678402022847,+/+,FALSE
10,892.1656,1042.8219,930369.8123,1110,8945326,39339411,0.227388407009958,+/+,FALSE
11,892.1656,1010.7179,901727.7391,1051,8669938,39339411,0.22038809884571,+/+,FALSE
12,892.1656,949.9541,847516.3534,1030,8148706,39339411,0.207138485118651,+/+,FALSE
13,892.1656,992.7441,885692.1595,1053,8515759,39339411,0.216468899343714,+/+,FALSE
14,892.1656,919.0169,819915.2788,955,7883327,39339411,0.200392603742847,+/+,FALSE
1,892.1656,963.0444,859195.1112,944,8260995,39339411,0.209992849155774,+/+,FALSE
2,892.1656,926.2663,826382.9075,914,7945512,39339411,0.201973334069491,+/+,FALSE
3,892.1656,928.3588,828249.8196,959,7963462,39339411,0.202429619497862,+/+,FALSE
4,892.1656,930.9773,830585.904,916,7985923,39339411,0.20300057364865,+/+,FALSE
5,892.1656,956.0479,852953.0721,994,8200979,39339411,0.20846725437755,+/+,FALSE
6,892.1656,983.9211,877820.5505,1044,8440075,39339411,0.214545027123055,+/+,FALSE
7,892.1656,986.3466,879984.5045,975,8460881,39339411,0.215073911503149,+/+,FALSE
1,892.1656,879.751,784883.5817,909,7546504,39339411,0.191830630102723,+/+,FALSE
2,892.1656,903.7037,806253.3298,895,7751970,39339411,0.197053534939809,+/+,FALSE
3,892.1656,985.2962,879047.4082,1024,8451871,39339411,0.214844879095927,+/+,FALSE
4,892.1656,1028.3236,917434.971,1089,8820960,39339411,0.224227048035874,+/+,FALSE
5,892.1656,958.4194,855068.8713,991,8221322,39339411,0.20898436938977,+/+,FALSE
6,892.1656,1043.355,930845.4329,1098,8949899,39339411,0.227504651760038,+/+,FALSE
7,892.1656,982.3423,876411.9938,999,8426532,39339411,0.214200766757794,+/+,FALSE
8,892.1656,963.8095,859877.7042,1000,8267558,39339411,0.210159679309891,+/+,FALSE
9,892.1656,955.8213,852750.884,995,8199035,39339411,0.208417838284361,+/+,FALSE
10,892.1656,1018.0106,908234.0581,1067,8732495,39339411,0.221978285338334,+/+,FALSE
11,892.1656,990.055,883293.0473,1043,8492692,39339411,0.215882540793506,+/+,FALSE
12,892.1656,992.6176,885579.3127,1044,8514674,39339411,0.216441318859604,+/+,FALSE
13,892.1656,988.3775,881796.3974,983,8478302,39339411,0.215516749856778,+/+,FALSE
14,892.1656,969.9768,865379.9469,971,8320461,39339411,0.211504463043435,+/+,FALSE
15,892.1656,973.4057,868439.0827,1028,8349874,39339411,0.212252135650938,+/+,FALSE
16,892.1656,940.4765,839060.7493,929,8067407,39339411,0.205071880715245,+/+,FALSE
17,892.1656,954.6513,851707.0772,962,8188999,39339411,0.208162725161289,+/+,FALSE
18,892.1656,848.8535,757317.8692,866,7281465,39339411,0.185093391459267,+/+,FALSE
19,892.1656,946.2013,844168.2882,970,8116515,39339411,0.206320196303905,+/+,FALSE
20,892.1656,974.6778,869573.9989,1005,8360786,39339411,0.212529516519706,+/+,FALSE
1,892.1656,981.3283,875507.3475,1023,8417834,39339411,0.213979665328492,+/+,FALSE
2,892.1656,1021.8278,911639.6387,1066,8765239,39339411,0.222810631303046,+/+,FALSE
3,892.1656,1012.3997,903228.2373,1062,8684365,39339411,0.220754830315075,+/+,FALSE
4,892.1656,1012.0406,902907.794,1059,8681284,39339411,0.220676511908122,+/+,FALSE
5,892.1656,962.2645,858499.3094,1008,8254305,39339411,0.209822790686927,+/+,FALSE
6,892.1656,1002.2878,894206.7352,1056,8597625,39339411,0.2185499167743,+/+,FALSE
7,892.1656,993.1591,886062.4217,1035,8519319,39339411,0.216559393835358,+/+,FALSE
8,892.1656,992.2966,885292.8795,1053,8511920,39339411,0.216371312727585,+/+,FALSE
9,892.1656,1014.9704,905521.6791,1062,8706416,39339411,0.221315362347443,+/+,FALSE
10,892.1656,1033.2984,921873.3337,1075,8863634,39339411,0.225311812624749,+/+,FALSE
11,892.1656,960.0261,856502.2854,1022,8235104,39339411,0.209334705087476,+/+,FALSE
12,892.1656,959.8746,856367.0773,1014,8233804,39339411,0.209301659346145,+/+,FALSE
13,892.1656,926.5192,826608.601,956,7947682,39339411,0.202028495037712,+/+,FALSE
14,892.1656,935.6815,834782.8682,955,8026276,39339411,0.204026338879349,+/+,FALSE
1,892.1656,908.2559,810314.6699,941,7791019,39339411,0.198046152749974,+/+,FALSE
2,892.1656,932.0206,831516.76,976,7994873,39339411,0.20322808086781,+/+,FALSE
3,892.1656,1026.9914,916246.3876,1051,8809532,39339411,0.223936550549778,+/+,FALSE
4,892.1656,997.0289,889514.9092,1025,8552514,39339411,0.217403204130331,+/+,FALSE
5,892.1656,993.1606,886063.7738,1029,8519332,39339411,0.216559724292771,+/+,FALSE
6,892.1656,919.3334,820197.6558,937,7886042,39339411,0.200461618502626,+/+,FALSE
7,892.1656,911.9609,813620.1965,957,7822801,39339411,0.198854044866101,+/+,FALSE
1,892.1656,945.7841,843796.0499,994,8112936,39339411,0.206229218836042,+/+,FALSE
2,892.1656,950.0846,847632.8404,962,8149826,39339411,0.207166955295797,+/+,FALSE
3,892.1656,978.9243,873362.6346,1021,8397213,39339411,0.213455483611587,+/+,FALSE
4,892.1656,1010.0762,901155.2887,1074,8664434,39339411,0.220248188260877,+/+,FALSE
5,892.1656,1010.327,901379.0062,1035,8666585,39339411,0.220302866252878,+/+,FALSE
6,892.1656,1047.6617,934687.7358,1093,8986842,39339411,0.228443735469247,+/+,FALSE
7,892.1656,984.7649,878573.3477,990,8447313,39339411,0.214729015642863,+/+,FALSE
8,892.1656,996.0094,888605.3746,1042,8543769,39339411,0.217180907970381,+/+,FALSE
9,892.1656,975.2034,870042.9631,1027,8365295,39339411,0.212644134402521,+/+,FALSE
10,892.1656,988.1242,881570.3918,1013,8476129,39339411,0.215461512629154,+/+,FALSE
11,892.1656,1037.326,925466.5416,1076,8898182,39339411,0.226190015910508,+/+,FALSE
12,892.1656,1009.2343,900404.1556,1027,8657212,39339411,0.220064606457885,+/+,FALSE
13,892.1656,1012.6356,903438.6419,1060,8686388,39339411,0.220806254572546,+/+,FALSE
14,892.1656,979.8193,874161.0906,1017,8404890,39339411,0.213650631424044,+/+,FALSE
15,892.1656,989.8989,883153.783,1039,8491353,39339411,0.215848503679936,+/+,FALSE
16,892.1656,997.8757,890270.4106,1028,8559778,39339411,0.217587853564966,+/+,FALSE
17,892.1656,959.2839,855840.0776,995,8228737,39339411,0.209172857214359,+/+,FALSE
18,892.1656,1057.542,943502.5775,1082,9071595,39339411,0.230598139865388,+/+,FALSE
19,892.1656,1045.0349,932344.1629,1096,8964309,39339411,0.227870951092786,+/+,FALSE
20,892.1656,1016.7741,907130.8638,1037,8721888,39339411,0.221708657508878,+/+,FALSE
21,892.1656,984.1711,878043.6439,1011,8442220,39339411,0.21459955259625,+/+,FALSE
22,892.1656,983.2629,877233.3312,995,8434429,39339411,0.214401506926476,+/+,FALSE
1,892.1656,982.0246,876128.5768,1024,8423807,39339411,0.214131497800005,+/+,FALSE
2,892.1656,980.7667,875006.3494,1015,8413017,39339411,0.213857218146962,+/+,FALSE
3,892.1656,1001.6489,893636.6769,1034,8592144,39339411,0.218410590844891,+/+,FALSE
4,892.1656,974.7405,869629.9543,1014,8361324,39339411,0.212543192372656,+/+,FALSE
5,892.1656,1005.5959,897158.1205,1059,8626002,39339411,0.219271254467943,+/+,FALSE
6,892.1656,989.568,882858.5092,1030,8488514,39339411,0.21577633686483,+/+,FALSE
7,892.1656,1012.6481,903449.7706,1039,8686495,39339411,0.220808974491255,+/+,FALSE
8,892.1656,1030.4963,919373.3355,1091,8839597,39339411,0.224700796867548,+/+,FALSE
9,892.1656,994.0115,886822.9154,1022,8526631,39339411,0.216745263420441,+/+,FALSE
10,892.1656,1022.7229,912438.1987,1062,8772917,39339411,0.223005804535304,+/+,FALSE
11,892.1656,978.9949,873425.5584,1016,8397818,39339411,0.213470862591207,+/+,FALSE
12,892.1656,1072.8537,957163.1744,1114,9202939,39339411,0.233936878211013,+/+,FALSE
13,892.1656,1003.7888,895545.8156,1053,8610500,39339411,0.218877196712477,+/+,FALSE
14,892.1656,972.5685,867692.2138,1001,8342693,39339411,0.212069596059788,+/+,FALSE
15,892.1656,1032.9515,921563.8111,1071,8860658,39339411,0.225236163296903,+/+,FALSE
16,892.1656,1008.3424,899608.4038,1070,8649561,39339411,0.219870119560255,+/+,FALSE
17,892.1656,1000.9587,893020.9599,1065,8586224,39339411,0.218260105622832,+/+,FALSE
1,892.1656,963.107,859250.9626,1023,8261532,39339411,0.210006499588924,+/+,FALSE
2,892.1656,920.424,821170.6342,969,7895397,39339411,0.2006994207412,+/+,FALSE
3,892.1656,972.0875,867263.084,1029,8338567,39339411,0.211964713960766,+/+,FALSE
4,892.1656,998.9733,891249.6295,1057,8569193,39339411,0.217827180991602,+/+,FALSE
5,892.1656,982.5605,876606.6935,1043,8428404,39339411,0.21424835262531,+/+,FALSE
6,892.1656,963.6337,859720.8628,1044,8266050,39339411,0.210121346249948,+/+,FALSE
7,892.1656,946.4421,844383.0611,990,8118580,39339411,0.206372688193018,+/+,FALSE
8,892.1656,929.7164,829460.9724,981,7975107,39339411,0.20272563308078,+/+,FALSE
9,892.1656,930.2055,829897.3826,1005,7979303,39339411,0.202832294565874,+/+,FALSE
10,892.1656,1039.4756,927384.4169,1106,8916622,39339411,0.22665875704138,+/+,FALSE
11,892.1656,925.1376,825375.9189,977,7935830,39339411,0.201727219555982,+/+,FALSE
12,892.1656,951.9247,849274.4751,1012,8165610,39339411,0.207568181435152,+/+,FALSE
13,892.1656,962.3554,858580.4343,1014,8255085,39339411,0.209842618131725,+/+,FALSE
14,892.1656,936.2129,835256.9287,1001,8030834,39339411,0.204142202332414,+/+,FALSE
15,892.1656,958.7803,855390.7706,998,8224417,39339411,0.209063043673938,+/+,FALSE
16,892.1656,965.421,861315.3826,1032,8281381,39339411,0.210511057219438,+/+,FALSE
17,892.1656,988.0931,881542.7261,1055,8475863,39339411,0.215454750962082,+/+,FALSE
18,892.1656,947.3199,845166.2282,1001,8126110,39339411,0.206564099294725,+/+,FALSE
19,892.1656,944.5741,842716.569,996,8102557,39339411,0.20596538672122,+/+,FALSE
20,892.1656,999.088,891351.9716,1047,8570177,39339411,0.217852194075809,+/+,FALSE
1,892.1656,1028.6998,917770.5992,1073,8824187,39339411,0.224309077733777,+/+,FALSE
2,892.1656,950.6369,848125.518,952,8154563,39339411,0.207287368893245,+/+,FALSE
3,892.1656,971.7884,866996.204,1023,8336001,39339411,0.21189948675134,+/+,FALSE
4,892.1656,982.453,876510.7998,1031,8427482,39339411,0.214224915568766,+/+,FALSE
5,892.1656,983.2326,877206.2896,990,8434169,39339411,0.21439489777821,+/+,FALSE
6,892.1656,1010.3375,901388.3667,1024,8666675,39339411,0.22030515403497,+/+,FALSE
7,892.1656,995.7876,888407.4507,1063,8541866,39339411,0.217132534089033,+/+,FALSE
8,892.1656,1054.015,940355.9724,1085,9041341,39339411,0.229829089205225,+/+,FALSE
9,892.1656,1017.8832,908120.3793,1067,8731402,39339411,0.221950501495815,+/+,FALSE
10,892.1656,978.3528,872852.6919,1027,8392310,39339411,0.213330850327169,+/+,FALSE
11,892.1656,1030.7914,919636.6793,1070,8842129,39339411,0.22476515980374,+/+,FALSE
12,892.1656,1016.2768,906687.1731,1038,8717622,39339411,0.221600216637712,+/+,FALSE
13,892.1656,1011.7237,902625.105,1057,8678566,39339411,0.22060742088894,+/+,FALSE
14,892.1656,1023.5815,913204.2048,1045,8780282,39339411,0.223193021369842,+/+,FALSE
15,892.1656,1006.6713,898117.4742,1051,8635226,39339411,0.219505726712583,+/+,FALSE
16,892.1656,1041.424,929122.6733,1064,8933335,39339411,0.227083598175885,+/+,FALSE
17,892.1656,1031.937,920658.7487,1107,8851956,39339411,0.225014960188397,+/+,FALSE
18,892.1656,1048.1606,935132.8825,1117,8991122,39339411,0.228552532217628,+/+,FALSE
19,892.1656,1052.369,938887.4041,1121,9027221,39339411,0.229470161614774,+/+,FALSE
20,892.1656,1031.5962,920354.6345,1083,8849032,39339411,0.224940632690205,+/+,FALSE
21,892.1656,1056.0556,942176.4978,1113,9058845,39339411,0.230274037402339,+/+,FALSE
22,892.1656,1036.5442,924769.0757,1108,8891476,39339411,0.226019550724844,+/+,FALSE
23,892.1656,988.9852,882338.582,1030,8483515,39339411,0.215649263279514,+/+,FALSE
24,892.1656,1023.7726,913374.671,1066,8781921,39339411,0.223234684423719,+/+,FALSE
25,892.1656,1024.6137,914125.0761,1085,8789136,39339411,0.223418088288104,+/+,FALSE
26,892.1656,1053.1468,939581.3338,1094,9033893,39339411,0.229639762527202,+/+,FALSE
27,892.1656,1030.7572,919606.1015,1083,8841835,39339411,0.224757686382239,+/+,FALSE
28,892.1656,1019.6694,909713.963,1060,8746724,39339411,0.222339983687097,+/+,FALSE
29,892.1656,1015.1595,905690.3772,1046,8708038,39339411,0.221356593264703,+/+,FALSE
30,892.1656,950.2918,847817.6595,1019,8151603,39339411,0.207212126282216,+/+,FALSE
31,892.1656,916.7107,817857.7232,975,7863544,39339411,0.1998897238192,+/+,FALSE
1,892.1656,859.2501,766593.3545,878,7370647,39339411,0.187360380154141,+/+,FALSE
2,892.1656,812.4547,724844.1017,844,6969236,39339411,0.177156592405514,+/+,FALSE
3,892.1656,822.8861,734150.685,841,7058717,39339411,0.179431181620894,+/+,FALSE
4,892.1656,939.2624,837977.6282,938,8056993,39339411,0.204807158907387,+/+,FALSE
5,892.1656,916.2742,817468.3237,975,7859800,39339411,0.199794552084168,+/+,FALSE
6,892.1656,950.9339,848390.5259,996,8157111,39339411,0.207352138546253,+/+,FALSE
7,892.1656,878.6559,783906.5469,913,7537110,39339411,0.191591836491909,+/+,FALSE
8,892.1656,977.3585,871965.6226,977,8383781,39339411,0.21311404484424,+/+,FALSE
9,892.1656,990.9862,884123.8493,1026,8500680,39339411,0.216085594164081,+/+,FALSE
10,892.1656,944.3982,842559.6236,971,8101048,39339411,0.205927028241475,+/+,FALSE
11,892.1656,934.3664,833609.5737,980,8014995,39339411,0.203739578104004,+/+,FALSE
12,892.1656,898.8793,801949.2392,939,7710587,39339411,0.196001587314055,+/+,FALSE
13,892.1656,864.6127,771377.7461,928,7416648,39339411,0.188529716421021,+/+,FALSE
14,892.1656,837.355,747059.3167,876,7182831,39339411,0.182586134805119,+/+,FALSE
15,892.1656,818.3009,730059.9112,843,7019385,39339411,0.17843137000704,+/+,FALSE
16,892.1656,956.5041,853360.0486,990,8204892,39339411,0.208566722058955,+/+,FALSE
17,892.1656,937.3493,836270.7816,960,8040582,39339411,0.204389994552791,+/+,FALSE
18,892.1656,982.5435,876591.5086,1014,8428258,39339411,0.214244641334361,+/+,FALSE
19,892.1656,932.9155,832315.1119,966,8002549,39339411,0.203423203260466,+/+,FALSE
20,892.1656,961.0839,857446.0381,1013,8244178,39339411,0.209565364361963,+/+,FALSE
21,892.1656,924.632,824924.8438,945,7931493,39339411,0.201616973878943,+/+,FALSE
22,892.1656,973.3128,868356.1897,1018,8349077,39339411,0.212231876069522,+/+,FALSE
23,892.1656,969.3089,864784.0951,1005,8314732,39339411,0.211358833003372,+/+,FALSE
24,892.1656,1005.4663,897042.4656,1053,8624890,39339411,0.219242987649205,+/+,FALSE
25,892.1656,930.5469,830201.9129,926,7982231,39339411,0.202906723743271,+/+,FALSE
26,892.1656,983.7973,877710.0958,1040,8439013,39339411,0.214518031294368,+/+,FALSE
27,892.1656,1021.0907,910982.0072,1082,8758916,39339411,0.222649901901175,+/+,FALSE
28,892.1656,994.6672,887407.8466,1035,8532255,39339411,0.216888224381397,+/+,FALSE
29,892.1656,924.6139,824908.7229,962,7931338,39339411,0.201613033809784,+/+,FALSE
1,892.1656,919.3033,820170.8222,973,7885784,39339411,0.200455060193962,+/+,FALSE
2,892.1656,963.3832,859497.3534,1026,8263901,39339411,0.210066719097548,+/+,FALSE
3,892.1656,986.6799,880281.8584,1037,8463740,39339411,0.215146586714275,+/+,FALSE
4,892.1656,946.6154,844537.7184,999,8120067,39339411,0.20641048743714,+/+,FALSE
5,892.1656,949.8736,847444.5891,1004,8148016,39339411,0.207120945455945,+/+,FALSE
6,892.1656,942.4714,840840.6083,1014,8084520,39339411,0.205506889770159,+/+,FALSE
7,892.1656,964.7526,860719.1148,1032,8275648,39339411,0.210365325500171,+/+,FALSE
8,892.1656,974.8767,869751.4336,1018,8362492,39339411,0.212572882700252,+/+,FALSE
9,892.1656,937.23,836164.3832,988,8039559,39339411,0.204363990096344,+/+,FALSE
10,892.1656,943.0654,841370.5201,1011,8089615,39339411,0.205636403656374,+/+,FALSE
11,892.1656,947.3066,845154.3715,1004,8125996,39339411,0.206561201437408,+/+,FALSE
12,892.1656,975.5273,870331.8925,1028,8368073,39339411,0.212714750609764,+/+,FALSE
13,892.1656,957.6461,854378.8938,1028,8214688,39339411,0.208815734429781,+/+,FALSE
14,892.1656,954.0809,851198.1747,1029,8184106,39339411,0.208038346074881,+/+,FALSE
15,892.1656,952.9459,850185.5698,1007,8174370,39339411,0.207790858892117,+/+,FALSE
16,892.1656,963.3436,859461.9913,1027,8263561,39339411,0.2100580763652,+/+,FALSE
17,892.1656,974.7997,869682.7895,1049,8361832,39339411,0.212556105631576,+/+,FALSE
18,892.1656,947.9083,845691.1477,1012,8131157,39339411,0.20669239303049,+/+,FALSE
19,892.1656,933.4461,832788.5484,1003,8007101,39339411,0.203538914194724,+/+,FALSE
20,892.1656,951.4348,848837.4408,1013,8161408,39339411,0.207461367431251,+/+,FALSE
21,892.1656,973.6559,868662.2801,1044,8352020,39339411,0.212306686543934,+/+,FALSE
22,892.1656,950.22,847753.5917,1015,8150987,39339411,0.207196467684786,+/+,FALSE
1,892.1656,891.8412,795670.0698,956,7650214,39339411,0.194466917666866,+/+,FALSE
2,892.1656,833.5335,743649.8878,878,7150050,39339411,0.18175284830777,+/+,FALSE
3,892.1656,932.8276,832236.6912,989,8001795,39339411,0.203404036730494,+/+,FALSE
4,892.1656,913.0757,814614.7043,944,7832363,39339411,0.199097109003488,+/+,FALSE
5,892.1656,952.3195,849626.7442,986,8168997,39339411,0.207654278301218,+/+,FALSE
6,892.1656,970.8134,866126.2957,1014,8327637,39339411,0.211686875535579,+/+,FALSE
7,892.1656,948.9235,846596.9382,973,8139866,39339411,0.206913774077604,+/+,FALSE
8,892.1656,953.922,851056.4141,1009,8182743,39339411,0.208003698886086,+/+,FALSE
9,892.1656,942.1878,840587.561,997,8082087,39339411,0.205445043394269,+/+,FALSE
10,892.1656,884.9801,789548.782,939,7591359,39339411,0.19297083527763,+/+,FALSE
11,892.1656,930.2439,829931.6007,960,7979632,39339411,0.202840657680411,+/+,FALSE
12,892.1656,946.8197,844719.9374,989,8121819,39339411,0.206455022928533,+/+,FALSE
13,892.1656,1018.2,908403.0683,1085,8734120,39339411,0.222019592514997,+/+,FALSE
14,892.1656,935.9361,835010.0179,943,8028460,39339411,0.204081855724784,+/+,FALSE
15,892.1656,990.0345,883274.7422,1064,8492516,39339411,0.215878066908526,+/+,FALSE
16,892.1656,943.8312,842053.7372,972,8096184,39339411,0.205803386329297,+/+,FALSE
17,892.1656,937.5513,836451.0245,988,8042315,39339411,0.204434047067964,+/+,FALSE
18,892.1656,917.8789,818899.9698,933,7873565,39339411,0.200144455645256,+/+,FALSE
19,892.1656,921.343,821990.5155,980,7903280,39339411,0.200899805032668,+/+,FALSE
1,892.1656,1015.8479,906304.5341,1050,8713943,39339411,0.221506697189747,+/+,FALSE
2,892.1656,983.5561,877494.9069,1050,8436944,39339411,0.21446543772605,+/+,FALSE
3,892.1656,989.0584,882403.8979,1019,8484143,39339411,0.215665226914556,+/+,FALSE
4,892.1656,1044.1746,931576.7008,1097,8956930,39339411,0.227683378381034,+/+,FALSE
5,892.1656,938.9222,837674.138,979,8054075,39339411,0.204732983928,+/+,FALSE
6,892.1656,1017.7287,907982.571,1049,8730077,39339411,0.221916820259459,+/+,FALSE
7,892.1656,1016.3366,906740.5283,1039,8718135,39339411,0.221613256995637,+/+,FALSE
8,892.1656,993.9282,886748.551,1016,8525916,39339411,0.216727088262709,+/+,FALSE
9,892.1656,1019.3172,909399.7601,1060,8743703,39339411,0.222263190468205,+/+,FALSE
10,892.1656,1065.3183,950440.3144,1103,9138300,39339411,0.232293767692658,+/+,FALSE
11,892.1656,1019.6188,909668.8243,1057,8746290,39339411,0.222328951493453,+/+,FALSE
12,892.1656,997.3165,889771.4926,1060,8554981,39339411,0.217465914779456,+/+,FALSE
13,892.1656,965.2284,861143.5643,1031,8279729,39339411,0.210469063708148,+/+,FALSE
14,892.1656,1056.767,942811.1439,1090,9064947,39339411,0.230429149028184,+/+,FALSE
15,892.1656,952.0982,849429.2364,1004,8167098,39339411,0.207606006099075,+/+,FALSE
1,892.1656,937.0495,836003.3816,994,8038011,39339411,0.20432464024436,+/+,FALSE
2,892.1656,1034.6047,923038.7237,1068,8874839,39339411,0.225596641495217,+/+,FALSE
3,892.1656,879.0522,784260.1682,877,7540510,39339411,0.191678263815389,+/+,FALSE
4,892.1656,974.1827,869132.2844,1016,8356539,39339411,0.212421558624759,+/+,FALSE
5,892.1656,1036.3922,924633.4516,1095,8890172,39339411,0.22598640330431,+/+,FALSE
6,892.1656,942.0818,840493.0194,950,8081178,39339411,0.205421936795139,+/+,FALSE
7,892.1656,984.6355,878457.9008,1001,8446203,39339411,0.214700799663727,+/+,FALSE
8,892.1656,1024.2643,913813.3694,1043,8786139,39339411,0.223341905144436,+/+,FALSE
9,892.1656,982.5319,876581.212,1010,8428159,39339411,0.214242124774059,+/+,FALSE
10,892.1656,980.4542,874727.5086,1009,8410336,39339411,0.213789067660418,+/+,FALSE
11,892.1656,963.9878,860036.7298,998,8269087,39339411,0.210198546185656,+/+,FALSE
12,892.1656,962.4175,858635.7656,967,8255617,39339411,0.20985614146587,+/+,FALSE
13,892.1656,950.4691,847975.853,982,8153124,39339411,0.207250789799573,+/+,FALSE
14,892.1656,979.4517,873833.1589,991,8401737,39339411,0.213570482791417,+/+,FALSE
15,892.1656,954.2667,851363.9606,1001,8185700,39339411,0.208078865237713,+/+,FALSE
16,892.1656,905.2287,807613.9396,944,7765052,39339411,0.197386076776798,+/+,FALSE
17,892.1656,999.135,891393.8861,1000,8570580,39339411,0.217862438255621,+/+,FALSE
18,892.1656,939.3366,838043.7762,984,8057629,39339411,0.204823325900838,+/+,FALSE
19,892.1656,931.6048,831145.7697,971,7991306,39339411,0.203137408437559,+/+,FALSE
20,892.1656,995.7824,888402.7704,996,8541821,39339411,0.217131390197987,+/+,FALSE
1,892.1656,1007.1191,898517.0662,1029,8639068,39339411,0.219603389588116,+/+,FALSE
2,892.1656,953.7405,850894.4764,954,8181186,39339411,0.207964120255893,+/+,FALSE
3,892.1656,990.2136,883434.4958,1009,8494052,39339411,0.215917111722898,+/+,FALSE
4,892.1656,1017.9401,908171.1343,1042,8731890,39339411,0.221962906358715,+/+,FALSE
5,892.1656,1014.1675,904805.3881,1059,8699529,39339411,0.221140296177795,+/+,FALSE
6,892.1656,993.1197,886027.2676,986,8518981,39339411,0.216550801942612,+/+,FALSE
7,892.1656,1075.3824,959419.1739,1087,9224630,39339411,0.234488259115013,+/+,FALSE
8,892.1656,1006.7055,898148.052,1030,8635520,39339411,0.219513200134084,+/+,FALSE
9,892.1656,959.7222,856231.1411,976,8232497,39339411,0.209268435666208,+/+,FALSE
10,892.1656,1063.0951,948456.9152,1094,9119230,39339411,0.231809012087141,+/+,FALSE
11,892.1656,1055.0525,941281.524,1107,9050240,39339411,0.230055300014532,+/+,FALSE
12,892.1656,1016.2622,906674.1724,1034,8717497,39339411,0.221597039162584,+/+,FALSE
13,892.1656,999.6345,891839.5529,1045,8574865,39339411,0.217971362103007,+/+,FALSE
14,892.1656,1067.303,952211.0208,1103,9155325,39339411,0.232726539805082,+/+,FALSE
15,892.1656,945.9515,843945.4028,994,8114372,39339411,0.206265721670312,+/+,FALSE
16,892.1656,926.4866,826579.4793,973,7947402,39339411,0.202021377493425,+/+,FALSE
17,892.1656,1008.51,899757.9647,1037,8650999,39339411,0.219906673234126,+/+,FALSE
18,892.1656,1044.4943,931861.886,1067,8959672,39339411,0.22775307947544,+/+,FALSE
19,892.1656,998.2255,890582.4294,1018,8562778,39339411,0.217664112968036,+/+,FALSE
1,892.1656,651.6764,581403.258,505,5590080,39339411,0.142098721305207,-/-,FALSE
2,892.1656,720.8633,643129.4073,564,6183565,39339411,0.157184991915614,-/-,FALSE
3,892.1656,574.3678,512431.2013,470,4926927,39339411,0.125241503997098,-/-,FALSE
4,892.1656,673.5801,600944.9923,538,5777970,39339411,0.146874847719504,-/-,FALSE
5,892.1656,664.6775,593002.451,543,5701604,39339411,0.144933639194547,-/-,FALSE
6,892.1656,637.7899,569014.2415,510,5470962,39339411,0.139070765446895,-/-,FALSE
7,892.1656,670.221,597948.1562,521,5749156,39339411,0.146142401572815,-/-,FALSE
8,892.1656,701.3128,625687.1431,570,6015861,39339411,0.152921989604776,-/-,FALSE
9,892.1656,621.8795,554819.4685,522,5334482,39339411,0.135601471003214,-/-,FALSE
10,892.1656,671.6773,599247.4023,531,5761648,39339411,0.1464599457272,-/-,FALSE
11,892.1656,637.9231,569133.0167,522,5472104,39339411,0.139099794859664,-/-,FALSE
12,892.1656,686.8501,612784.0238,569,5891800,39339411,0.149768383670005,-/-,FALSE
13,892.1656,714.1928,637178.2737,560,6126346,39339411,0.155730496320852,-/-,FALSE
14,892.1656,651.8255,581536.282,515,5591359,39339411,0.142131233230716,-/-,FALSE
15,892.1656,612.9315,546836.3648,503,5257726,39339411,0.133650348755857,-/-,FALSE
16,892.1656,642.0642,572827.6307,524,5507627,39339411,0.14000278245142,-/-,FALSE
17,892.1656,619.3107,552527.6908,493,5312447,39339411,0.135041345687662,-/-,FALSE
18,892.1656,635.303,566795.4762,518,5449629,39339411,0.138528484831662,-/-,FALSE
19,892.1656,643.3543,573978.5638,498,5518693,39339411,0.140284077969546,-/-,FALSE
20,892.1656,674.2939,601581.8226,536,5784093,39339411,0.147030493161171,-/-,FALSE
21,892.1656,628.104,560372.7782,541,5387876,39339411,0.13695873585906,-/-,FALSE
22,892.1656,674.7081,601951.3568,542,5787646,39339411,0.147120809714207,-/-,FALSE
23,892.1656,610.649,544800.0264,486,5238147,39339411,0.133152654471619,-/-,FALSE
24,892.1656,671.5204,599107.4099,519,5760302,39339411,0.146425730675022,-/-,FALSE
25,892.1656,794.7741,709070.0978,654,6817572,39339411,0.173301323703093,-/-,FALSE
1,892.1656,662.355,590930.3345,530,5681681,39339411,0.144427200498757,-/-,FALSE
2,892.1656,656.6681,585856.7016,526,5632899,39339411,0.143187171765231,-/-,FALSE
3,892.1656,649.3093,579291.4111,513,5569775,39339411,0.141582572245426,-/-,FALSE
4,892.1656,645.4083,575811.05,506,5536312,39339411,0.140731949443778,-/-,FALSE
5,892.1656,644.4356,574943.3258,498,5527969,39339411,0.140519872043839,-/-,FALSE
6,892.1656,631.2564,563185.2112,502,5414917,39339411,0.137646112698535,-/-,FALSE
7,892.1656,641.3624,572201.513,511,5501607,39339411,0.139849755249259,-/-,FALSE
8,892.1656,615.9655,549543.2315,490,5283752,39339411,0.134311924497294,-/-,FALSE
9,892.1656,650.0182,579923.8731,511,5575856,39339411,0.141737150055449,-/-,FALSE
10,892.1656,739.2245,659510.7037,577,6341068,39339411,0.161188686836211,-/-,FALSE
11,892.1656,631.8097,563678.9289,483,5419664,39339411,0.137766780493994,-/-,FALSE
12,892.1656,709.2192,632740.951,562,6083682,39339411,0.154645985929988,-/-,FALSE
13,892.1656,678.9046,605695.3738,532,5823644,39339411,0.14803587171145,-/-,FALSE
14,892.1656,630.3549,562380.9309,503,5407184,39339411,0.137449541377221,-/-,FALSE
15,892.1656,660.3959,589182.5095,525,5664876,39339411,0.144000020742558,-/-,FALSE
16,892.1656,667.1975,595250.6501,536,5723220,39339411,0.14548311361347,-/-,FALSE
17,892.1656,660.1809,588990.722,530,5663032,39339411,0.14395314662947,-/-,FALSE
18,892.1656,636.9799,568291.6061,492,5464014,39339411,0.138894148669384,-/-,FALSE
19,892.1656,647.2424,577447.3803,506,5552045,39339411,0.14113187917328,-/-,FALSE
20,892.1656,663.5398,591987.35,531,5691844,39339411,0.144685541936558,-/-,FALSE
21,892.1656,682.8212,609189.5678,530,5857240,39339411,0.148889875346634,-/-,FALSE
22,892.1656,710.674,634038.949,575,6096162,39339411,0.15496322504676,-/-,FALSE
23,892.1656,655.7179,585008.9467,508,5624748,39339411,0.142979974967088,-/-,FALSE
24,892.1656,647.3547,577547.6423,506,5553009,39339411,0.141156383861467,-/-,FALSE
25,892.1656,598.9713,534381.6164,480,5137976,39339411,0.130606327583298,-/-,FALSE
1,892.1656,445.7163,397652.712,436,3823354,39339411,0.0971888979222389,-/-,FALSE
2,892.1656,503.2525,448984.5806,460,4316900,39339411,0.109734739038162,-/-,FALSE
3,892.1656,531.8227,474473.9123,483,4561975,39339411,0.115964496773986,-/-,FALSE
4,892.1656,538.3858,480329.2562,485,4618273,39339411,0.117395580732004,-/-,FALSE
5,892.1656,605.6693,540357.2954,451,5195431,39339411,0.132066822251101,-/-,FALSE
6,892.1656,575.7537,513667.6276,502,4938815,39339411,0.125543694591665,-/-,FALSE
7,892.1656,524.4189,467868.4754,475,4498465,39339411,0.114350085210986,-/-,FALSE
8,892.1656,544.398,485693.1705,491,4669846,39339411,0.118706556130187,-/-,FALSE
9,892.1656,564.722,503825.5162,462,4844185,39339411,0.123138218820816,-/-,FALSE
10,892.1656,548.8868,489697.9312,502,4708351,39339411,0.119685345568595,-/-,FALSE
11,892.1656,559.8989,499522.5696,488,4802813,39339411,0.122086550812873,-/-,FALSE
12,892.1656,572.0163,510333.2912,487,4906756,39339411,0.124728761190654,-/-,FALSE
13,892.1656,563.3901,502637.2448,467,4832760,39339411,0.122847797594123,-/-,FALSE
14,892.1656,544.3025,485607.9894,465,4669027,39339411,0.118685737313149,-/-,FALSE
15,892.1656,586.1936,522981.8033,497,5028369,39339411,0.12782013945252,-/-,FALSE
16,892.1656,562.0143,501409.867,467,4820959,39339411,0.122547818522245,-/-,FALSE
17,892.1656,535.6172,477859.2118,489,4594524,39339411,0.116791885877498,-/-,FALSE
18,892.1656,544.39,485685.9941,462,4669777,39339411,0.118704802163916,-/-,FALSE
19,892.1656,625.8153,558330.9275,504,5368244,39339411,0.136459694325367,-/-,FALSE
20,892.1656,546.3603,487443.9077,466,4686679,39339411,0.119134447640815,-/-,FALSE
21,892.1656,542.2851,483808.1613,439,4651722,39339411,0.118245847656438,-/-,FALSE
22,892.1656,565.7097,504706.7611,439,4852658,39339411,0.123353600794887,-/-,FALSE
1,892.1656,557.7775,497629.8638,469,4784615,39339411,0.121623961273848,-/-,FALSE
2,892.1656,570.4381,508925.2546,466,4893218,39339411,0.124384627924399,-/-,FALSE
3,892.1656,561.4037,500865.0823,436,4815721,39339411,0.122414669604484,-/-,FALSE
4,892.1656,557.9009,497740.0065,418,4785674,39339411,0.121650880843132,-/-,FALSE
5,892.1656,495.8362,442368.015,444,4253283,39339411,0.108117607556453,-/-,FALSE
6,892.1656,529.2501,472178.7024,498,4539907,39339411,0.115403532605,-/-,FALSE
7,892.1656,625.0059,557608.8121,488,5361301,39339411,0.136283204646862,-/-,FALSE
8,892.1656,579.3163,516846.0586,493,4969375,39339411,0.126320523710942,-/-,FALSE
9,892.1656,591.91,528081.7498,483,5077404,39339411,0.129066599395705,-/-,FALSE
10,892.1656,626.5448,558981.6946,500,5374501,39339411,0.136618746020371,-/-,FALSE
11,892.1656,543.2675,484684.6219,448,4660149,39339411,0.118460060319663,-/-,FALSE
12,892.1656,537.7335,479747.3412,506,4612678,39339411,0.117253356945278,-/-,FALSE
13,892.1656,592.197,528337.8132,477,5079866,39339411,0.129129182945825,-/-,FALSE
14,892.1656,504.5942,450181.5886,467,4328409,39339411,0.110027295528141,-/-,FALSE
15,892.1656,601.1578,536332.3576,470,5156732,39339411,0.131083101371294,-/-,FALSE
16,892.1656,643.2343,573871.5414,503,5517664,39339411,0.140257920994292,-/-,FALSE
17,892.1656,662.3172,590896.6365,535,5681357,39339411,0.144418964483225,-/-,FALSE
18,892.1656,552.8455,493229.7754,475,4742309,39339411,0.12054855117175,-/-,FALSE
19,892.1656,562.1605,501540.2908,491,4822213,39339411,0.122579694952728,-/-,FALSE
20,892.1656,510.4748,455428.0798,471,4378853,39339411,0.111309571970968,-/-,FALSE
21,892.1656,516.3349,460656.266,468,4429121,39339411,0.112587374528815,-/-,FALSE
22,892.1656,542.1025,483645.1835,446,4650155,39339411,0.118206014828234,-/-,FALSE
23,892.1656,519.2371,463245.5016,439,4454016,39339411,0.113220200475294,-/-,FALSE
24,892.1656,573.3943,511562.6451,496,4918576,39339411,0.125029223238752,-/-,FALSE
25,892.1656,543.8929,485242.5115,475,4665513,39339411,0.118596412132352,-/-,FALSE
1,892.1656,621.7055,554664.2912,483,5332990,39339411,0.135563544660087,-/-,FALSE
2,892.1656,590.0463,526419.0019,458,5061417,39339411,0.128660213036743,-/-,FALSE
3,892.1656,569.007,507648.4739,449,4880942,39339411,0.124072574447035,-/-,FALSE
4,892.1656,673.2081,600613.1084,518,5774779,39339411,0.146793733134439,-/-,FALSE
5,892.1656,575.248,513216.4485,449,4934477,39339411,0.125433423494826,-/-,FALSE
6,892.1656,659.0481,587980.0932,484,5653315,39339411,0.143706142422925,-/-,FALSE
7,892.1656,626.3484,558806.5481,477,5372817,39339411,0.136575939075448,-/-,FALSE
1,892.1656,547.3557,488331.9131,410,4695217,39339411,0.119351481901953,-/-,FALSE
2,892.1656,470.8155,420045.3616,308,4038655,39339411,0.10266180650239,-/-,FALSE
3,892.1656,597.844,533375.8759,453,5128306,39339411,0.130360518107401,-/-,FALSE
4,892.1656,575.5933,513524.515,412,4937439,39339411,0.125508716945457,-/-,FALSE
5,892.1656,533.2257,475725.6276,403,4574010,39339411,0.116270424079303,-/-,FALSE
6,892.1656,546.5822,487641.8316,407,4688582,39339411,0.119182821522163,-/-,FALSE
7,892.1656,580.0176,517471.7602,411,4975391,39339411,0.126473449233899,-/-,FALSE
8,892.1656,569.9557,508494.8768,409,4889080,39339411,0.124279440787764,-/-,FALSE
9,892.1656,644.1273,574668.2293,486,5525324,39339411,0.140452636670132,-/-,FALSE
10,892.1656,619.2622,552484.4242,446,5312031,39339411,0.135030771050436,-/-,FALSE
11,892.1656,591.6889,527884.4499,447,5075507,39339411,0.129018378033164,-/-,FALSE
12,892.1656,618.6786,551963.7689,464,5307025,39339411,0.134903519526512,-/-,FALSE
13,892.1656,560.001,499613.6791,436,4803689,39339411,0.12210881855857,-/-,FALSE
14,892.1656,596.9813,532606.2297,440,5120906,39339411,0.130172411579828,-/-,FALSE
15,892.1656,584.2109,521212.865,421,5011361,39339411,0.127387799476713,-/-,FALSE
16,892.1656,573.8446,511964.4212,406,4922439,39339411,0.125127419930105,-/-,FALSE
17,892.1656,566.674,505567.1008,398,4860930,39339411,0.123563873388953,-/-,FALSE
18,892.1656,557.7517,497606.8785,422,4784394,39339411,0.121618343497822,-/-,FALSE
19,892.1656,637.139,568433.4706,475,5465378,39339411,0.13892882127798,-/-,FALSE
20,892.1656,560.0075,499619.3994,402,4803744,39339411,0.122110216647626,-/-,FALSE
21,892.1656,634.645,566208.4649,426,5443985,39339411,0.138385015474685,-/-,FALSE
22,892.1656,622.4578,555335.4435,462,5339443,39339411,0.135727578636091,-/-,FALSE
23,892.1656,572.4923,510757.9487,444,4910839,39339411,0.124832550238233,-/-,FALSE
1,892.1656,626.0654,558554.0209,463,5370389,39339411,0.136514219798563,-/-,FALSE
2,892.1656,546.9074,487932.0091,413,4691372,39339411,0.119253742767018,-/-,FALSE
3,892.1656,488.8261,436113.8072,385,4193150,39339411,0.106589038661509,-/-,FALSE
4,892.1656,545.4323,486615.914,403,4678718,39339411,0.118932080604867,-/-,FALSE
5,892.1656,624.3895,557058.8271,445,5356013,39339411,0.13614878473905,-/-,FALSE
6,892.1656,588.0978,524680.6414,425,5044703,39339411,0.128235346482437,-/-,FALSE
7,892.1656,584.8736,521804.1405,423,5017046,39339411,0.127532311045531,-/-,FALSE
8,892.1656,543.0929,484528.8206,403,4658651,39339411,0.118421981457729,-/-,FALSE
9,892.1656,591.0951,527354.7461,452,5070414,39339411,0.128888914986551,-/-,FALSE
10,892.1656,616.3318,549870.0191,464,5286894,39339411,0.134391793512109,-/-,FALSE
11,892.1656,557.6237,497492.6796,414,4783296,39339411,0.121590432556298,-/-,FALSE
12,892.1656,632.6053,564388.6676,445,5426488,39339411,0.137940245216178,-/-,FALSE
13,892.1656,525.3044,468658.5069,404,4506061,39339411,0.11454317401956,-/-,FALSE
14,892.1656,448.1859,399856.0844,308,3844539,39339411,0.0977274164069208,-/-,FALSE
15,892.1656,604.3817,539208.5464,408,5184386,39339411,0.131786060548797,-/-,FALSE
16,892.1656,668.1961,596141.5677,532,5731786,39339411,0.145700859629037,-/-,FALSE
17,892.1656,583.1281,520246.855,432,5002073,39339411,0.127151700364807,-/-,FALSE
18,892.1656,588.7294,525244.1473,414,5050121,39339411,0.128373070964382,-/-,FALSE
19,892.1656,529.2827,472207.8242,397,4540187,39339411,0.115410650149287,-/-,FALSE
20,892.1656,626.9993,559387.215,486,5378400,39339411,0.136717857824562,-/-,FALSE
21,892.1656,588.2435,524810.6492,452,5045953,39339411,0.128267121233716,-/-,FALSE
22,892.1656,559.4938,499161.1479,435,4799338,39339411,0.121998217004317,-/-,FALSE
23,892.1656,526.6243,469836.0656,368,4517383,39339411,0.114830977006748,-/-,FALSE
24,892.1656,601.8251,536927.6894,414,5162456,39339411,0.131228604312352,-/-,FALSE
1,892.1656,617.5276,550936.9152,492,5297152,39339411,0.134652549831008,-/-,FALSE
2,892.1656,585.9141,522732.3963,456,5025971,39339411,0.127759182769666,-/-,FALSE
3,892.1656,546.1343,487242.2396,449,4684740,39339411,0.11908515864663,-/-,FALSE
4,892.1656,615.6434,549255.8622,479,5280989,39339411,0.134241689587066,-/-,FALSE
5,892.1656,608.9101,543248.6692,485,5223231,39339411,0.132773492719553,-/-,FALSE
6,892.1656,644.7968,575265.5372,489,5531067,39339411,0.14059862258741,-/-,FALSE
7,892.1656,606.5248,541120.5973,476,5202770,39339411,0.132253378170812,-/-,FALSE
8,892.1656,541.5104,483116.9357,417,4645076,39339411,0.118076907658836,-/-,FALSE
9,892.1656,587.6386,524270.9608,443,5040764,39339411,0.128135217886206,-/-,FALSE
10,892.1656,646.5483,576828.1271,489,5546091,39339411,0.140980529677986,-/-,FALSE
11,892.1656,698.6934,623350.2267,539,5993392,39339411,0.15235083209558,-/-,FALSE
12,892.1656,710.5934,633966.9767,566,6095470,39339411,0.154945634544452,-/-,FALSE
13,892.1656,600.0951,535384.2366,494,5147616,39339411,0.130851374465164,-/-,FALSE
14,892.1656,608.801,543151.3193,462,5222295,39339411,0.132749699785795,-/-,FALSE
15,892.1656,616.5262,550043.5015,451,5288562,39339411,0.134434193740216,-/-,FALSE
16,892.1656,591.8222,528003.4331,464,5076651,39339411,0.129047458285535,-/-,FALSE
17,892.1656,604.6511,539448.9049,443,5186697,39339411,0.131844805708962,-/-,FALSE
18,892.1656,662.7476,591280.6276,512,5685049,39339411,0.144512814388604,-/-,FALSE
19,892.1656,602.9706,537949.6548,479,5172282,39339411,0.131478379277209,-/-,FALSE
20,892.1656,557.5823,497455.7574,429,4782941,39339411,0.121581408526935,-/-,FALSE
21,892.1656,672.7504,600204.7798,503,5770853,39339411,0.146693934995621,-/-,FALSE
22,892.1656,653.031,582611.8106,504,5601700,39339411,0.1423940993931,-/-,FALSE
23,892.1656,591,527269.877,443,5069598,39339411,0.128868172428916,-/-,FALSE
24,892.1656,612.1672,546154.4998,489,5251170,39339411,0.133483696540347,-/-,FALSE
25,892.1656,616.746,550239.5533,464,5290447,39339411,0.134482110065146,-/-,FALSE
26,892.1656,688.3373,614110.8315,516,5904557,39339411,0.150092664071661,-/-,FALSE
27,892.1656,624.0047,556715.5025,512,5352712,39339411,0.136064873975871,-/-,FALSE
28,892.1656,607.2313,541750.8752,484,5208830,39339411,0.132407422165014,-/-,FALSE
29,892.1656,624.4621,557123.623,490,5356636,39339411,0.136164621275087,-/-,FALSE
30,892.1656,581.4259,518728.1557,443,4987471,39339411,0.126780520430263,-/-,FALSE
31,892.1656,660.0338,588859.4661,505,5661770,39339411,0.143921066840579,-/-,FALSE
32,892.1656,660.4161,589200.5026,519,5665049,39339411,0.144004418368135,-/-,FALSE
33,892.1656,727.5052,649055.1634,552,6240540,39339411,0.158633285078925,-/-,FALSE
34,892.1656,613.7546,547570.7529,473,5264787,39339411,0.133829837970884,-/-,FALSE
35,892.1656,673.6689,601024.2451,513,5778732,39339411,0.146894217607884,-/-,FALSE
1,892.1656,529.5627,472457.6472,426,4542589,39339411,0.115471708511345,-/-,FALSE
2,892.1656,568.8819,507536.8752,471,4879869,39339411,0.124045299000537,-/-,FALSE
3,892.1656,659.9895,588819.9437,490,5661390,39339411,0.14391140731619,-/-,FALSE
4,892.1656,583.4626,520545.2489,463,5004942,39339411,0.127224629773943,-/-,FALSE
5,892.1656,512.7048,457417.6154,402,4397982,39339411,0.111795827344746,-/-,FALSE
6,892.1656,590.7742,527068.4169,454,5067661,39339411,0.128818934274334,-/-,FALSE
7,892.1656,662.2988,590880.2035,488,5681199,39339411,0.144414948154664,-/-,FALSE
8,892.1656,654.4667,583892.6476,516,5614015,39339411,0.142707144242704,-/-,FALSE
9,892.1656,636.9431,568258.7401,511,5463698,39339411,0.138886116012261,-/-,FALSE
10,892.1656,646.1228,576448.5043,493,5542441,39339411,0.140887747404251,-/-,FALSE
11,892.1656,622.1416,555053.3786,483,5336731,39339411,0.135658640135715,-/-,FALSE
12,892.1656,558.0797,497899.5521,444,4787208,39339411,0.121689874817902,-/-,FALSE
13,892.1656,722.0846,644219.0808,547,6194042,39339411,0.157451315170936,-/-,FALSE
14,892.1656,656.8564,586024.6717,517,5634514,39339411,0.143228224743883,-/-,FALSE
15,892.1656,615.6162,549231.6287,475,5280756,39339411,0.134235766773427,-/-,FALSE
16,892.1656,654.5166,583937.1623,504,5614443,39339411,0.142718023917542,-/-,FALSE
17,892.1656,601.5914,536719.1568,474,5160451,39339411,0.1311776376113,-/-,FALSE
18,892.1656,690.0979,615681.6379,537,5919660,39339411,0.150476579326518,-/-,FALSE
19,892.1656,625.0446,557643.3422,455,5361633,39339411,0.136291644020801,-/-,FALSE
20,892.1656,605.7187,540401.3941,438,5195855,39339411,0.132077600246735,-/-,FALSE
21,892.1656,591.4204,527644.9235,472,5073204,39339411,0.128959836231407,-/-,FALSE
22,892.1656,626.6439,559070.0999,485,5375351,39339411,0.136640352851241,-/-,FALSE
23,892.1656,628.6476,560857.7594,497,5392539,39339411,0.137077268391232,-/-,FALSE
24,892.1656,618.7385,552017.2281,463,5307539,39339411,0.134916585304239,-/-,FALSE
25,892.1656,621.6042,554573.9098,462,5332121,39339411,0.135541454852997,-/-,FALSE
26,892.1656,617.2298,550671.1792,470,5294597,39339411,0.134587602239393,-/-,FALSE
1,892.1656,726.828,648450.9911,708,6234731,39339411,0.15848562145478,-/-,FALSE
2,892.1656,642.3702,573100.6471,509,5510252,39339411,0.140069509429107,-/-,FALSE
3,892.1656,626.3261,558786.5789,488,5372625,39339411,0.136571058473651,-/-,FALSE
4,892.1656,642.6332,573335.2852,504,5512508,39339411,0.140126856500216,-/-,FALSE
5,892.1656,608.5565,542933.2182,477,5220198,39339411,0.132696394463049,-/-,FALSE
6,892.1656,594.6619,530536.9213,447,5101010,39339411,0.129666659218665,-/-,FALSE
7,892.1656,614.7251,548436.605,455,5273112,39339411,0.134041457814404,-/-,FALSE
8,892.1656,620.4695,553561.5129,471,5322387,39339411,0.135294018509835,-/-,FALSE
9,892.1656,589.4897,525922.476,456,5056643,39339411,0.128538858906657,-/-,FALSE
10,892.1656,643.4544,574067.9052,524,5519552,39339411,0.140305913578625,-/-,FALSE
11,892.1656,723.8804,645821.193,638,6209446,39339411,0.157842881785902,-/-,FALSE
12,892.1656,631.7939,563664.7841,479,5419528,39339411,0.137763323401054,-/-,FALSE
13,892.1656,648.4369,578513.1323,509,5562292,39339411,0.141392355874367,-/-,FALSE
14,892.1656,630.0649,562122.2674,509,5404697,39339411,0.137386322332076,-/-,FALSE
15,892.1656,660.6713,589428.1722,518,5667238,39339411,0.144060062312575,-/-,FALSE
16,892.1656,653.7354,583240.2164,507,5607742,39339411,0.142547685830883,-/-,FALSE
17,892.1656,631.5985,563490.4696,451,5417852,39339411,0.137720719814539,-/-,FALSE
18,892.1656,643.2537,573888.8064,475,5517830,39339411,0.140262140681262,-/-,FALSE
19,892.1656,664.6098,592942.0234,518,5701023,39339411,0.144918870290153,-/-,FALSE
20,892.1656,638.9482,570047.6476,478,5480898,39339411,0.139323336589864,-/-,FALSE
21,892.1656,654.1221,583585.2051,529,5611059,39339411,0.142632003310878,-/-,FALSE
22,892.1656,658.3453,587353.0395,511,5647286,39339411,0.143552886442555,-/-,FALSE
23,892.1656,678.9243,605712.9508,531,5823813,39339411,0.148040167657823,-/-,FALSE
24,892.1656,645.2925,575707.7717,501,5535319,39339411,0.140706707581362,-/-,FALSE
25,892.1656,623.9334,556651.9546,473,5352101,39339411,0.136049342477446,-/-,FALSE
26,892.1656,621.0066,554040.7737,478,5326995,39339411,0.135411152952951,-/-,FALSE
27,892.1656,632.9438,564690.7017,501,5429392,39339411,0.13801406431835,-/-,FALSE
28,892.1656,614.0019,547791.3502,472,5266908,39339411,0.133883753368854,-/-,FALSE
29,892.1656,614.9212,548611.5435,501,5274794,39339411,0.134084213919725,-/-,FALSE
30,892.1656,649.2624,579249.6006,495,5569373,39339411,0.141572353485414,-/-,FALSE
31,892.1656,658.8085,587766.2564,512,5651259,39339411,0.143653879312021,-/-,FALSE
32,892.1656,660.1391,588953.3837,515,5662673,39339411,0.143944020920903,-/-,FALSE
33,892.1656,634.9254,566458.5999,487,5446390,39339411,0.138446150096147,-/-,FALSE
1,892.1656,647.5761,577745.1502,508,5554908,39339411,0.14120465606361,-/-,FALSE
2,892.1656,653.3785,582921.8533,504,5604681,39339411,0.142469875819951,-/-,FALSE
3,892.1656,608.0148,542449.9012,466,5215551,39339411,0.132578268647693,-/-,FALSE
4,892.1656,624.9152,557527.8953,452,5360523,39339411,0.136263428041665,-/-,FALSE
5,892.1656,625.5978,558136.8519,501,5366378,39339411,0.136412260976658,-/-,FALSE
6,892.1656,640.9083,571796.3047,502,5497711,39339411,0.139750719704471,-/-,FALSE
7,892.1656,631.5523,563449.2831,490,5417456,39339411,0.137710653573334,-/-,FALSE
8,892.1656,593.0543,529102.6751,467,5087220,39339411,0.129316120162552,-/-,FALSE
9,892.1656,632.2907,564108.0587,497,5423790,39339411,0.137871662593016,-/-,FALSE
10,892.1656,610.0276,544245.6731,462,5232817,39339411,0.133017166932164,-/-,FALSE
11,892.1656,622.2755,555172.7777,456,5337879,39339411,0.13568782206729,-/-,FALSE
12,892.1656,622.5377,555406.6878,475,5340128,39339411,0.135744991199792,-/-,FALSE
13,892.1656,671.2165,598836.2656,516,5757695,39339411,0.146359461253754,-/-,FALSE
14,892.1656,650.1911,580078.1144,526,5577339,39339411,0.141774847620367,-/-,FALSE
15,892.1656,655.5588,584866.9781,515,5623383,39339411,0.142945276938691,-/-,FALSE
16,892.1656,619.7779,552944.5478,483,5316455,39339411,0.135143228250164,-/-,FALSE
17,892.1656,618.4509,551760.6447,472,5305072,39339411,0.134853874655114,-/-,FALSE
18,892.1656,660.379,589167.4286,511,5664731,39339411,0.143996334871409,-/-,FALSE
19,892.1656,617.5164,550926.9306,460,5297056,39339411,0.13465010953011,-/-,FALSE
20,892.1656,671.8118,599367.4255,508,5762802,39339411,0.146489280177581,-/-,FALSE
21,892.1656,674.3075,601593.9913,519,5784210,39339411,0.147033467277891,-/-,FALSE
22,892.1656,656.4892,585697.052,474,5631364,39339411,0.14314815237066,-/-,FALSE
23,892.1656,736.0549,656682.8777,603,6313879,39339411,0.160497547866184,-/-,FALSE
1,892.1656,541.184,482825.7182,412,4642276,39339411,0.11800573221597,-/-,FALSE
2,892.1656,536.7461,478866.4083,409,4604208,39339411,0.117038051230609,-/-,FALSE
3,892.1656,560.964,500472.7707,422,4811949,39339411,0.122318786115023,-/-,FALSE
4,892.1656,407.8884,363904.0359,333,3498867,39339411,0.0889405029475403,-/-,FALSE
5,892.1656,482.3907,430372.3502,348,4137947,39339411,0.105185789385611,-/-,FALSE
6,892.1656,480.8523,428999.8837,357,4124751,39339411,0.104850349691306,-/-,FALSE
7,892.1656,557.8336,497679.9949,437,4785097,39339411,0.121636213617942,-/-,FALSE
8,892.1656,496.0084,442521.6323,392,4254760,39339411,0.108155152602564,-/-,FALSE
9,892.1656,482.7793,430719.107,353,4141281,39339411,0.105270539002224,-/-,FALSE
10,892.1656,576.8019,514602.8518,434,4947807,39339411,0.125772269442468,-/-,FALSE
11,892.1656,570.9164,509351.9923,451,4897321,39339411,0.124488925367998,-/-,FALSE
12,892.1656,558.3512,498141.7826,426,4789537,39339411,0.121749077534486,-/-,FALSE
13,892.1656,644.7595,575232.2552,488,5530747,39339411,0.140590488251082,-/-,FALSE
14,892.1656,697.2905,622098.6155,535,5981358,39339411,0.152044930210063,-/-,FALSE
15,892.1656,668.8846,596755.8286,513,5737692,39339411,0.145850988973882,-/-,FALSE
16,892.1656,656.2315,585467.1982,496,5629154,39339411,0.143091974610398,-/-,FALSE
17,892.1656,576.3814,514227.7013,434,4944200,39339411,0.125680580220177,-/-,FALSE
18,892.1656,715.966,638760.2087,564,6141556,39339411,0.156117131494419,-/-,FALSE
19,892.1656,525.4581,468795.6911,374,4507380,39339411,0.11457670273711,-/-,FALSE
20,892.1656,497.6304,443968.7752,349,4268674,39339411,0.108508843714005,-/-,FALSE
21,892.1656,521.4374,465208.5156,363,4472890,39339411,0.113699973799811,-/-,FALSE
22,892.1656,479.915,428163.6734,363,4116711,39339411,0.104645974491077,-/-,FALSE
23,892.1656,512.5802,457306.4327,370,4396913,39339411,0.111768653577452,-/-,FALSE
24,892.1656,456.7995,407540.7942,346,3918426,39339411,0.099605609245141,-/-,FALSE
25,892.1656,562.1195,501503.6806,404,4821861,39339411,0.122570747182768,-/-,TRUE
26,892.1656,498.3788,444636.3913,370,4275093,39339411,0.108672013416774,-/-,TRUE
27,892.1656,508.9309,454050.6211,372,4365609,39339411,0.110972912126214,-/-,TRUE
28,892.1656,582.3466,519549.5971,435,4995369,39339411,0.126981286018746,-/-,TRUE
29,892.1656,503.1474,448890.767,357,4315998,39339411,0.109711810377639,-/-,TRUE
30,892.1656,575.0778,513064.5994,441,4933017,39339411,0.125396310585331,-/-,TRUE
31,892.1656,564.1919,503352.5997,567,4839638,39339411,0.123022634985562,-/-,TRUE
32,892.1656,607.4055,541906.2605,527,5210324,39339411,0.132445399347743,-/-,TRUE
33,892.1656,527.3884,470517.8266,452,4523938,39339411,0.114997603802457,-/-,TRUE
34,892.1656,607.0751,541611.5068,516,5207490,39339411,0.132373359631643,-/-,TRUE
1,892.1656,401.8005,358472.6215,336,3446645,39339411,0.0876130300984933,-/-,TRUE
2,892.1656,467.0469,416683.1516,351,4006328,39339411,0.101840060594705,-/-,TRUE
3,892.1656,539.4452,481274.465,406,4627361,39339411,0.117626595883706,-/-,TRUE
4,892.1656,484.3115,432086.0612,347,4154424,39339411,0.105604631447075,-/-,TRUE
5,892.1656,461.463,411701.4602,343,3958430,39339411,0.100622502965283,-/-,TRUE
6,892.1656,552.3869,492820.6148,397,4738375,39339411,0.120448549674524,-/-,TRUE
7,892.1656,545.5801,486747.7939,395,4679986,39339411,0.118964312912565,-/-,TRUE
8,892.1656,455.7558,406609.6262,358,3909473,39339411,0.099378025766578,-/-,TRUE
9,892.1656,487.248,434705.8746,371,4179613,39339411,0.106244930815055,-/-,TRUE
10,892.1656,521.729,465468.6352,400,4475391,39339411,0.113763548722171,-/-,TRUE
11,892.1656,572.2775,510566.2652,447,4908996,39339411,0.124785701544947,-/-,TRUE
12,892.1656,556.609,496587.4092,438,4774592,39339411,0.12136917860819,-/-,TRUE
13,892.1656,638.8588,569967.8748,504,5480131,39339411,0.139303839602479,-/-,TRUE
14,892.1656,679.767,606464.708,530,5831041,39339411,0.14822390197962,-/-,TRUE
15,892.1656,581.6834,518957.9055,430,4989680,39339411,0.126836672770723,-/-,TRUE
16,892.1656,578.3796,516010.3684,434,4961340,39339411,0.126116275609719,-/-,TRUE
17,892.1656,649.2062,579199.4696,490,5568891,39339411,0.141560101141321,-/-,TRUE
18,892.1656,622.5277,555397.8473,480,5340043,39339411,0.135742830516705,-/-,TRUE
19,892.1656,568.6156,507299.3249,404,4877585,39339411,0.123987240174999,-/-,TRUE
20,892.1656,480.0375,428272.984,339,4117762,39339411,0.104672690701953,-/-,TRUE
21,892.1656,400.9262,357692.5747,391,3439145,39339411,0.0874223815908174,-/-,TRUE
22,892.1656,419.3664,374144.2833,394,3597325,39339411,0.0914432857167079,-/-,TRUE
23,892.1656,329.6327,294086.9284,259,2827589,39339411,0.0718767497561161,-/-,TRUE
24,892.1656,307.0794,273965.6713,266,2634127,39339411,0.066958984210516,-/-,TRUE
1,892.1656,537.1997,479271.0966,402,4608099,39339411,0.117136959676392,-/-,TRUE
2,892.1656,643.3697,573992.2927,489,5518825,39339411,0.140287433383281,-/-,TRUE
3,892.1656,662.973,591481.6716,497,5686982,39339411,0.144561950863982,-/-,TRUE
4,892.1656,535.1772,477466.6922,459,4590750,39339411,0.116695951548436,-/-,TRUE
5,892.1656,550.0945,490775.4359,420,4718711,39339411,0.119948694707198,-/-,TRUE
6,892.1656,699.7252,624270.786,564,6002243,39339411,0.152575822754438,-/-,TRUE
7,892.1656,530.1018,472938.5721,349,4547213,39339411,0.115589249671277,-/-,TRUE
8,892.1656,490.1105,437259.7481,348,4204168,39339411,0.106869114029186,-/-,TRUE
9,892.1656,453.5993,404685.7186,344,3890975,39339411,0.098907810287246,-/-,TRUE
10,892.1656,659.1991,588114.7813,521,5654610,39339411,0.143739061065251,-/-,TRUE
11,892.1656,494.9871,441610.4335,352,4245999,39339411,0.107932449725798,-/-,TRUE
12,892.1656,528.4537,471468.2357,390,4533076,39339411,0.115229889944209,-/-,TRUE
13,892.1656,537.2618,479326.5319,403,4608632,39339411,0.117150508430337,-/-,TRUE
14,892.1656,564.8364,503927.6503,432,4845167,39339411,0.123163181065421,-/-,TRUE
15,892.1656,599.9162,535224.587,451,5146081,39339411,0.130812355070593,-/-,TRUE
16,892.1656,493.9064,440646.2956,372,4236729,39339411,0.10769680817031,-/-,TRUE
17,892.1656,567.3762,506193.5305,410,4866953,39339411,0.123716976850518,-/-,TRUE
18,892.1656,567.2935,506119.79,406,4866244,39339411,0.123698954211592,-/-,TRUE
19,892.1656,479.0293,427373.434,342,4109113,39339411,0.104452834842901,-/-,TRUE
11,892.1656,586.2578,523039.0067,454,5028919,39339411,0.127834120343083,-/-,TRUE
12,892.1656,558.5759,498342.2027,476,4791464,39339411,0.121798061491058,-/-,TRUE
13,892.1656,512.6343,457354.6916,450,4397377,39339411,0.111780448365127,-/-,TRUE
14,892.1656,471.772,420898.7329,306,4046860,39339411,0.102870375969788,-/-,TRUE
15,892.1656,534.2783,476664.7,395,4583039,39339411,0.116499939462744,-/-,TRUE
16,892.1656,520.8686,464701.0691,391,4468011,39339411,0.113575950590618,-/-,TRUE
17,892.1656,491.2167,438246.6634,351,4213657,39339411,0.107110322521097,-/-,TRUE
1,892.1656,467.4843,417073.383,300,4010080,39339411,0.101935435688145,-/-,TRUE
2,892.1656,518.0148,462154.9961,491,4443531,39339411,0.112953673861563,-/-,TRUE
3,892.1656,537.5388,479573.6508,382,4611008,39339411,0.117210905877569,-/-,TRUE
4,892.1656,543.1352,484566.5748,402,4659014,39339411,0.118431208845501,-/-,TRUE
5,892.1656,478.113,426555.9448,301,4101253,39339411,0.104253035206857,-/-,TRUE
6,892.1656,497.5669,443912.0918,312,4268129,39339411,0.108494989922447,-/-,TRUE
7,892.1656,443.076,395297.1784,349,3800706,39339411,0.0966131902686596,-/-,TRUE
8,892.1656,473.7361,422651.0302,300,4063708,39339411,0.103298648777431,-/-,TRUE
9,892.1656,506.4572,451843.7124,336,4344390,39339411,0.110433529368297,-/-,TRUE
10,892.1656,578.9326,516503.774,420,4966084,39339411,0.126236867145774,-/-,TRUE
11,892.1656,522.5511,466202.0873,368,4482443,39339411,0.113942809158988,-/-,TRUE
12,892.1656,539.4826,481307.851,402,4627682,39339411,0.117634755639834,-/-,TRUE
13,892.1656,517.684,461859.8263,402,4440693,39339411,0.112881532466259,-/-,TRUE
14,892.1656,470.1155,419420.9081,316,4032651,39339411,0.102509186017045,-/-,TRUE
15,892.1656,576.4127,514255.5749,416,4944468,39339411,0.125687392726851,-/-,TRUE
16,892.1656,492.2948,439208.5132,311,4222905,39339411,0.107345404840962,-/-,TRUE
17,892.1656,469.4398,418818.0878,406,4026855,39339411,0.102361852850313,-/-,TRUE
18,892.1656,508.0079,453227.2036,325,4357692,39339411,0.110771663561511,-/-,TRUE
19,892.1656,549.8218,490532.0613,361,4716371,39339411,0.119889212372803,-/-,TRUE
20,892.1656,483.3876,431261.8116,309,4146499,39339411,0.105403179523964,-/-,TRUE
21,892.1656,470.0318,419346.2316,319,4031933,39339411,0.102490934599911,-/-,TRUE
22,892.1656,514.3683,458901.6806,388,4412251,39339411,0.11215854248555,-/-,TRUE
23,892.1656,529.7968,472666.4917,365,4544597,39339411,0.1155227514718,-/-,TRUE
24,892.1656,554.9896,495142.6584,410,4760701,39339411,0.121016072152173,-/-,TRUE
25,892.1656,501.8223,447708.632,345,4304632,39339411,0.109422888919206,-/-,TRUE
26,892.1656,587.1967,523876.6731,525,5036973,39339411,0.128038851420526,-/-,TRUE
1,892.1656,592.5311,528635.8951,462,5082732,39339411,0.129202036095558,-/-,TRUE
2,892.1656,592.7657,528845.1556,461,5084744,39339411,0.129253180735217,-/-,TRUE
3,892.1656,580.7969,518167.042,449,4982076,39339411,0.126643380603741,-/-,TRUE
4,892.1656,550.6918,491308.26,352,4723834,39339411,0.120078920347842,-/-,TRUE
5,892.1656,591.0324,527298.7907,445,5069876,39339411,0.128875239133601,-/-,TRUE
6,892.1656,510.2032,455185.7453,357,4376523,39339411,0.111250343834584,-/-,TRUE
7,892.1656,542.1024,483645.0795,389,4650154,39339411,0.118205989408433,-/-,TRUE
8,892.1656,437.7428,390539.1005,325,3754958,39339411,0.0954502852114385,-/-,TRUE
9,892.1656,686.6426,612598.8926,553,5890020,39339411,0.149723136424183,-/-,TRUE
10,892.1656,657.1624,586297.6881,518,5637139,39339411,0.14329495172157,-/-,TRUE
11,892.1656,709.7959,633255.4699,573,6088629,39339411,0.154771737685651,-/-,TRUE
12,892.1656,648.7202,578765.8675,501,5564722,39339411,0.141454125990854,-/-,TRUE
13,892.1656,609.45,543730.3221,455,5227862,39339411,0.132891211818093,-/-,TRUE
14,892.1656,666.5203,594646.4778,526,5717411,39339411,0.145335449989325,-/-,TRUE
15,892.1656,523.3567,466920.8745,401,4489354,39339411,0.114118485403861,-/-,TRUE
16,892.1656,611.3075,545387.5577,469,5243796,39339411,0.1332962509276,-/-,TRUE
17,892.1656,544.0858,485414.6418,424,4667168,39339411,0.118638481903046,-/-,TRUE
18,892.1656,534.9632,477275.7367,416,4588914,39339411,0.116649280793757,-/-,TRUE
19,892.1656,636.5766,567931.7445,496,5460554,39339411,0.138806196157843,-/-,TRUE
20,892.1656,560.6879,500226.4839,418,4809581,39339411,0.1222585920262,-/-,TRUE
21,892.1656,650.6364,580475.4182,483,5581159,39339411,0.141871951260277,-/-,TRUE
22,892.1656,670.0699,597813.3641,540,5747860,39339411,0.146109457510688,-/-,TRUE
23,892.1656,499.0536,445238.4835,346,4280882,39339411,0.108819168644899,-/-,TRUE
1,892.1656,553.5675,493873.8861,410,4748502,39339411,0.120705975999488,-/-,TRUE
2,892.1656,578.1013,515762.1055,446,4958953,39339411,0.126055598544676,-/-,TRUE
3,892.1656,598.9007,534318.5886,456,5137370,39339411,0.130590923183878,-/-,TRUE
4,892.1656,619.083,552324.5666,490,5310494,39339411,0.134991700816263,-/-,TRUE
5,892.1656,515.9826,460341.9591,351,4426099,39339411,0.112510555890122,-/-,TRUE
6,892.1656,497.2846,443660.1887,344,4265707,39339411,0.108433423164368,-/-,TRUE
7,892.1656,603.431,538360.3754,472,5176231,39339411,0.13157876207145,-/-,TRUE
8,892.1656,600.3831,535641.132,499,5150086,39339411,0.130914161373692,-/-,TRUE
9,892.1656,505.3453,450851.7008,326,4334852,39339411,0.110191075306135,-/-,TRUE
10,892.1656,463.2672,413311.0609,296,3973906,39339411,0.101015899805922,-/-,TRUE
11,892.1656,591.8037,527986.8961,483,5076492,39339411,0.129043416537172,-/-,TRUE
12,892.1656,612.6995,546629.3924,470,5255736,39339411,0.13359976335182,-/-,TRUE
13,892.1656,534.4999,476862.4159,416,4584940,39339411,0.116548262504489,-/-,TRUE
14,892.1656,491.1878,438220.8698,331,4213409,39339411,0.107104018410443,-/-,TRUE
15,892.1656,442.083,394411.2532,298,3792188,39339411,0.0963966644035418,-/-,TRUE
16,892.1656,654.4782,583902.9442,516,5614114,39339411,0.142709660803005,-/-,TRUE
17,892.1656,652.7854,582392.6695,528,5599593,39339411,0.142340539872343,-/-,TRUE
18,892.1656,576.1844,514051.9307,460,4942510,39339411,0.125637620756447,-/-,TRUE
1,892.1656,598.9176,534333.6695,468,5137515,39339411,0.130594609055026,-/-,TRUE
2,892.1656,624.682,557319.7788,488,5358522,39339411,0.136212563019817,-/-,TRUE
3,892.1656,687.4865,613351.7939,579,5897259,39339411,0.149907150363792,-/-,TRUE
4,892.1656,556.5584,496542.2705,424,4774158,39339411,0.121358146414546,-/-,TRUE
5,892.1656,555.23,495357.1193,432,4762763,39339411,0.121068487781884,-/-,TRUE
6,892.1656,616.7794,550269.4031,500,5290734,39339411,0.134489405548039,-/-,TRUE
7,892.1656,635.1343,566644.9791,502,5448182,39339411,0.138491702379581,-/-,TRUE
8,892.1656,622.1957,555101.6375,477,5337195,39339411,0.13567043492339,-/-,TRUE
9,892.1656,619.4348,552638.4575,466,5313512,39339411,0.135068417775752,-/-,TRUE
10,892.1656,623.0254,555841.85,526,5344312,39339411,0.135851347647274,-/-,TRUE
11,892.1656,599.5441,534892.5991,455,5142889,39339411,0.130731215065726,-/-,TRUE
1,892.1656,585.6028,522454.6996,523,5023301,39339411,0.127691311900933,-/-,TRUE
2,892.1656,400.2917,357126.4686,353,3433702,39339411,0.0872840216138467,-/-,TRUE
3,892.1656,593.2619,529287.9103,463,5089001,39339411,0.129361392828174,-/-,TRUE
4,892.1656,479.0886,427426.3731,381,4109622,39339411,0.104465773521622,-/-,TRUE
5,892.1656,550.822,491424.4349,417,4724951,39339411,0.120107314265585,-/-,TRUE
6,892.1656,471.9158,421027.0766,318,4048094,39339411,0.102901744004251,-/-,TRUE
7,892.1656,531.1956,473914.4627,423,4556596,39339411,0.115827763664281,-/-,TRUE
8,892.1656,522.4468,466109.1057,445,4481549,39339411,0.113920083856873,-/-,TRUE
9,892.1656,653.7453,583249.0569,483,5607827,39339411,0.14254984651397,-/-,TRUE
10,892.1656,596.0801,531802.1573,455,5113175,39339411,0.129975891098115,-/-,TRUE
11,892.1656,475.2207,423975.5498,337,4076443,39339411,0.103622369943465,-/-,TRUE
12,892.1656,553.9304,494197.6576,421,4751615,39339411,0.120785107840074,-/-,TRUE
13,892.1656,452.0634,403315.4363,350,3877800,39339411,0.098572904408762,-/-,TRUE
14,892.1656,535.8292,478048.3991,384,4596343,39339411,0.11683812449556,-/-,TRUE
15,892.1656,543.2695,484686.39,456,4660166,39339411,0.11846049245628,-/-,TRUE
16,892.1656,448.8995,400492.7066,300,3850660,39339411,0.0978830110089854,-/-,TRUE
17,892.1656,504.5106,450107.0161,371,4327692,39339411,0.110009069530807,-/-,TRUE
18,892.1656,520.934,464759.4166,363,4468572,39339411,0.113590211098992,-/-,TRUE
19,892.1656,433.8371,387054.5791,374,3721455,39339411,0.0945986456177496,-/-,TRUE
20,892.1656,516.9606,461214.4676,399,4434488,39339411,0.112723802600908,-/-,TRUE
21,892.1656,440.0984,392640.6508,348,3775164,39339411,0.0959639177109185,-/-,TRUE
22,892.1656,538.4454,480382.5074,375,4618785,39339411,0.117408595670128,-/-,TRUE
1,892.1656,400.5511,357357.8825,355,3435927,39339411,0.0873405806711239,-/-,TRUE
2,892.1656,466.3862,416093.7481,334,4000661,39339411,0.101696006582305,-/-,TRUE
3,892.1656,396.6188,353849.6477,296,3402196,39339411,0.0864831453628017,-/-,TRUE
4,892.1656,543.3474,484755.8662,417,4660834,39339411,0.118477472883364,-/-,TRUE
5,892.1656,490.3067,437434.7906,434,4205851,39339411,0.106911895554308,-/-,TRUE
6,892.1656,478.4255,426834.7856,416,4103934,39339411,0.1043211856934,-/-,TRUE
7,892.1656,469.0178,418441.5852,487,4023235,39339411,0.102269833170608,-/-,TRUE
8,892.1656,561.0125,500516.0373,468,4812365,39339411,0.122329360752249,-/-,TRUE
9,892.1656,425.5015,379617.8202,341,3649952,39339411,0.0927810535851693,-/-,TRUE
10,892.1656,482.0808,430095.9016,329,4135289,39339411,0.105118223554491,-/-,TRUE
11,892.1656,479.2988,427613.8964,437,4111425,39339411,0.104511605422867,-/-,TRUE
12,892.1656,566.2945,505228.4565,548,4857674,39339411,0.123481106516821,-/-,TRUE
13,892.1656,407.8014,363826.3433,323,3498120,39339411,0.0889215143561758,-/-,TRUE
14,892.1656,564.3327,503478.2393,423,4840846,39339411,0.123053342105198,-/-,TRUE
15,892.1656,550.7174,491331.1413,463,4724054,39339411,0.120084512704067,-/-,TRUE
16,892.1656,464.534,414441.2968,374,3984773,39339411,0.101292136783644,-/-,TRUE
17,892.1656,432.2913,385675.4562,280,3708195,39339411,0.0942615790561785,-/-,TRUE
18,892.1656,520.2291,464130.4908,397,4462525,39339411,0.113436497562203,-/-,TRUE
19,892.1656,391.7808,349533.3884,279,3360696,39339411,0.0854282236203282,-/-,TRUE
20,892.1656,435.972,388959.2456,388,3739768,39339411,0.0950641584338922,-/-,TRUE
21,892.1656,418.274,373169.6407,370,3587954,39339411,0.0912050767613171,-/-,TRUE
22,892.1656,530.28,473097.5976,363,4548742,39339411,0.115628116547042,-/-,TRUE
1,892.1656,515.1117,459564.9284,352,4418628,39339411,0.112320644556676,-/-,TRUE
2,892.1656,547.4847,488447.048,397,4696324,39339411,0.119379621621686,-/-,TRUE
3,892.1656,524.9712,468361.257,318,4503203,39339411,0.114470524228235,-/-,TRUE
4,892.1656,555.7208,495794.9856,396,4766973,39339411,0.121175505144192,-/-,TRUE
5,892.1656,616.9823,550450.374,458,5292474,39339411,0.13453363600182,-/-,TRUE
6,892.1656,581.6547,518932.32,421,4989434,39339411,0.126830419499672,-/-,TRUE
7,892.1656,630.4759,562488.8894,508,5408222,39339411,0.137475927130683,-/-,TRUE
8,892.1656,537.7091,479725.6039,398,4612469,39339411,0.117248044206864,-/-,TRUE
9,892.1656,623.5097,556273.8919,490,5348466,39339411,0.135956941500726,-/-,TRUE
10,892.1656,615.6183,549233.5008,435,5280774,39339411,0.134236224329846,-/-,TRUE
11,892.1656,521.8939,465615.804,316,4476806,39339411,0.113799517740619,-/-,TRUE
12,892.1656,536.1765,478358.2338,334,4599322,39339411,0.116913850082809,-/-,TRUE
1,892.1656,590.6463,526954.322,416,5066564,39339411,0.128791048752611,-/-,TRUE
2,892.1656,445.6082,397556.2982,286,3822427,39339411,0.0971653337666901,-/-,TRUE
3,892.1656,579.8438,517316.6869,418,4973900,39339411,0.126435548310573,-/-,TRUE
4,892.1656,549.677,490402.8856,385,4715129,39339411,0.119857640979932,-/-,TRUE
5,892.1656,559.6653,499314.1411,409,4800809,39339411,0.122035609531622,-/-,TRUE
6,892.1656,623.2223,556017.5165,492,5346001,39339411,0.135894281691203,-/-,TRUE
7,892.1656,566.5966,505498.0407,405,4860266,39339411,0.123546994641074,-/-,TRUE
8,892.1656,505.0281,450568.6998,335,4332131,39339411,0.11012190802755,-/-,TRUE
9,892.1656,483.1709,431068.464,455,4144640,39339411,0.105355924113861,-/-,TRUE
1,892.1656,566.7814,505662.8906,426,4861851,39339411,0.123587285025696,-/-,TRUE
2,892.1656,542.1191,483660.0564,433,4650298,39339411,0.118209649859781,-/-,TRUE
3,892.1656,482.7905,430729.0916,342,4141377,39339411,0.105272979303122,-/-,TRUE
4,892.1656,519.2987,463300.4169,389,4454544,39339411,0.113233622130235,-/-,TRUE
5,892.1656,558.9952,498716.3131,487,4795061,39339411,0.121889496515339,-/-,TRUE
6,892.1656,580.545,517942.2845,528,4979915,39339411,0.126588448413729,-/-,TRUE
7,892.1656,535.5132,477766.4382,552,4593632,39339411,0.116769211414985,-/-,TRUE
8,892.1656,440.3599,392873.9368,307,3777407,39339411,0.0960209343246141,-/-,TRUE
9,892.1656,508.7221,453864.3459,338,4363818,39339411,0.110927385262581,-/-,TRUE
1,892.1656,379.0152,338144.288,269,3251192,39339411,0.0826446537290556,-/-,TRUE
2,892.1656,531.2685,473979.4666,430,4557221,39339411,0.11584365103992,-/-,TRUE
3,892.1656,516.7287,461007.5991,429,4432499,39339411,0.112673242616673,-/-,TRUE
4,892.1656,423.5113,377842.2255,317,3632880,39339411,0.0923470867420969,-/-,TRUE
5,892.1656,479.8305,428088.2689,384,4115986,39339411,0.104627545135335,-/-,TRUE
6,892.1656,581.5737,518860.0356,477,4988739,39339411,0.12681275273796,-/-,TRUE
7,892.1656,551.8339,492327.2092,418,4733631,39339411,0.120327958138468,-/-,TRUE
1,892.1656,382.1222,340916.2625,294,3277844,39339411,0.0833221422659327,-/-,MOCK
2,892.1656,360.2129,321369.5359,287,3089906,39339411,0.0785447957011863,-/-,MOCK
3,892.1656,400.7174,357506.2995,304,3437354,39339411,0.0873768547271844,-/-,MOCK
4,892.1656,392.8159,350456.8598,315,3369575,39339411,0.0856539260336155,-/-,MOCK
5,892.1656,413.5211,368929.3059,366,3547184,39339411,0.0901687114735907,-/-,MOCK
6,892.1656,438.4956,391210.6688,382,3761415,39339411,0.0956144208666469,-/-,MOCK
7,892.1656,359.5336,320763.4915,310,3084079,39339411,0.0783966745206226,-/-,MOCK
8,892.1656,414.2962,369620.8435,323,3553833,39339411,0.0903377277305957,-/-,MOCK
9,892.1656,405.6524,361909.092,296,3479686,39339411,0.0884529257441094,-/-,MOCK
10,892.1656,419.6654,374411.0593,362,3599890,39339411,0.091508487506333,-/-,MOCK
11,892.1656,344.9062,307713.4113,297,2958605,39339411,0.0752071504070053,-/-,MOCK
12,892.1656,383.6089,342242.6542,321,3290597,39339411,0.0836463209883849,-/-,MOCK
13,892.1656,435.0816,388164.8458,377,3732130,39339411,0.094870001993675,-/-,MOCK
14,892.1656,525.3366,468687.2126,440,4506337,39339411,0.114550189884643,-/-,MOCK
15,892.1656,355.3931,317069.5015,304,3048562,39339411,0.0774938394476725,-/-,MOCK
16,892.1656,462.1399,412305.3205,365,3964236,39339411,0.100770090330026,-/-,MOCK
17,892.1656,416.8763,371922.7098,320,3575965,39339411,0.0909003187668468,-/-,MOCK
18,892.1656,419.8748,374597.8545,313,3601686,39339411,0.0915541414689712,-/-,MOCK
19,892.1656,383.7034,342327.0033,311,3291408,39339411,0.0836669364470149,-/-,MOCK
20,892.1656,589.069,525547.1175,499,5053034,39339411,0.128447118844764,-/-,MOCK
21,892.1656,511.358,456216.0312,387,4386429,39339411,0.111502152383522,-/-,MOCK
22,892.1656,384.7737,343281.8847,300,3300589,39339411,0.0839003156402113,-/-,MOCK
23,892.1656,490.6001,437696.5743,419,4208368,39339411,0.106975877193484,-/-,MOCK
24,892.1656,454.0647,405100.9115,361,3894967,39339411,0.0990092861329317,-/-,MOCK
25,892.1656,428.1922,382018.3885,351,3673033,39339411,0.0933677680125918,-/-,MOCK
26,892.1656,561.0049,500509.2769,502,4812300,39339411,0.122327708465183,-/-,MOCK
27,892.1656,401.7304,358410.0098,296,3446043,39339411,0.0875977273782772,-/-,MOCK
28,892.1656,355.5405,317200.9654,286,3049826,39339411,0.0775259700761661,-/-,MOCK
29,892.1656,471.6423,420783.0779,403,4045748,39339411,0.10284210915105,-/-,MOCK
30,892.1656,427.5228,381421.1846,377,3667291,39339411,0.0932218075151151,-/-,MOCK
1,892.1656,321.9311,287215.8595,280,2761525,39339411,0.0701974160213024,-/-,MOCK
2,892.1656,378.7379,337896.9611,290,3248814,39339411,0.0825842054422218,-/-,MOCK
3,892.1656,502.2454,448086.0706,427,4308261,39339411,0.10951513737712,-/-,MOCK
4,892.1656,371.1856,331159.0202,325,3184030,39339411,0.0809374090527182,-/-,MOCK
5,892.1656,449.5246,401050.3881,384,3856022,39339411,0.0980193119820731,-/-,MOCK
6,892.1656,595.8525,531599.1371,478,5111223,39339411,0.129926271646518,-/-,MOCK
7,892.1656,634.0357,565664.8242,533,5438758,39339411,0.138252146174736,-/-,MOCK
8,892.1656,578.0827,515745.4645,496,4958793,39339411,0.126051531376512,-/-,MOCK
9,892.1656,587.0279,523726.072,539,5035525,39339411,0.128002043548644,-/-,MOCK
10,892.1656,409.4345,365283.3668,343,3512129,39339411,0.0892776203487134,-/-,MOCK
11,892.1656,448.5009,400137.1093,409,3847241,39339411,0.0977961007092862,-/-,MOCK
12,892.1656,485.9291,433529.2519,396,4168300,39339411,0.105957356606076,-/-,MOCK
13,892.1656,397.3493,354501.3509,306,3408462,39339411,0.0866424258360147,-/-,MOCK
14,892.1656,422.6471,377071.2272,332,3625467,39339411,0.09215864975711,-/-,MOCK
15,892.1656,521.8371,465565.153,484,4476319,39339411,0.113787138297521,-/-,MOCK
16,892.1656,420.261,374942.4272,339,3604999,39339411,0.0916383572697619,-/-,MOCK
17,892.1656,393.364,350945.7932,299,3374276,39339411,0.0857734245182268,-/-,MOCK
18,892.1656,397.6903,354805.5692,343,3411387,39339411,0.0867167787540083,-/-,MOCK
19,892.1656,484.002,431809.9246,366,4151769,39339411,0.105537141875358,-/-,MOCK
20,892.1656,333.5315,297565.3135,276,2861033,39339411,0.0727268895815446,-/-,MOCK
21,892.1656,476.3715,425002.2995,375,4086315,39339411,0.103873314219168,-/-,MOCK
22,892.1656,399.719,356615.5899,345,3428790,39339411,0.0871591595512195,-/-,MOCK
23,892.1656,415.1819,370410.9789,336,3561430,39339411,0.0905308419589709,-/-,MOCK
24,892.1656,590.4377,526768.2548,516,5064775,39339411,0.12874557272858,-/-,MOCK
1,892.1656,367.7724,328113.9252,298,3154752,39339411,0.0801931681183534,-/-,MOCK
2,892.1656,356.3585,317930.7773,276,3056843,39339411,0.0777043408199477,-/-,MOCK
3,892.1656,495.496,442064.5248,418,4250365,39339411,0.108043432577066,-/-,MOCK
4,892.1656,508.7967,453930.9099,439,4364458,39339411,0.110943653935236,-/-,MOCK
5,892.1656,373.8697,333553.6601,309,3207054,39339411,0.0815226745514822,-/-,MOCK
6,892.1656,353.8944,315732.3972,281,3035706,39339411,0.0771670424857149,-/-,MOCK
7,892.1656,495.7877,442324.7484,395,4252867,39339411,0.108107032919227,-/-,MOCK
8,892.1656,556.2976,496309.6085,548,4771921,39339411,0.121301282319657,-/-,MOCK
9,892.1656,464.1648,414111.909,420,3981606,39339411,0.101211632273803,-/-,MOCK
10,892.1656,439.1713,391813.4891,377,3767211,39339411,0.0957617540333789,-/-,MOCK
11,892.1656,363.6388,324426.0716,298,3119294,39339411,0.0792918328136636,-/-,MOCK
12,892.1656,441.2111,393633.3904,431,3784709,39339411,0.0962065497116874,-/-,MOCK
13,892.1656,351.8478,313906.4634,281,3018150,39339411,0.0767207724589471,-/-,MOCK
14,892.1656,573.7204,511853.6546,565,4921374,39339411,0.125100347842015,-/-,MOCK
15,892.1656,421.6478,376179.6856,293,3616895,39339411,0.0919407512227369,-/-,MOCK
16,892.1656,391.8868,349627.93,300,3361605,39339411,0.0854513302194586,-/-,MOCK
17,892.1656,443.0091,395237.4788,361,3800132,39339411,0.0965985993028721,-/-,MOCK
18,892.1656,433.5384,386788.0111,355,3718892,39339411,0.0945334946677265,-/-,MOCK
19,892.1656,396.5059,353748.9697,311,3401228,39339411,0.086458538995411,-/-,MOCK
20,892.1656,478.1235,426565.3054,404,4101343,39339411,0.104255322988949,-/-,MOCK
21,892.1656,478.0002,426455.3708,428,4100286,39339411,0.104228454259267,-/-,MOCK
22,892.1656,406.7864,362920.8648,284,3489414,39339411,0.0887002095684656,-/-,MOCK
23,892.1656,416.5185,371603.5146,332,3572896,39339411,0.0908223053975058,-/-,MOCK
24,892.1656,383.8651,342471.26,286,3292795,39339411,0.0837021937110345,-/-,MOCK
25,892.1656,370.529,330573.257,298,3178398,39339411,0.080794244733354,-/-,MOCK
1,892.1656,479.154,427484.7206,400,4110183,39339411,0.104480034029996,-/-,MOCK
2,892.1656,345.8474,308553.1577,299,2966679,39339411,0.0754123898804687,-/-,MOCK
3,892.1656,444.8187,396851.9678,358,3815655,39339411,0.0969931908741592,-/-,MOCK
4,892.1656,518.281,462392.4423,399,4445814,39339411,0.1130117072673,-/-,MOCK
5,892.1656,496.0779,442583.62,418,4255356,39339411,0.108170302803974,-/-,MOCK
6,892.1656,409.5997,365430.7437,370,3513546,39339411,0.0893136402067636,-/-,MOCK
7,892.1656,556.0681,496104.8202,463,4769952,39339411,0.121251230731441,-/-,MOCK
8,892.1656,501.4367,447364.5793,403,4301324,39339411,0.109338800217421,-/-,MOCK
9,892.1656,561.294,500767.2124,483,4814780,39339411,0.122390749571721,-/-,MOCK
10,892.1656,411.7239,367325.9456,305,3531768,39339411,0.0897768398210131,-/-,MOCK
11,892.1656,478.4204,426830.2093,396,4103890,39339411,0.104320067222155,-/-,MOCK
12,892.1656,504.209,449837.9519,403,4325105,39339411,0.109943308505559,-/-,MOCK
13,892.1656,450.7397,402134.4453,395,3866445,39339411,0.0982842625681406,-/-,MOCK
14,892.1656,496.8138,443240.2114,423,4261669,39339411,0.108330778007835,-/-,MOCK
15,892.1656,501.8269,447712.6882,406,4304671,39339411,0.109423880291446,-/-,MOCK
16,892.1656,569.1941,507815.4039,479,4882547,39339411,0.124113373227677,-/-,MOCK
17,892.1656,453.7383,404809.694,359,3892167,39339411,0.098938110690066,-/-,MOCK
18,892.1656,395.3007,352673.6491,335,3390889,39339411,0.0861957236726295,-/-,MOCK
19,892.1656,611.2255,545314.3373,492,5243092,39339411,0.13327835538768,-/-,MOCK
20,892.1656,487.8971,435284.9814,407,4185181,39339411,0.106386468267153,-/-,MOCK
21,892.1656,691.6963,617107.6676,611,5933371,39339411,0.150825110218351,-/-,MOCK
22,892.1656,513.2231,457880.0272,460,4402428,39339411,0.111908843780096,-/-,MOCK
23,892.1656,493.8662,440610.4134,410,4236384,39339411,0.107688038338957,-/-,MOCK
24,892.1656,584.5006,521471.3205,481,5013846,39339411,0.127450967682256,-/-,MOCK
25,892.1656,386.9993,345267.468,342,3319680,39339411,0.0843856050615501,-/-,MOCK
1,892.1656,382.9922,341692.4612,317,3285307,39339411,0.0835118502409708,-/-,MOCK
2,892.1656,527.9288,470999.8956,507,4528573,39339411,0.1151154245802,-/-,MOCK
3,892.1656,425.1723,379324.1066,377,3647128,39339411,0.0927092680670791,-/-,MOCK
4,892.1656,422.3219,376781.0497,373,3622677,39339411,0.0920877285122545,-/-,MOCK
5,892.1656,544.5715,485847.9318,444,4671334,39339411,0.11874438079411,-/-,MOCK
6,892.1656,479.785,428047.7065,434,4115596,39339411,0.104617631412936,-/-,MOCK
7,892.1656,513.069,457742.5309,395,4401106,39339411,0.111875238803143,-/-,MOCK
8,892.1656,541.9921,483546.6896,442,4649208,39339411,0.118181942276665,-/-,MOCK
9,892.1656,469.1317,418543.1993,445,4024212,39339411,0.102294668316208,-/-,MOCK
10,892.1656,560.0079,499619.8154,479,4803748,39339411,0.12211031832683,-/-,MOCK
11,892.1656,436.6176,389535.2322,365,3745306,39339411,0.0952049332919601,-/-,MOCK
12,892.1656,495.8306,442363.0227,434,4253235,39339411,0.108116387406004,-/-,MOCK
13,892.1656,598.0232,533535.7335,504,5129843,39339411,0.130399588341574,-/-,MOCK
14,892.1656,470.9977,420207.9234,435,4040218,39339411,0.10270153765139,-/-,MOCK
15,892.1656,486.3493,433904.0904,418,4171904,39339411,0.106048969568965,-/-,MOCK
16,892.1656,466.2889,416006.9029,390,3999826,39339411,0.10167478104845,-/-,MOCK
17,892.1656,778.2171,694298.5062,730,6675546,39339411,0.169691051042935,-/-,MOCK
18,892.1656,517.6956,461870.227,419,4440793,39339411,0.112884074446361,-/-,MOCK
19,892.1656,486.1166,433696.4939,439,4169908,39339411,0.105998231646122,-/-,MOCK
20,892.1656,417.6413,372605.1988,307,3582527,39339411,0.0910671235011627,-/-,MOCK
21,892.1656,383.2719,341941.9722,318,3287706,39339411,0.0835728323436261,-/-,MOCK
22,892.1656,551.0326,491612.3742,471,4726758,39339411,0.120153247846034,-/-,MOCK
23,892.1656,588.7344,525248.6195,470,5050164,39339411,0.128374164015826,-/-,MOCK
24,892.1656,512.2533,457014.7992,466,4394109,39339411,0.111697376455382,-/-,MOCK
25,892.1656,522.6777,466315.0381,419,4483529,39339411,0.1139704150629,-/-,MOCK
26,892.1656,571.7839,510125.9028,490,4904762,39339411,0.124678074107414,-/-,MOCK
27,892.1656,624.5386,557191.8511,507,5357292,39339411,0.136181296664559,-/-,MOCK
28,892.1656,586.8273,523547.1813,484,5033805,39339411,0.127958321490884,-/-,MOCK
29,892.1656,683.6288,609910.1231,633,5864168,39339411,0.149065983728124,-/-,MOCK
30,892.1656,524.3308,467789.9507,400,4497710,39339411,0.114330893261213,-/-,MOCK
31,892.1656,515.0815,459537.9908,424,4418369,39339411,0.112314060828211,-/-,MOCK
32,892.1656,501.6265,447533.9015,411,4302952,39339411,0.109380183653487,-/-,MOCK
33,892.1656,475.5104,424234.0053,390,4078928,39339411,0.103685538149008,-/-,MOCK
34,892.1656,539.5886,481402.3927,456,4628591,39339411,0.117657862238964,-/-,MOCK
1,892.1656,394.3627,351836.8148,323,3382843,39339411,0.0859911959535947,-/-,MOCK
2,892.1656,457.3819,408060.4094,421,3923422,39339411,0.0997326065710542,-/-,MOCK
3,892.1656,499.3236,445479.362,437,4283198,39339411,0.108878040904069,-/-,MOCK
4,892.1656,560.8069,500332.6743,460,4810602,39339411,0.122284545643045,-/-,MOCK
5,892.1656,479.5653,427851.6547,381,4113711,39339411,0.104569715088007,-/-,MOCK
6,892.1656,507.3369,452628.5436,408,4351936,39339411,0.11062534718682,-/-,MOCK
7,892.1656,494.222,440927.8405,426,4239436,39339411,0.107765619571681,-/-,MOCK
8,892.1656,412.8934,368369.3362,341,3541800,39339411,0.0900318512648804,-/-,MOCK
9,892.1656,444.5508,396612.9615,399,3813357,39339411,0.0969347761714073,-/-,MOCK
10,892.1656,630.8172,562793.4197,587,5411150,39339411,0.13755035630808,-/-,MOCK
11,892.1656,446.7717,398594.3846,357,3832408,39339411,0.0974190488007052,-/-,MOCK
12,892.1656,455.0422,405973.004,423,3903352,39339411,0.0992224311645134,-/-,MOCK
13,892.1656,502.132,447984.8726,429,4307288,39339411,0.109490403910725,-/-,MOCK
14,892.1656,501.0799,447046.2161,414,4298263,39339411,0.109260990206488,-/-,MOCK
15,892.1656,487.7982,435196.7841,403,4184333,39339411,0.106364912275885,-/-,MOCK
16,892.1656,603.4978,538419.971,485,5176804,39339411,0.131593327617437,-/-,MOCK
17,892.1656,760.4781,678472.3951,757,6523381,39339411,0.165823047020201,-/-,MOCK
18,892.1656,534.9988,477307.5626,479,4589220,39339411,0.11665705925287,-/-,MOCK
19,892.1656,520.2636,464161.2766,441,4462821,39339411,0.113444021823306,-/-,MOCK
20,892.1656,550.654,491274.5619,429,4723510,39339411,0.12007068433231,-/-,MOCK
21,892.1656,441.9915,394329.6083,403,3791403,39339411,0.0963767098597384,-/-,MOCK
22,892.1656,593.8876,529846.1118,465,5094368,39339411,0.129497820900267,-/-,MOCK
23,892.1656,413.9108,369276.9988,385,3550527,39339411,0.0902536898684121,-/-,MOCK
24,892.1656,533.5885,476049.295,459,4577122,39339411,0.116349530500088,-/-,MOCK
25,892.1656,467.1411,416767.1886,415,4007136,39339411,0.101860599793932,-/-,MOCK
26,892.1656,555.4007,495509.3844,475,4764227,39339411,0.121105702370582,-/-,MOCK
1,892.1656,420.3397,375012.6315,397,3605674,39339411,0.0916555156354527,-/-,MOCK
2,892.1656,477.2814,425814.0683,418,4094120,39339411,0.104071715766156,-/-,MOCK
3,892.1656,510.3578,455323.6576,458,4377849,39339411,0.111284050490741,-/-,MOCK
4,892.1656,422.03,376520.6181,404,3620173,39339411,0.0920240773304918,-/-,MOCK
5,892.1656,516.4253,460736.8709,442,4429896,39339411,0.112607074874609,-/-,MOCK
6,892.1656,469.9573,419279.7716,404,4031294,39339411,0.102474691347057,-/-,MOCK
7,892.1656,390.4076,348308.1947,331,3348916,39339411,0.0851287783642719,-/-,MOCK
8,892.1656,565.681,504681.1756,510,4852412,39339411,0.123347347523836,-/-,MOCK
9,892.1656,500.8709,446859.8369,422,4296471,39339411,0.109215437923054,-/-,MOCK
10,892.1656,496.2063,442698.2349,446,4256458,39339411,0.108198315424702,-/-,MOCK
11,892.1656,480.1223,428348.5966,404,4118489,39339411,0.104691170897297,-/-,MOCK
12,892.1656,499.7473,445857.3207,426,4286832,39339411,0.108970416460989,-/-,MOCK
13,892.1656,537.5591,479591.7479,514,4611182,39339411,0.117215328922947,-/-,MOCK
14,892.1656,564.547,503669.4028,465,4842684,39339411,0.123100063699479,-/-,MOCK
15,892.1656,433.8255,387044.1785,422,3721355,39339411,0.0945961036376472,-/-,MOCK
16,892.1656,529.2533,472181.6146,447,4539935,39339411,0.115404244359429,-/-,MOCK
17,892.1656,388.8904,346954.6574,301,3335902,39339411,0.0847979650737526,-/-,MOCK
18,892.1656,433.7145,386945.1645,340,3720403,39339411,0.0945719039870729,-/-,MOCK
19,892.1656,535.6596,477897.07,476,4594888,39339411,0.116801138685071,-/-,MOCK
20,892.1656,542.2014,483733.4848,431,4651004,39339411,0.118227596239303,-/-,MOCK
21,892.1656,468.8496,418291.5042,397,4021792,39339411,0.102233152397732,-/-,MOCK
22,892.1656,526.7685,469964.7214,469,4518620,39339411,0.114862421300614,-/-,MOCK
23,892.1656,472.5848,421623.8644,413,4053832,39339411,0.103047602822523,-/-,MOCK
24,892.1656,403.9198,360363.3512,345,3464824,39339411,0.0880751366612988,-/-,MOCK
25,892.1656,525.169,468537.7556,477,4504900,39339411,0.114513661630572,-/-,MOCK
26,892.1656,618.2144,551549.616,497,5303043,39339411,0.134802297878837,-/-,MOCK
27,892.1656,600.304,535570.6158,538,5149408,39339411,0.130896926748598,-/-,MOCK
28,892.1656,464.8065,414684.3594,411,3987110,39339411,0.101351542858636,-/-,MOCK
29,892.1656,455.2111,406123.709,338,3904801,39339411,0.0992592644561964,-/-,MOCK
1,892.1656,557.0059,496941.5505,404,4777997,39339411,0.121455733030675,-/-,MOCK
2,892.1656,533.3383,475826.0976,409,4574976,39339411,0.116294979607092,-/-,MOCK
3,892.1656,530.0564,472898.1137,401,4546824,39339411,0.115579361368679,-/-,MOCK
4,892.1656,522.5003,466156.8446,365,4482008,39339411,0.113931751545543,-/-,MOCK
5,892.1656,583.1927,520304.4744,420,5002627,39339411,0.127165782934574,-/-,MOCK
6,892.1656,541.1303,482777.8754,414,4641816,39339411,0.1179940391075,-/-,MOCK
7,892.1656,544.41,485703.8832,408,4669949,39339411,0.118709174369693,-/-,MOCK
8,892.1656,555.6043,495691.0833,407,4765974,39339411,0.12115011076297,-/-,MOCK
9,892.1656,583.2023,520313.0029,440,5002709,39339411,0.127167867358258,-/-,MOCK
10,892.1656,549.8218,490532.0613,387,4716371,39339411,0.119889212372803,-/-,MOCK
11,892.1656,634.4969,566076.273,459,5442714,39339411,0.138352706907584,-/-,MOCK
12,892.1656,591.4567,527677.3735,435,5073516,39339411,0.128967767209326,-/-,MOCK
13,892.1656,600.016,535313.6164,461,5146937,39339411,0.130834114420269,-/-,MOCK
14,892.1656,615.1095,548779.5136,454,5276409,39339411,0.134125266898378,-/-,MOCK
15,892.1656,583.8594,520899.2862,418,5008346,39339411,0.127311158776627,-/-,MOCK
16,892.1656,622.0811,554999.3993,472,5336212,39339411,0.135645447258984,-/-,MOCK
17,892.1656,585.5258,522385.9515,439,5022640,39339411,0.127674509412457,-/-,MOCK
18,892.1656,555.4015,495510.1125,380,4764234,39339411,0.121105880309189,-/-,MOCK
19,892.1656,571.5206,509891.0567,404,4902504,39339411,0.124620676196703,-/-,MOCK
20,892.1656,590.2273,526580.5236,428,5062970,39339411,0.128699689987733,-/-,MOCK
21,892.1656,584.0688,521086.0814,424,5010142,39339411,0.127356812739265,-/-,MOCK
22,892.1656,574.8811,512889.1408,413,4931330,39339411,0.125353427381005,-/-,MOCK
23,892.1656,608.4226,542813.7151,446,5219049,39339411,0.132667187111673,-/-,MOCK
24,892.1656,585.0555,521966.3903,412,5018606,39339411,0.127571965935128,-/-,MOCK
25,892.1656,560.4083,499976.9729,384,4807182,39339411,0.122197609923545,-/-,MOCK
26,892.1656,634.6214,566187.3516,480,5443782,39339411,0.138379855255077,-/-,MOCK
27,892.1656,638.3599,569522.7281,484,5475851,39339411,0.139195042854099,-/-,MOCK
28,892.1656,611.0976,545200.2425,453,5241995,39339411,0.133250469865957,-/-,MOCK
29,892.1656,637.1386,568433.1586,444,5465375,39339411,0.138928745018577,-/-,MOCK
30,892.1656,493.1127,439938.221,338,4229921,39339411,0.107523750164943,-/-,MOCK
31,892.1656,585.1967,522092.3419,408,5019817,39339411,0.127602749314167,-/-,MOCK
32,892.1656,629.6391,561742.3325,477,5401044,39339411,0.137293463798937,-/-,MOCK
33,892.1656,589.241,525700.5267,417,5054509,39339411,0.128484613051273,-/-,MOCK
1,892.1656,566.2488,505187.686,400,4857282,39339411,0.12347114195482,-/-,MOCK
2,892.1656,584.8195,521755.8816,410,5016582,39339411,0.127520516257857,-/-,MOCK
3,892.1656,577.301,515048.1026,413,4952088,39339411,0.12588109161065,-/-,MOCK
4,892.1656,564.6927,503799.4106,405,4843934,39339411,0.123131838450759,-/-,MOCK
5,892.1656,538.8134,480710.7511,403,4621941,39339411,0.117488820562158,-/-,MOCK
6,892.1656,599.4791,534834.6676,450,5142332,39339411,0.130717056236556,-/-,MOCK
7,892.1656,717.8957,640481.8242,643,6158109,39339411,0.15653790546076,-/-,MOCK
8,892.1656,568.8915,507545.4037,520,4879951,39339411,0.124047383424221,-/-,MOCK
9,892.1656,611.0057,545118.2855,463,5241207,39339411,0.133230439062751,-/-,MOCK
10,892.1656,496.6687,443110.7237,382,4260424,39339411,0.108299130355561,-/-,MOCK
11,892.1656,623.4528,556223.1369,495,5347978,39339411,0.135944536637826,-/-,MOCK
12,892.1656,601.0936,536275.0501,448,5156181,39339411,0.13106909506093,-/-,MOCK
13,892.1656,582.6722,519840.0865,416,4998162,39339411,0.127052283523004,-/-,MOCK
14,892.1656,604.4915,539306.5203,455,5185328,39339411,0.131810006001361,-/-,MOCK
15,892.1656,587.3038,523972.2548,404,5037892,39339411,0.128062212217666,-/-,MOCK
16,892.1656,609.6358,543896.1081,416,5229456,39339411,0.132931730980924,-/-,MOCK
17,892.1656,647.0957,577316.5404,463,5550787,39339411,0.141099901063592,-/-,MOCK
18,892.1656,569.8503,508400.8551,409,4888176,39339411,0.124256461287639,-/-,MOCK
19,892.1656,631.249,563178.6588,475,5414854,39339411,0.137644511251071,-/-,MOCK
20,892.1656,679.2582,606010.8247,615,5826677,39339411,0.148112969967954,-/-,MOCK
21,892.1656,642.9003,573573.5635,472,5514799,39339411,0.14018509326436,-/-,MOCK
22,892.1656,526.7574,469954.8408,370,4518525,39339411,0.114860006419517,-/-,MOCK
23,892.1656,634.7058,566262.6522,463,5444506,39339411,0.138398259191018,-/-,MOCK
24,892.1656,581.437,518738.1403,398,4987567,39339411,0.126782960731161,-/-,MOCK
25,892.1656,579.0086,516571.5861,395,4966736,39339411,0.126253440856041,-/-,MOCK
26,892.1656,564.0139,503193.7822,430,4838111,39339411,0.122983818949399,-/-,MOCK
1,892.1656,462.4931,412620.4594,405,3967266,39339411,0.100847112327127,-/-,MOCK
2,892.1656,453.7241,404797.0053,370,3892045,39339411,0.0989350094743412,-/-,MOCK
3,892.1656,475.1043,423871.7515,374,4075445,39339411,0.103597000982043,-/-,MOCK
4,892.1656,493.7519,440508.4873,407,4235404,39339411,0.107663126933954,-/-,MOCK
5,892.1656,326.9599,291702.3771,285,2804662,39339411,0.0712939499780513,-/-,MOCK
6,892.1656,549.7906,490504.2917,445,4716104,39339411,0.11988242528593,-/-,MOCK
7,892.1656,509.6725,454712.3088,442,4371971,39339411,0.111134632900325,-/-,MOCK
8,892.1656,497.6189,443958.4786,428,4268575,39339411,0.108506327153703,-/-,MOCK
9,892.1656,475.6093,424322.3066,370,4079777,39339411,0.103707119560077,-/-,MOCK
10,892.1656,559.4902,499157.9237,394,4799307,39339411,0.121997428990485,-/-,MOCK
11,892.1656,552.2786,492723.993,474,4737446,39339411,0.120424934679373,-/-,MOCK
12,892.1656,412.4044,367933.03,364,3537605,39339411,0.089925215199587,-/-,MOCK
13,892.1656,589.9981,526376.0473,496,5061004,39339411,0.128649714658921,-/-,MOCK
14,892.1656,538.1752,480141.4209,443,4616467,39339411,0.117349672571356,-/-,MOCK
15,892.1656,543.6571,485032.2108,473,4663491,39339411,0.118545013294683,-/-,MOCK
16,892.1656,548.0654,488965.1032,457,4701305,39339411,0.119506237650584,-/-,MOCK
17,892.1656,464.8073,414685.0875,387,3987117,39339411,0.101351720797243,-/-,MOCK
18,892.1656,615.3877,549027.7765,539,5278796,39339411,0.134185943963421,-/-,MOCK
19,892.1656,498.3481,444609.0377,401,4274830,39339411,0.108665328009105,-/-,MOCK
20,892.1656,591.121,527377.8355,474,5070636,39339411,0.128894558182379,-/-,MOCK
21,892.1656,470.5832,419838.1811,416,4036663,39339411,0.102611170258751,-/-,MOCK
22,892.1656,476.7736,425361.017,385,4089764,39339411,0.103960987112898,-/-,MOCK
23,892.1656,611.5554,545608.675,505,5245922,39339411,0.133350293424576,-/-,MOCK
24,892.1656,447.5097,399252.7441,379,3838738,39339411,0.0975799561411837,-/-,MOCK
25,892.1656,582.8116,519964.478,476,4999358,39339411,0.127082685605028,-/-,MOCK
26,892.1656,487.3071,434758.6058,407,4180120,39339411,0.106257818654174,-/-,MOCK
27,892.1656,587.0157,523715.2554,477,5035421,39339411,0.127999399889337,-/-,MOCK
28,892.1656,543.2244,484646.1396,440,4659779,39339411,0.118450654993284,-/-,MOCK
29,892.1656,587.2963,523965.5984,465,5037828,39339411,0.128060585350401,-/-,MOCK
30,892.1656,394.7209,352156.426,299,3385916,39339411,0.0860693110021398,-/-,MOCK
31,892.1656,432.0739,385481.4846,366,3706330,39339411,0.0942141711272698,-/-,MOCK
32,892.1656,554.9175,495078.2785,449,4760082,39339411,0.12100033729534,-/-,MOCK
33,892.1656,479.3315,427643.1222,415,4111706,39339411,0.104518748386955,-/-,MOCK
