sex,stimulus_01_name,stimulus_01_amplitude,stimulus_01_amplitude_unit,preference_index,decision_duration_index,id
female,Fructose,18.15,%,0.5605948379009743,0.5552223311609666,female_18.15
male,Fructose,18.15,%,0.7135608577469043,-1.0,male_18.15
female,Fructose,18.15,%,0.0084913112164296,-0.0454971369078604,female_18.15
male,Fructose,18.15,%,-0.2462613661982415,-0.9607472215653818,male_18.15
female,Fructose,18.15,%,0.212581220171353,0.1555774804217796,female_18.15
male,Fructose,18.15,%,0.0748308172826652,0.0564109370852137,male_18.15
female,Fructose,18.15,%,-0.7405729598672878,-0.7309066843150231,female_18.15
male,Fructose,18.15,%,0.2097664306817548,0.0784632386400572,male_18.15
female,Fructose,18.15,%,0.2704044630404463,-0.0729346131758142,female_18.15
male,Fructose,18.15,%,0.3213619402985074,0.2441558441558441,male_18.15
female,Fructose,18.15,%,-0.0403140382578353,0.014891934633632,female_18.15
male,Fructose,18.15,%,0.501536607411871,0.5851145038167939,male_18.15
female,Fructose,18.15,%,0.6541160593792174,0.6498873027798647,female_18.15
male,Fructose,18.15,%,-0.7076115781752524,-0.9570615623383342,male_18.15
female,Fructose,18.15,%,0.0344827586206896,-0.0369121454808213,female_18.15
male,Fructose,18.15,%,-0.2149394347240915,-0.2149394347240915,male_18.15
female,Fructose,18.15,%,-0.7785755497147253,-0.7785755497147253,female_18.15
male,Fructose,18.15,%,0.1262690355329949,0.054582904222451,male_18.15
female,Fructose,18.15,%,-0.8469995419147962,-0.8609588645935499,female_18.15
male,Fructose,18.15,%,0.1598966893637004,0.1522833619617366,male_18.15
female,Fructose,18.15,%,0.9913009535493224,0.9912917271407836,female_18.15
male,Fructose,18.15,%,0.970736275313122,0.970736275313122,male_18.15
female,Fructose,18.15,%,-0.912880081995217,-0.8992094861660079,female_18.15
male,Fructose,18.15,%,-0.3746643315820198,-0.3514953384186947,male_18.15
female,Fructose,18.15,%,-0.5204647822964945,-0.5119909652560951,female_18.15
male,Fructose,18.15,%,-0.2179231153270095,-0.2144424246223281,male_18.15
female,Fructose,18.15,%,-1.0,-1.0,female_18.15
male,Fructose,18.15,%,-0.8931739540736081,-0.9172985027078688,male_18.15
female,Fructose,18.15,%,-0.2553430821147356,-0.273649505452701,female_18.15
male,Fructose,18.15,%,0.6557361097596575,0.6299937251621,male_18.15
female,Fructose,18.15,%,0.9782449278904912,0.97560139812213,female_18.15
male,Fructose,18.15,%,-0.2992814371257485,-0.3751188288231193,male_18.15
female,Fructose,18.15,%,-0.5226639937632253,-0.511260619191516,female_18.15
male,Fructose,18.15,%,0.222092050209205,-0.646669815777043,male_18.15
female,Fructose,18.15,%,1.0,,female_18.15
male,Fructose,18.15,%,-0.2817567567567568,-0.829021372328459,male_18.15
female,Fructose,18.15,%,-0.6195735542261084,-0.6195735542261083,female_18.15
male,Fructose,18.15,%,-0.1929141783533517,-0.1932344452647828,male_18.15
female,Fructose,18.15,%,-0.9910288113174996,-0.9900731784918868,female_18.15
male,Fructose,18.15,%,-0.1453001132502831,-0.3320600632244468,male_18.15
female,Fructose,18.15,%,-1.0,-1.0,female_18.15
male,Fructose,18.15,%,0.207533843437316,0.4053017329954106,male_18.15
female,Fructose,18.15,%,0.0208545269582909,-0.0504774897680764,female_18.15
male,Fructose,18.15,%,-0.504244888198015,-0.5204254290548707,male_18.15
female,Fructose,18.15,%,-0.7362900013278448,-0.7312402733608498,female_18.15
male,Fructose,18.15,%,-0.6417341040462428,-0.645634161886552,male_18.15
female,Fructose,18.15,%,0.7699859747545582,0.7201747201747202,female_18.15
male,Fructose,18.15,%,-0.9423621333937264,-0.925366568914956,male_18.15
female,Fructose,18.15,%,0.3347726695453391,0.3323986744838134,female_18.15
male,Fructose,18.15,%,-1.0,-1.0,male_18.15
female,Fructose,18.15,%,-0.9158421742758374,-0.9158421742758374,female_18.15
male,Fructose,18.15,%,-0.8265446224256292,-0.7822308410543705,male_18.15
female,Fructose,18.15,%,-0.2367514142662071,-0.2583526298379093,female_18.15
male,Fructose,18.15,%,-0.1999714326524782,-0.1999714326524782,male_18.15
male,Fructose,26.2,%,-0.8746778165988889,-0.9519322519083968,male_26.2
female,Fructose,26.2,%,0.049415692821369,1.0,female_26.2
male,Fructose,26.2,%,-1.0,,male_26.2
female,Fructose,26.2,%,0.9627668468870184,0.948635140330642,female_26.2
male,Fructose,26.2,%,1.0,,male_26.2
female,Fructose,26.2,%,0.0859057807565895,0.085375290172814,female_26.2
male,Fructose,26.2,%,-1.0,,male_26.2
female,Fructose,26.2,%,-0.0618549654842458,-0.0585733882030178,female_26.2
male,Fructose,26.2,%,1.0,,male_26.2
female,Fructose,26.2,%,-0.0818831287781644,-0.0839349076226599,female_26.2
male,Fructose,26.2,%,0.8393171303837884,0.7094379639448568,male_26.2
female,Fructose,26.2,%,0.5788024776324845,0.6015824994181987,female_26.2
male,Fructose,26.2,%,-1.0,,male_26.2
female,Fructose,26.2,%,0.3984756460640705,0.3973632404700829,female_26.2
male,Fructose,26.2,%,1.0,,male_26.2
female,Fructose,26.2,%,0.2088627401890217,0.2118208056217844,female_26.2
male,Fructose,26.2,%,0.7926275434974933,0.7884603814451597,male_26.2
female,Fructose,26.2,%,0.4444599497627685,0.5147435428404186,female_26.2
male,Fructose,26.2,%,-1.0,,male_26.2
female,Fructose,26.2,%,0.5240738171222422,0.5189003436426117,female_26.2
male,Fructose,26.2,%,0.709293203052564,0.7066148420067659,male_26.2
female,Fructose,26.2,%,-0.3270373794743099,-0.3209835410141933,female_26.2
male,Fructose,26.2,%,0.231780888030888,0.2213525742937507,male_26.2
female,Fructose,26.2,%,0.4361280397609609,0.4309768330546931,female_26.2
male,Fructose,26.2,%,-0.9234831460674158,-0.9637510754229998,male_26.2
female,Fructose,26.2,%,-0.2578973521686661,-0.2578973521686661,female_26.2
male,Fructose,26.2,%,-0.2949902723735408,0.0451554754393871,male_26.2
female,Fructose,26.2,%,0.9920648225761386,0.9919583191754444,female_26.2
male,Fructose,26.2,%,-1.0,,male_26.2
female,Fructose,26.2,%,0.8827594284375732,0.8840834505391467,female_26.2
male,Fructose,26.2,%,1.0,,male_26.2
female,Fructose,26.2,%,-0.4372875997787086,-0.3522561863173217,female_26.2
male,Fructose,26.2,%,-0.2118984335237234,0.9854680153868072,male_26.2
female,Fructose,26.2,%,-0.0353385826771653,-0.0336341263330598,female_26.2
male,Fructose,26.2,%,-0.0971621875587296,-0.0954054732613607,male_26.2
female,Fructose,26.2,%,1.0,,female_26.2
male,Fructose,26.2,%,0.1324944485566247,0.1324944485566247,male_26.2
female,Fructose,26.2,%,-0.1275418275418275,-0.1174326259601614,female_26.2
male,Fructose,26.2,%,0.9218972692548884,0.9171704957678356,male_26.2
female,Fructose,26.2,%,-0.0093822346777141,-0.0093822346777141,female_26.2
male,Fructose,26.2,%,1.0,,male_26.2
female,Fructose,26.2,%,0.1543699631411257,0.1517734051886201,female_26.2
male,Fructose,26.2,%,0.2943925233644859,1.0,male_26.2
female,Fructose,26.2,%,-1.0,,female_26.2
male,Fructose,26.2,%,-1.0,,male_26.2
female,Fructose,26.2,%,-0.2336426075430774,-0.2352799227799227,female_26.2
male,Fructose,26.2,%,0.1530453213640047,0.1607154063382491,male_26.2
female,Fructose,26.2,%,0.730178206251826,0.7218909966877447,female_26.2
male,Fructose,26.2,%,-1.0,,male_26.2
female,Fructose,26.2,%,-0.6392661424827257,-0.6392661424827257,female_26.2
male,Fructose,26.2,%,-1.0,,male_26.2
female,Fructose,26.2,%,-0.0386535971888292,-0.0314285714285714,female_26.2
male,Fructose,26.2,%,-0.0090567432690529,-0.0069766006050503,male_26.2
female,Fructose,26.2,%,0.1658916759447246,0.1711071640023682,female_26.2
male,Fructose,26.6,%,-0.55576002944424,-0.6177840147987498,male_26.6
female,Fructose,26.6,%,-0.5787614786908406,-0.5819275687153475,female_26.6
male,Fructose,26.6,%,0.7089887640449438,0.7300942476438089,male_26.6
female,Fructose,26.6,%,-0.6091337268228701,-0.60913372682287,female_26.6
male,Fructose,26.6,%,0.9670827968426357,0.5288461538461539,male_26.6
female,Fructose,26.6,%,-0.5337193460490463,-1.0,female_26.6
male,Fructose,26.6,%,,,male_26.6
female,Fructose,5.6,%,-0.0203351955307263,-0.1049001814882032,female_5.6
male,Fructose,5.6,%,-0.685875191990443,-0.6718174254130512,male_5.6
female,Fructose,5.6,%,1.0,,female_5.6
male,Fructose,5.6,%,-0.2281095114467784,-0.3584388461036418,male_5.6
female,Fructose,5.6,%,0.1905239687848383,0.1940515458153966,female_5.6
male,Fructose,5.6,%,-0.9099502209295822,-0.8627216916780355,male_5.6
female,Fructose,5.6,%,-0.031264057579847,0.0236482471776589,female_5.6
male,Fructose,5.6,%,-0.7763930497303775,-0.7761382040669426,male_5.6
female,Fructose,5.6,%,-0.940674658488988,-0.9401271734848912,female_5.6
male,Fructose,5.6,%,1.0,1.0,male_5.6
female,Fructose,5.6,%,-0.4880448393059448,-0.3868894601542416,female_5.6
male,Fructose,5.6,%,-0.8908868229137672,-0.8907712884529648,male_5.6
female,Fructose,5.6,%,-0.7821410705352676,-0.7820047553497685,female_5.6
male,Fructose,5.6,%,-0.7921523369878823,-0.8394930111348021,male_5.6
female,Fructose,5.6,%,0.6524962093558713,0.7471796698729367,female_5.6
male,Fructose,5.6,%,0.4466465121486955,0.4125757755854035,male_5.6
female,Fructose,5.6,%,-0.0026205742960691,-0.0284243637403488,female_5.6
male,Fructose,5.6,%,-0.971830985915493,-0.969123749084696,male_5.6
female,Fructose,5.6,%,-0.3281668153434434,-0.2668978524061568,female_5.6
male,Fructose,5.6,%,-0.2809315866084426,-0.3367088607594937,male_5.6
female,Fructose,5.6,%,0.6885400684527322,0.6912347065429398,female_5.6
male,Fructose,5.6,%,-0.9396950875211744,-0.9626349768611095,male_5.6
female,Fructose,5.6,%,0.1499748645478411,0.148071432570117,female_5.6
male,Fructose,5.6,%,-0.7025617248174337,-0.687530443253775,male_5.6
female,Fructose,5.6,%,-0.91556547108289,-0.915468758948514,female_5.6
male,Fructose,5.6,%,-0.0918704560475875,-0.0918704560475875,male_5.6
female,Fructose,5.6,%,-0.7732067510548524,-0.7546284554907431,female_5.6
male,Fructose,5.6,%,0.3520364218038637,0.6821800367421923,male_5.6
female,Fructose,5.6,%,0.4902695035460993,0.248829431438127,female_5.6
male,Fructose,5.6,%,-0.0925338036449147,-0.0925338036449147,male_5.6
female,Fructose,5.6,%,-0.6765151974761876,-0.6755901679240691,female_5.6
male,Fructose,5.6,%,0.2553108009640715,0.2491239968350853,male_5.6
female,Fructose,5.6,%,0.6799555184876286,-1.0,female_5.6
male,Fructose,5.6,%,0.4702053079619429,1.0,male_5.6
female,Fructose,5.6,%,-0.354590556887229,-0.4427358546577213,female_5.6
male,Fructose,5.6,%,-0.9870960565103732,-0.9817049128617616,male_5.6
female,Fructose,5.6,%,0.0624046771733604,0.0843170320404721,female_5.6
male,Fructose,5.6,%,-0.8114343029087261,-0.8084347579960374,male_5.6
female,Fructose,5.6,%,0.9593341397384944,0.9628390075014426,female_5.6
male,Fructose,5.6,%,-1.0,,male_5.6
female,Fructose,5.6,%,0.8746884205755722,0.876176437237782,female_5.6
male,Fructose,5.6,%,-0.8892384400783522,-0.7602158828064765,male_5.6
female,Fructose,5.6,%,-0.8629815745393634,-0.8653770895063454,female_5.6
male,Fructose,5.6,%,-0.2990596317360212,-0.2640416223247014,male_5.6
female,Fructose,5.6,%,1.0,,female_5.6
male,Fructose,5.6,%,-0.8005363727790815,-1.0,male_5.6
female,Fructose,5.6,%,-0.0506231530258254,0.0142759094028826,female_5.6
male,Fructose,5.6,%,-0.0641374125267479,0.0399742930591259,male_5.6
female,Fructose,5.6,%,0.7257683215130022,0.992116434202547,female_5.6
male,Fructose,5.6,%,-0.4493256477698808,-0.5156551764499328,male_5.6
female,Fructose,5.6,%,0.8787844871005652,0.8898896644899797,female_5.6
male,Fructose,5.6,%,0.4050485436893205,0.356617904388605,male_5.6
female,Fructose,5.6,%,0.2783077561177934,0.180018850141376,female_5.6
male,Fructose,5.6,%,-0.1862291794329006,-0.2821531791907514,male_5.6
female,Fructose,15.1,%,-1.0,,female_15.1
male,Fructose,15.1,%,0.3283507167159351,0.3187758103750636,male_15.1
female,Fructose,15.1,%,-0.9789532293986636,-0.9152086137281292,female_15.1
male,Fructose,15.1,%,-1.0,,male_15.1
female,Fructose,15.1,%,-0.0827067669172932,-0.0980966325036603,female_15.1
male,Fructose,15.1,%,-0.8550031322968279,-0.8550031322968278,male_15.1
female,Fructose,15.1,%,0.2997943187503473,-1.0,female_15.1
male,Fructose,15.1,%,0.3306941734039587,0.4657004237548363,male_15.1
female,Fructose,15.1,%,-0.4000234000234,-0.8149552555740938,female_15.1
male,Fructose,15.1,%,0.5027680488080443,0.4183956653891899,male_15.1
female,Fructose,15.1,%,1.0,,female_15.1
male,Fructose,15.1,%,-0.656398501705149,-0.7425160265835441,male_15.1
female,Fructose,15.1,%,-0.6096854995825215,-1.0,female_15.1
male,Fructose,15.1,%,-0.9383142189065804,-0.9073036057893415,male_15.1
female,Fructose,15.1,%,-1.0,,female_15.1
male,Fructose,15.1,%,-0.0521047656119668,1.0,male_15.1
female,Fructose,15.1,%,0.959411368664038,-1.0,female_15.1
male,Fructose,15.1,%,0.6989724427837459,0.6988317757009346,male_15.1
female,Fructose,15.1,%,-0.7133010949919405,-1.0,female_15.1
male,Fructose,15.1,%,-1.0,-1.0,male_15.1
female,Fructose,15.1,%,-0.7805880887116871,-0.5818591950611421,female_15.1
male,Fructose,15.1,%,1.0,,male_15.1
female,Fructose,15.1,%,-0.862552884119286,-0.978082191780822,female_15.1
male,Fructose,15.1,%,0.1092087562675798,0.069850593793896,male_15.1
female,Fructose,15.1,%,-0.4674161055150537,-0.4689693593314763,female_15.1
male,Fructose,15.1,%,-0.9637449928712064,-1.0,male_15.1
female,Fructose,15.1,%,-1.0,-1.0,female_15.1
male,Fructose,15.1,%,-0.0251020155805613,0.0266961843990102,male_15.1
female,Fructose,15.1,%,0.5868695988649554,0.5855599404800415,female_15.1
male,Fructose,15.1,%,-0.9871866295264624,-0.986516590456091,male_15.1
female,Fructose,15.1,%,-0.0385278256518597,1.0,female_15.1
male,Fructose,15.1,%,-0.7886494827684747,-0.756470200856108,male_15.1
female,Fructose,15.1,%,1.0,,female_15.1
male,Fructose,15.1,%,0.3763800602208096,0.1095541401273885,male_15.1
female,Fructose,15.1,%,0.2653908231496426,0.9923761118170268,female_15.1
male,Fructose,15.1,%,-0.9770799037609218,-0.9479511143062544,male_15.1
female,Fructose,15.1,%,-0.8566844919786096,-1.0,female_15.1
male,Fructose,15.1,%,-0.773071668115762,-1.0,male_15.1
female,Fructose,15.1,%,-0.9437405815705754,-0.8802850356294537,female_15.1
male,Fructose,15.1,%,-0.7975190521221561,1.0,male_15.1
female,Fructose,15.1,%,-0.3429916696848967,0.1842663620042435,female_15.1
male,Fructose,15.1,%,0.5969941553019761,1.0,male_15.1
female,Fructose,15.1,%,-0.6386320597081431,-0.9832816502629096,female_15.1
male,Fructose,15.1,%,1.0,,male_15.1
female,Fructose,15.1,%,-0.9448568398727464,-1.0,female_15.1
male,Fructose,15.1,%,-1.0,,male_15.1
female,Fructose,15.1,%,-0.7643447198035276,-0.6656106447014097,female_15.1
male,Fructose,15.1,%,-0.1604688422295303,-0.1800720288115246,male_15.1
female,Fructose,15.1,%,-0.986646636621599,-0.9861647547126304,female_15.1
male,Fructose,15.1,%,-1.0,,male_15.1
female,Fructose,15.1,%,-0.4889155982905983,-0.5229834027730347,female_15.1
male,Fructose,15.1,%,-1.0,,male_15.1
female,Fructose,15.1,%,0.1225633838705567,0.1247845790515095,female_15.1
male,Fructose,15.1,%,-0.6396702865367002,-0.6396702865367002,male_15.1
female,Fructose,10.6,%,-0.6214075582711021,-0.6510167636384584,female_10.6
male,Fructose,10.6,%,0.7012715456343599,0.6912022432527164,male_10.6
female,Fructose,10.6,%,0.8791615289765722,0.8766166876502232,female_10.6
male,Fructose,10.6,%,-0.0436979969183358,-0.1184940554821664,male_10.6
female,Fructose,10.6,%,0.4660510926438905,0.4660510926438904,female_10.6
male,Fructose,10.6,%,-0.9143070550689212,-1.0,male_10.6
female,Fructose,10.6,%,-0.9317635214497456,-0.9231496062992126,female_10.6
male,Fructose,10.6,%,0.5841970491403489,0.5869060705997313,male_10.6
female,Fructose,10.6,%,-0.4795672141355958,-0.4511574454112625,female_10.6
male,Fructose,10.6,%,-0.3957492925522307,-0.3877501220107369,male_10.6
female,Fructose,10.6,%,0.548031007751938,0.5559434021068379,female_10.6
male,Fructose,10.6,%,0.8165744595904865,0.8034710339770227,male_10.6
female,Fructose,10.6,%,0.9116533920804384,0.9116533920804384,female_10.6
male,Fructose,10.6,%,-0.6596720400222346,-0.5537536443148688,male_10.6
female,Fructose,10.6,%,0.4398709677419354,0.4025187530108045,female_10.6
male,Fructose,10.6,%,0.2871860914359304,0.4047786366830639,male_10.6
female,Fructose,10.6,%,-0.6037634408602149,-0.6072198275862069,female_10.6
male,Fructose,10.6,%,-0.0937593490097529,-0.0924017257909875,male_10.6
female,Fructose,10.6,%,0.3742985798406651,0.2542316901989926,female_10.6
male,Fructose,10.6,%,-0.1467865988788945,-0.1485083882759971,male_10.6
female,Fructose,10.6,%,-0.9039635386994382,-0.8983109272664599,female_10.6
male,Fructose,10.6,%,0.7955759839126687,0.8004378384606522,male_10.6
female,Fructose,10.6,%,0.1384783798576901,0.1385476219438024,female_10.6
male,Fructose,10.6,%,0.9597247860379258,0.9579537491240364,male_10.6
female,Fructose,10.6,%,0.4457173383985279,0.4457173383985279,female_10.6
male,Fructose,10.6,%,0.2978083999120428,0.2758333963262529,male_10.6
female,Fructose,10.6,%,-0.7319729450876991,-0.7344584122610642,female_10.6
male,Fructose,10.6,%,0.2091727140783744,0.2110710547738109,male_10.6
female,Fructose,10.6,%,-0.7284604316546761,-0.735652776975091,female_10.6
male,Fructose,10.6,%,-0.8317284709417468,-0.8485182632667126,male_10.6
female,Fructose,10.6,%,-0.1990803050695379,-0.2818176368323242,female_10.6
male,Fructose,10.6,%,0.233102714209686,0.233102714209686,male_10.6
female,Fructose,10.6,%,0.6574486060264714,0.6566557525121373,female_10.6
male,Fructose,10.6,%,0.3797665369649805,0.3836248943226897,male_10.6
female,Fructose,10.6,%,1.0,1.0,female_10.6
male,Fructose,10.6,%,0.6034836702954899,0.6008016534101585,male_10.6
female,Fructose,10.6,%,-0.0065000894507722,-0.0154012754181205,female_10.6
male,Fructose,10.6,%,0.6153132250580046,0.6152239498723602,male_10.6
female,Fructose,10.6,%,-0.6862962669414282,-0.7098770392992044,female_10.6
male,Fructose,10.6,%,-0.677668782458165,-0.7083259886009754,male_10.6
female,Fructose,10.6,%,0.6572465960665659,0.6554534947381228,female_10.6
male,Fructose,10.6,%,-0.2516347783967062,-0.2570386135603527,male_10.6
female,Fructose,10.6,%,0.735723546986865,0.7357235469868652,female_10.6
male,Fructose,10.6,%,-0.6489447583900357,-0.6337604523852494,male_10.6
female,Fructose,10.6,%,-0.3432162423461167,-0.3478204630707541,female_10.6
male,Fructose,10.6,%,-0.4285373419231687,-0.4176999756868466,male_10.6
female,Fructose,10.6,%,0.3042628373806481,0.3042628373806481,female_10.6
male,Fructose,10.6,%,0.4433463857293803,0.4423064948004234,male_10.6
female,Fructose,10.6,%,0.7920274815716023,0.7867625476959201,female_10.6
male,Fructose,10.6,%,0.6563962321482831,0.6473083400910735,male_10.6
female,Fructose,10.6,%,-0.7639243740419008,-0.7639243740419008,female_10.6
male,Fructose,10.6,%,-0.5684835779175401,-0.5753640989647306,male_10.6
female,Fructose,10.6,%,-0.5471677136027572,1.0,female_10.6
male,Fructose,10.6,%,0.720584652862363,0.7341026270562239,male_10.6
female,Fructose,5.6,%,-0.7206835592221569,-0.7289615868551551,female_5.6
male,Fructose,5.6,%,0.144506726457399,0.1177014683778471,male_5.6
female,Fructose,5.6,%,1.0,,female_5.6
male,Fructose,5.6,%,-0.8481759955444165,-1.0,male_5.6
female,Fructose,5.6,%,-0.253072842541079,0.7258594917787743,female_5.6
male,Fructose,5.6,%,0.0456756586013014,0.0452534445708507,male_5.6
female,Fructose,5.6,%,-0.3169124803473834,-0.3653652099666227,female_5.6
male,Fructose,5.6,%,-0.6237956531481066,-0.6111400613745586,male_5.6
female,Fructose,5.6,%,-0.4857337728771172,-0.4693255131964809,female_5.6
male,Fructose,5.6,%,0.2594680543509685,0.249816957094743,male_5.6
female,Fructose,5.6,%,-0.7176601671309192,-0.7079299216228677,female_5.6
male,Fructose,5.6,%,0.7945113035654032,0.796228539262595,male_5.6
female,Fructose,5.6,%,1.0,,female_5.6
male,Fructose,5.6,%,0.8820943470664487,1.0,male_5.6
female,Fructose,5.6,%,-0.9119543882605852,1.0,female_5.6
male,Fructose,5.6,%,0.7791191594008495,0.7651951755688907,male_5.6
female,Fructose,5.6,%,-0.5225585379782982,-0.3941480206540447,female_5.6
male,Fructose,5.6,%,-0.4704814904427777,-0.4495032071437555,male_5.6
female,Fructose,5.6,%,1.0,,female_5.6
male,Fructose,5.6,%,-1.0,,male_5.6
female,Fructose,5.6,%,0.7808741905642923,0.7808741905642923,female_5.6
male,Fructose,5.6,%,-1.0,,male_5.6
female,Fructose,5.6,%,0.3259309873590707,1.0,female_5.6
male,Fructose,5.6,%,0.4849770642201834,0.5179649492995722,male_5.6
female,Fructose,5.6,%,0.9854569862400716,0.99707437830539,female_5.6
male,Fructose,5.6,%,-0.9639357114856918,-0.963935711485692,male_5.6
female,Fructose,5.6,%,0.6797018412415865,1.0,female_5.6
male,Fructose,5.6,%,1.0,,male_5.6
female,Fructose,5.6,%,0.2039349670122525,0.8574934108879396,female_5.6
male,Fructose,5.6,%,0.9372347554165736,0.9367081479813052,male_5.6
female,Fructose,5.6,%,-1.0,-1.0,female_5.6
male,Fructose,5.6,%,0.966002124867196,1.0,male_5.6
female,Fructose,5.6,%,0.7168761820002225,1.0,female_5.6
male,Fructose,5.6,%,0.1714833584440487,0.2313561762165275,male_5.6
female,Fructose,5.6,%,0.9395136263612256,0.7219195849546044,female_5.6
male,Fructose,5.6,%,0.8648944127970538,0.8634963083541655,male_5.6
female,Fructose,5.6,%,1.0,,female_5.6
male,Fructose,5.6,%,-0.651653009324668,-0.6512982972223793,male_5.6
female,Fructose,5.6,%,-0.291211561082171,0.9809016906700062,female_5.6
male,Fructose,5.6,%,-0.6605452836101536,-0.6605452836101535,male_5.6
female,Fructose,5.6,%,1.0,,female_5.6
male,Fructose,5.6,%,0.4381330332286916,0.3026025584472872,male_5.6
female,Fructose,5.6,%,0.6684782608695652,0.6670348950549093,female_5.6
male,Fructose,5.6,%,0.985539488320356,0.9853924377774032,male_5.6
female,Fructose,5.6,%,-0.2956976178901312,0.8959594307214134,female_5.6
male,Fructose,5.6,%,-0.8706205906971182,-0.8682656601935838,male_5.6
female,Fructose,5.6,%,-0.0735698077152752,-0.0412804350512915,female_5.6
male,Fructose,5.6,%,0.5861286856870002,0.581886155330439,male_5.6
female,Fructose,5.6,%,-0.9948779238518012,-0.9948779238518012,female_5.6
male,Fructose,5.6,%,0.933158496402394,0.7540212818609255,male_5.6
female,Fructose,5.6,%,0.4561525936264248,0.5719756419109799,female_5.6
male,Fructose,5.6,%,0.7911022952677813,0.7892268984446478,male_5.6
female,Fructose,5.6,%,0.0375007452453347,0.0382435415547998,female_5.6
male,Fructose,5.6,%,-0.2261343012704174,0.0269749518304431,male_5.6
female,Fructose,15.1,%,0.8264741428662299,0.8286842440453446,female_15.1
male,Fructose,15.1,%,0.1189139154581919,0.0975856402477562,male_15.1
female,Fructose,15.1,%,0.2922064569195969,0.2913807301674444,female_15.1
male,Fructose,15.1,%,-0.3322047141554889,-0.332204714155489,male_15.1
female,Fructose,15.1,%,-0.9788484136310224,-0.9641298159043462,female_15.1
male,Fructose,15.1,%,0.2203710440160058,0.2203710440160058,male_15.1
female,Fructose,15.1,%,-0.9013171364225756,-0.8859711379228767,female_15.1
male,Fructose,15.1,%,-0.91025951976716,-0.9102595197671598,male_15.1
female,Fructose,15.1,%,0.492817423540315,0.5460107978404319,female_15.1
male,Fructose,15.1,%,-0.581573896353167,-0.834588435596883,male_15.1
female,Fructose,15.1,%,-0.5130921447131721,-0.5654511615082374,female_15.1
male,Fructose,15.1,%,-0.5001575795776867,-0.5093860984271943,male_15.1
female,Fructose,15.1,%,0.2454327905212163,0.30197083409604,female_15.1
male,Fructose,15.1,%,-0.5214731076277607,-0.5539816688489465,male_15.1
female,Fructose,15.1,%,-0.5989010989010989,-0.5976377952755906,female_15.1
male,Fructose,15.1,%,-0.5533159947984395,-0.5544277441603227,male_15.1
female,Fructose,15.1,%,0.2363931762794476,0.2363931762794476,female_15.1
male,Fructose,15.1,%,0.2075885857635622,0.2055957246149009,male_15.1
female,Fructose,15.1,%,-0.0041742606855194,-0.0041742606855194,female_15.1
male,Fructose,15.1,%,0.3774210434479148,0.3774210434479148,male_15.1
female,Fructose,15.1,%,0.0947791639567196,0.0945114738585285,female_15.1
male,Fructose,15.1,%,0.6798888327438101,0.67988883274381,male_15.1
female,Fructose,15.1,%,-0.140221638588175,-0.1390635022450288,female_15.1
male,Fructose,15.1,%,0.7946269343611575,0.7676235110330014,male_15.1
female,Fructose,15.1,%,0.8394160583941606,0.822327141703423,female_15.1
male,Fructose,15.1,%,-0.9819065170045232,-0.980349344978166,male_15.1
female,Fructose,15.1,%,0.8237556434981327,0.7944216890969378,female_15.1
male,Fructose,15.1,%,-0.6945615091310454,-0.689430009522514,male_15.1
female,Fructose,15.1,%,0.4252719665271966,0.4267843181056629,female_15.1
male,Fructose,15.1,%,-0.2546182266009851,-0.2640558355951919,male_15.1
female,Fructose,15.1,%,0.4300752800048962,0.4300752800048962,female_15.1
male,Fructose,15.1,%,0.9605527078225984,0.965700240210044,male_15.1
female,Fructose,15.1,%,0.6974981046247157,0.7107273838630807,female_15.1
male,Fructose,15.1,%,0.9671626475115442,0.967036740299874,male_15.1
female,Fructose,15.1,%,-0.7686262181703867,-0.7638149027661896,female_15.1
male,Fructose,15.1,%,0.9702614745819772,0.967948717948718,male_15.1
female,Fructose,15.1,%,0.8770650208839849,0.8770650208839847,female_15.1
male,Fructose,15.1,%,0.3740056296658916,0.3557528811638012,male_15.1
female,Fructose,15.1,%,0.8476571516503808,0.8941473418520272,female_15.1
male,Fructose,15.1,%,-0.1066188822936499,-0.0939860298710886,male_15.1
female,Fructose,15.1,%,-0.1004234342412943,-0.0975145828049708,female_15.1
male,Fructose,15.1,%,0.1137146795313576,0.1125594234013188,male_15.1
female,Fructose,15.1,%,-0.5725054905917968,-0.5725054905917968,female_15.1
male,Fructose,15.1,%,0.9861416258238972,0.9861416258238972,male_15.1
female,Fructose,15.1,%,0.9653133174115774,0.964920351946633,female_15.1
male,Fructose,15.1,%,0.6894507215572212,0.7137021276595744,male_15.1
female,Fructose,15.1,%,0.0558691843488417,0.0699631772751183,female_15.1
male,Fructose,15.1,%,0.1498595067124571,0.1485968889236301,male_15.1
female,Fructose,15.1,%,0.8225734639358862,0.8077665219488663,female_15.1
male,Fructose,15.1,%,-0.4151279674912668,-0.4151279674912668,male_15.1
female,Fructose,15.1,%,-1.0,,female_15.1
male,Fructose,15.1,%,0.9180529195042983,0.9173795587573164,male_15.1
female,Fructose,15.1,%,0.0551576369758188,0.0535352915925676,female_15.1
male,Fructose,15.1,%,-0.3387960920264733,-0.3337144308943089,male_15.1
female,Fructose,26.3,%,-0.4552822542644426,-0.5406564900728325,female_26.3
male,Fructose,26.3,%,0.871385898664262,0.9523725524783913,male_26.3
female,Fructose,26.3,%,0.9039937265445585,0.8926804833761193,female_26.3
male,Fructose,26.3,%,0.053341004356045,0.053341004356045,male_26.3
female,Fructose,26.3,%,0.4075706507648431,0.3982883475971033,female_26.3
male,Fructose,26.3,%,0.5092646021670835,0.4962485191522969,male_26.3
female,Fructose,26.3,%,-0.8419220453118758,-0.900824499411072,female_26.3
male,Fructose,26.3,%,0.8430572092759538,0.8419730532084951,male_26.3
female,Fructose,26.3,%,0.3268083627729194,0.8550607287449393,female_26.3
male,Fructose,26.3,%,0.6570710395595188,0.6549855491329479,male_26.3
female,Fructose,26.3,%,0.2751479289940828,0.2649840213917694,female_26.3
male,Fructose,26.3,%,0.2302737520128824,0.2302737520128824,male_26.3
female,Fructose,26.3,%,0.93111960035263,0.93111960035263,female_26.3
male,Fructose,26.3,%,0.8021064950263312,0.929578347221352,male_26.3
female,Fructose,26.3,%,-0.7066457820541507,-0.9226115452482984,female_26.3
male,Fructose,26.3,%,0.9241281542387296,0.9241281542387298,male_26.3
female,Fructose,26.3,%,0.1064235166031573,0.0975810885101704,female_26.3
male,Fructose,26.3,%,0.777158457513366,0.7735391017860239,male_26.3
female,Fructose,26.3,%,0.9218263576617088,0.8625722103982973,female_26.3
male,Fructose,26.3,%,0.4386674213633056,0.5492859630790665,male_26.3
female,Fructose,26.3,%,-0.274918109499298,-0.274918109499298,female_26.3
male,Fructose,26.3,%,0.4696883205845416,0.552928403401894,male_26.3
female,Fructose,26.3,%,0.9245024804698636,0.9146467251160392,female_26.3
male,Fructose,26.3,%,0.7439890084726356,0.7345206292668448,male_26.3
female,Fructose,26.3,%,1.0,1.0,female_26.3
male,Fructose,26.3,%,0.1416829200334355,-0.0276897414512093,male_26.3
female,Fructose,26.3,%,0.8158536585365854,0.8910604670853031,female_26.3
male,Fructose,26.3,%,0.9543731477014268,0.9543731477014268,male_26.3
female,Fructose,26.3,%,-0.1029378273741744,-0.3030201116566893,female_26.3
male,Fructose,26.3,%,-0.0034818530539982,-0.006511187403812,male_26.3
female,Fructose,26.3,%,-0.830210707733363,-1.0,female_26.3
male,Fructose,26.3,%,0.9806281843121886,0.9768623779590744,male_26.3
female,Fructose,26.3,%,0.9934243521872388,0.9923081937292224,female_26.3
male,Fructose,26.3,%,0.6970119521912351,0.6918245365211225,male_26.3
female,Fructose,26.3,%,0.1867775978558266,0.2382173026507427,female_26.3
male,Fructose,26.3,%,0.8970950552913538,0.8865803599621093,male_26.3
female,Fructose,26.3,%,-0.7117181883537023,-0.8503982902661744,female_26.3
male,Fructose,26.3,%,0.8424790926795739,0.8424790926795739,male_26.3
female,Fructose,26.3,%,-0.9546019198193112,-0.937722695584818,female_26.3
male,Fructose,26.3,%,1.0,,male_26.3
female,Fructose,26.3,%,-0.1580013931986574,-0.2342062634989201,female_26.3
male,Fructose,26.3,%,0.9181179695083652,0.9240506329113924,male_26.3
female,Fructose,26.3,%,0.928339127509252,0.915515303761486,female_26.3
male,Fructose,26.3,%,-0.4803097925964821,-0.1753801291397625,male_26.3
female,Fructose,26.3,%,0.97505012252172,0.9719509140996744,female_26.3
male,Fructose,26.3,%,-0.4142146410803127,-0.4132972665148063,male_26.3
female,Fructose,26.3,%,0.2196332863187588,0.1852026390197926,female_26.3
male,Fructose,26.3,%,0.9385406190635824,0.9364492460569646,male_26.3
female,Fructose,26.3,%,-0.2731160425335182,-0.2627630267862376,female_26.3
male,Fructose,26.3,%,-1.0,,male_26.3
female,Fructose,26.3,%,1.0,,female_26.3
male,Fructose,26.3,%,0.7474030765737639,0.7470584891718297,male_26.3
female,Fructose,26.3,%,-0.143559488692232,-0.1826116430810948,female_26.3
male,Fructose,26.3,%,0.025875726104559,0.025875726104559,male_26.3
female,Fructose,22.9,%,0.5138998311761396,0.4292699041955731,female_22.9
male,Fructose,22.9,%,0.6280923128009298,0.627906976744186,male_22.9
female,Fructose,22.9,%,0.005381332343663,0.0061281337047353,female_22.9
male,Fructose,22.9,%,-0.2224918614974844,-0.2378783338327839,male_22.9
female,Fructose,22.9,%,-0.0445641238089601,-0.0445641238089601,female_22.9
male,Fructose,22.9,%,0.2803682209325595,0.2803682209325595,male_22.9
female,Fructose,22.9,%,-0.7017801539275013,-0.7263245723821443,female_22.9
male,Fructose,22.9,%,0.9689784076326508,0.9726103968697596,male_22.9
female,Fructose,22.9,%,0.9056835981203848,0.9862398693953706,female_22.9
male,Fructose,22.9,%,-0.4412960036125536,-0.4855713288340703,male_22.9
female,Fructose,22.9,%,-0.8461538461538461,-0.3213935230618253,female_22.9
male,Fructose,22.9,%,1.0,,male_22.9
female,Fructose,22.9,%,0.990659594095941,0.9882327304423622,female_22.9
male,Fructose,22.9,%,0.5566911145845858,0.5566911145845858,male_22.9
female,Fructose,22.9,%,-0.5578627500633071,-0.5822027904584325,female_22.9
male,Fructose,22.9,%,-1.0,-1.0,male_22.9
female,Fructose,22.9,%,0.5228426395939088,0.56,female_22.9
male,Fructose,22.9,%,0.687434978615189,0.8661553211888783,male_22.9
female,Fructose,22.9,%,-0.1081096165652732,-0.1696712619300106,female_22.9
male,Fructose,22.9,%,1.0,1.0,male_22.9
female,Fructose,22.9,%,-0.4498809118747873,-0.5337988625728889,female_22.9
male,Fructose,22.9,%,1.0,1.0,male_22.9
female,Fructose,22.9,%,-0.7623931623931623,-0.7358380235362912,female_22.9
male,Fructose,22.9,%,0.2737989979369289,0.2752083794349782,male_22.9
female,Fructose,22.9,%,-0.5443833464257658,-0.598838222480395,female_22.9
male,Fructose,22.9,%,-0.7777777777777777,-0.7762131566231794,male_22.9
female,Fructose,22.9,%,0.3259575424014377,0.3259575424014377,female_22.9
male,Fructose,22.9,%,0.7388059701492538,0.7373600688891623,male_22.9
female,Fructose,22.9,%,0.1168588760749283,0.1146752205292702,female_22.9
male,Fructose,22.9,%,0.2477752351894227,0.2477752351894228,male_22.9
female,Fructose,22.9,%,0.1838527753042446,0.110967408173823,female_22.9
male,Fructose,22.9,%,0.7695766423357664,0.7646286907247242,male_22.9
female,Fructose,22.9,%,0.4295628036086051,0.4137783483097988,female_22.9
male,Fructose,22.9,%,1.0,1.0,male_22.9
female,Fructose,22.9,%,-0.8918527300270039,-0.8918527300270039,female_22.9
male,Fructose,22.9,%,0.1200521682425823,0.1261473905061631,male_22.9
female,Fructose,22.9,%,0.114256480218281,0.0525355709595038,female_22.9
male,Fructose,22.9,%,0.9840073635160788,0.9827264819187276,male_22.9
female,Fructose,22.9,%,-0.2603141115799344,-0.2450053834190692,female_22.9
male,Fructose,22.9,%,0.5563105146933922,0.5563105146933922,male_22.9
female,Fructose,22.9,%,0.7825125160088484,0.9625689014228944,female_22.9
male,Fructose,22.9,%,0.8401253918495298,0.9612429001002338,male_22.9
female,Fructose,22.9,%,-0.1405704307334109,-0.1611851851851851,female_22.9
male,Fructose,22.9,%,0.8723526703499079,0.8723526703499079,male_22.9
female,Fructose,22.9,%,0.7098439228216789,0.6979659716003582,female_22.9
male,Fructose,22.9,%,0.8028639884103193,0.7694663452140483,male_22.9
female,Fructose,22.9,%,-0.9558897243107768,-0.928273863430538,female_22.9
male,Fructose,22.9,%,0.2509194447739946,0.2176445077752307,male_22.9
female,Fructose,22.9,%,1.0,,female_22.9
male,Fructose,22.9,%,0.9637377963737797,1.0,male_22.9
female,Fructose,22.9,%,0.8332497492477432,0.9126226291693916,female_22.9
male,Fructose,22.9,%,0.5987919057686498,0.8754339970240204,male_22.9
female,Fructose,22.9,%,0.3630233023970087,0.2874215715566178,female_22.9
male,Fructose,22.9,%,0.4248679788766202,-0.3012898845892736,male_22.9
female,Fructose,19.2,%,-0.1845978254340121,-0.2051579783658253,female_19.2
male,Fructose,19.2,%,-0.3962220419515587,-0.3962220419515587,male_19.2
female,Fructose,19.2,%,0.266989198919892,0.266989198919892,female_19.2
male,Fructose,19.2,%,-0.6421869570253679,-0.6369726172288166,male_19.2
female,Fructose,19.2,%,0.7482265379695313,0.7515875327701719,female_19.2
male,Fructose,19.2,%,-0.2961389961389961,-0.2923594487934269,male_19.2
female,Fructose,19.2,%,0.1991065730695597,0.2156304586918548,female_19.2
male,Fructose,19.2,%,0.4173238696109358,0.4148627243928194,male_19.2
female,Fructose,19.2,%,-0.1817266830686647,-0.0888487640869186,female_19.2
male,Fructose,19.2,%,0.1181373958033917,0.1079320772272621,male_19.2
female,Fructose,19.2,%,0.805137395459976,0.7991626646964659,female_19.2
male,Fructose,19.2,%,0.3403660100244783,0.3334511189634864,male_19.2
female,Fructose,19.2,%,0.6364825581395349,0.6558570483123759,female_19.2
male,Fructose,19.2,%,0.3262957074721781,0.326295707472178,male_19.2
female,Fructose,19.2,%,0.1239615216440752,0.078002761159687,female_19.2
male,Fructose,19.2,%,-0.6764515559738808,-0.6779321714554876,male_19.2
female,Fructose,19.2,%,0.8333010648596321,0.6172482773949767,female_19.2
male,Fructose,19.2,%,0.2754452554744525,0.2869432005656375,male_19.2
female,Fructose,19.2,%,-0.7183402395413521,-0.8774497643264698,female_19.2
male,Fructose,19.2,%,0.1602686548770719,0.1818238875290278,male_19.2
female,Fructose,19.2,%,-0.084185029833993,-0.089010206503679,female_19.2
male,Fructose,19.2,%,0.308409932775415,0.2958513758904875,male_19.2
female,Fructose,19.2,%,0.2934888874405266,0.2983971213608112,female_19.2
male,Fructose,19.2,%,0.03604658327685,0.03604658327685,male_19.2
female,Fructose,19.2,%,1.0,,female_19.2
male,Fructose,19.2,%,0.2351278269419862,0.2396989884036516,male_19.2
female,Fructose,19.2,%,-0.4813147230977038,-0.3440102498398462,female_19.2
male,Fructose,19.2,%,0.9872148261099056,0.9872148261099056,male_19.2
female,Fructose,19.2,%,0.9272853586522318,0.9305265599628856,female_19.2
male,Fructose,19.2,%,0.3842068483577917,0.3756553776392234,male_19.2
female,Fructose,19.2,%,0.7596420683015236,0.7135915778107706,female_19.2
male,Fructose,19.2,%,0.0065607231374836,0.0448732500945894,male_19.2
female,Fructose,19.2,%,0.9209149531573184,0.927599047677187,female_19.2
male,Fructose,19.2,%,0.0348615090735434,0.0348615090735434,male_19.2
female,Fructose,19.2,%,-0.1893043332025338,-0.1748730530039368,female_19.2
male,Fructose,19.2,%,0.8864317629093377,0.8802980625931446,male_19.2
female,Fructose,19.2,%,-0.300583070839756,-0.3259087182290243,female_19.2
male,Fructose,19.2,%,0.7217158828533237,0.7210378852478987,male_19.2
female,Fructose,19.2,%,-0.7078726968174205,-0.7234617985125085,female_19.2
male,Fructose,19.2,%,0.9362745098039216,0.990950226244344,male_19.2
female,Fructose,19.2,%,0.378178559426459,0.3560698335363378,female_19.2
male,Fructose,19.2,%,0.4784201488265598,0.4365221693154412,male_19.2
female,Fructose,19.2,%,0.8845012554211368,0.872503937007874,female_19.2
male,Fructose,19.2,%,0.7513956932892788,0.8766939323647907,male_19.2
female,Fructose,19.2,%,0.8290396745858633,0.8290396745858634,female_19.2
male,Fructose,19.2,%,-0.4271866295264624,-0.6178086517208715,male_19.2
female,Fructose,19.2,%,0.9119226638023632,0.7724218521764534,female_19.2
male,Fructose,19.2,%,-0.6340866561105514,-0.7471335128895729,male_19.2
female,Fructose,19.2,%,-0.6183456183456184,-0.7665389527458493,female_19.2
male,Fructose,19.2,%,0.1886558272309793,0.2119716527461402,male_19.2
female,Fructose,19.2,%,0.062619664376619,-0.0186023742503977,female_19.2
male,Fructose,19.2,%,0.4772447002172764,0.4132612707619298,male_19.2
female,Fructose,19.2,%,0.3135607947633667,0.3615948120571634,female_19.2
male,Fructose,19.2,%,0.5845099302829692,0.4932113763041303,male_19.2
female,Fructose,22.9,%,0.5591740809132113,0.5585070611970411,female_22.9
male,Fructose,22.9,%,0.4766329598250888,0.4741900054914882,male_22.9
female,Fructose,22.9,%,0.9325719171807244,0.9758960909204446,female_22.9
male,Fructose,22.9,%,0.3427114687634375,0.330706198786514,male_22.9
female,Fructose,22.9,%,0.7776089751080987,0.7739636536405748,female_22.9
male,Fructose,22.9,%,0.6798350196558614,0.6875566489706073,male_22.9
female,Fructose,22.9,%,-0.9664983664983664,-1.0,female_22.9
male,Fructose,22.9,%,-0.6497223935842072,-0.62905860064023,male_22.9
female,Fructose,22.9,%,-0.9047287899860916,-0.9036059806508356,female_22.9
male,Fructose,22.9,%,0.700826050520771,0.700826050520771,male_22.9
female,Fructose,22.9,%,0.1236867547534643,0.1236867547534643,female_22.9
male,Fructose,22.9,%,-0.5898321816386969,-0.5551987153753513,male_22.9
female,Fructose,22.9,%,0.5704751131221719,0.5704751131221719,female_22.9
male,Fructose,22.9,%,-0.0051928269750051,-0.0111436133166179,male_22.9
female,Fructose,22.9,%,0.9972149501476076,0.9972010747872816,female_22.9
male,Fructose,22.9,%,0.5461259079903147,0.5453277545327755,male_22.9
female,Fructose,22.9,%,0.2813738441215323,0.2815730162431025,female_22.9
male,Fructose,22.9,%,-0.9170233407521542,-0.9123251326579837,male_22.9
female,Fructose,22.9,%,-0.4674904723409169,-0.9977989151796244,female_22.9
male,Fructose,22.9,%,-0.0718321226795803,-0.0696371896197647,male_22.9
female,Fructose,22.9,%,-0.4881551491346508,-0.4964206368797828,female_22.9
male,Fructose,22.9,%,-0.5428073668491786,-0.53319357092942,male_22.9
female,Fructose,22.9,%,0.0876462301708825,0.1053155732603012,female_22.9
male,Fructose,22.9,%,-0.8384033035099793,-0.8355857432952875,male_22.9
female,Fructose,22.9,%,0.765006841572967,0.7650068415729668,female_22.9
male,Fructose,22.9,%,-0.2294761082325849,-0.2338090010976948,male_22.9
female,Fructose,22.9,%,0.5635341866999688,0.585612968591692,female_22.9
male,Fructose,22.9,%,0.5001577784790155,0.4927547834440797,male_22.9
female,Fructose,22.9,%,0.1348563006632277,0.1330995015691342,female_22.9
male,Fructose,22.9,%,0.3817563311074713,0.3774422735346359,male_22.9
female,Fructose,22.9,%,0.4672815988236081,0.467281598823608,female_22.9
male,Fructose,22.9,%,-0.0990197804777836,-0.0906936792844025,male_22.9
female,Fructose,22.9,%,0.1187010897389014,0.1187010897389014,female_22.9
male,Fructose,22.9,%,-0.274143889412504,-0.2792076709563462,male_22.9
female,Fructose,22.9,%,0.5987432087451725,0.6062080757595686,female_22.9
male,Fructose,22.9,%,0.2058617468472676,0.2044218283909457,male_22.9
female,Fructose,22.9,%,-1.0,,female_22.9
male,Fructose,22.9,%,-0.0518364157332638,-0.0579681666339162,male_22.9
female,Fructose,22.9,%,0.4442193087008343,0.4152244795585653,female_22.9
male,Fructose,22.9,%,0.7007684367473334,0.6988688827331486,male_22.9
female,Fructose,22.9,%,-0.1478824052320782,-0.1469616069158403,female_22.9
male,Fructose,22.9,%,0.4869291143934244,0.4839632023868722,male_22.9
female,Fructose,22.9,%,0.4608653672077726,0.3919553528891308,female_22.9
male,Fructose,22.9,%,0.0310675702878614,0.0310675702878615,male_22.9
female,Fructose,22.9,%,0.7718289615522816,0.7986503738829108,female_22.9
male,Fructose,22.9,%,-0.8235563703024746,-0.8234484867013145,male_22.9
female,Fructose,22.9,%,0.1477989466155146,0.1474663370844988,female_22.9
male,Fructose,22.9,%,-0.6151305914139896,-0.609551075105074,male_22.9
female,Fructose,22.9,%,0.4470761559383499,0.4664369796152742,female_22.9
male,Fructose,22.9,%,-0.0004967709885742,-0.032754310621114,male_22.9
female,Fructose,22.9,%,0.5318407526788048,0.5264363764540007,female_22.9
male,Fructose,22.9,%,-0.0368314541775079,-0.0451101526984497,male_22.9
female,Fructose,22.9,%,0.9709515096065872,0.970878238936024,female_22.9
male,Fructose,22.9,%,0.6184396292431403,0.6152036647270026,male_22.9
male,Fructose,7.6,%,-0.28449397522204,-0.2872611826067237,male_7.6
female,Fructose,7.6,%,0.8964224872231686,1.0,female_7.6
male,Fructose,7.6,%,0.8141041017030463,0.6595651218976499,male_7.6
female,Fructose,7.6,%,-0.9939755675796283,-0.9867906066536204,female_7.6
male,Fructose,7.6,%,-0.4950909383550619,-0.8262066253809103,male_7.6
female,Fructose,7.6,%,0.2732441075447116,0.3624841571609632,female_7.6
male,Fructose,7.6,%,-0.009525944189174,0.0222659186860216,male_7.6
female,Fructose,7.6,%,0.8142158273381295,0.8142158273381295,female_7.6
male,Fructose,7.6,%,1.0,,male_7.6
female,Fructose,7.6,%,0.3462245750905545,-0.5004476275738585,female_7.6
male,Fructose,7.6,%,-1.0,,male_7.6
female,Fructose,7.6,%,0.9495469291867098,0.9403083846204752,female_7.6
male,Fructose,7.6,%,0.1578649138712601,-0.138414400612792,male_7.6
female,Fructose,7.6,%,-0.9979882847168808,-1.0,female_7.6
male,Fructose,7.6,%,-1.0,,male_7.6
female,Fructose,7.6,%,-0.4160745486313337,-0.5084062286742353,female_7.6
male,Fructose,7.6,%,1.0,,male_7.6
female,Fructose,7.6,%,0.7537182852143481,0.4518903131591757,female_7.6
male,Fructose,7.6,%,-1.0,,male_7.6
female,Fructose,7.6,%,0.9917155678287884,0.988360814742968,female_7.6
male,Fructose,7.6,%,-0.6719264388693381,-0.7954406924295989,male_7.6
female,Fructose,7.6,%,1.0,,female_7.6
male,Fructose,7.6,%,-0.6880979716800613,-0.6752017535120056,male_7.6
female,Fructose,7.6,%,0.8250816459830175,0.8052930056710775,female_7.6
male,Fructose,7.6,%,0.4952703169232893,0.4952703169232894,male_7.6
female,Fructose,7.6,%,-1.0,-1.0,female_7.6
male,Fructose,7.6,%,-1.0,,male_7.6
female,Fructose,7.6,%,-1.0,,female_7.6
male,Fructose,7.6,%,0.9603838857270394,0.9890172101449276,male_7.6
female,Fructose,7.6,%,-0.017129949174876,-1.0,female_7.6
male,Fructose,7.6,%,-1.0,-1.0,male_7.6
female,Fructose,7.6,%,-0.910464403188939,-0.9095669801227546,female_7.6
male,Fructose,7.6,%,-0.7826232433638189,-0.698460586369614,male_7.6
female,Fructose,7.6,%,0.4993531694695989,0.4867683404665742,female_7.6
male,Fructose,7.6,%,-0.9715435632900628,-0.9578505457598656,male_7.6
female,Fructose,7.6,%,1.0,,female_7.6
male,Fructose,7.6,%,0.141952506596306,0.1188053230565424,male_7.6
female,Fructose,7.6,%,-0.7817449213722089,-0.7730578993308117,female_7.6
male,Fructose,7.6,%,0.1249141286924662,0.2797967956232903,male_7.6
female,Fructose,7.6,%,1.0,1.0,female_7.6
male,Fructose,7.6,%,1.0,,male_7.6
female,Fructose,7.6,%,0.7041010168733935,0.6893295007919282,female_7.6
male,Fructose,7.6,%,0.8504629895899234,0.8494063133507095,male_7.6
female,Fructose,7.6,%,1.0,,female_7.6
male,Fructose,7.6,%,-1.0,,male_7.6
female,Fructose,7.6,%,0.9853145686154532,0.985124246351496,female_7.6
male,Fructose,7.6,%,-0.4798321678321678,-0.7608840367461057,male_7.6
female,Fructose,7.6,%,1.0,1.0,female_7.6
male,Fructose,7.6,%,0.9365056511410264,0.864328564836179,male_7.6
female,Fructose,7.6,%,0.4967072217881459,0.9127023750089152,female_7.6
male,Fructose,7.6,%,1.0,,male_7.6
female,Fructose,7.6,%,0.7411294922989162,0.7398234147460153,female_7.6
male,Fructose,7.6,%,0.0829645328180514,0.0807298175456135,male_7.6
female,Fructose,7.6,%,0.1850692633165246,-0.789714867617108,female_7.6
male,Fructose,7.6,%,-0.7442776038626837,-0.7442776038626837,male_7.6
female,Fructose,7.6,%,-0.4967924653823856,-0.4965388711395101,female_7.6
male,Fructose,7.6,%,-0.2259115298913858,-0.2280958148567081,male_7.6
female,Fructose,7.6,%,0.266951393922771,0.2660383095165703,female_7.6
male,Fructose,7.6,%,-0.7859776525856745,-0.784326669181441,male_7.6
female,Fructose,7.6,%,0.875558707437924,0.8752198809835697,female_7.6
male,Fructose,7.6,%,0.8308611129171583,0.8313373902540995,male_7.6
female,Fructose,7.6,%,-0.3005612932195778,-0.2995626904095421,female_7.6
male,Fructose,7.6,%,0.5374905856444185,0.5374905856444187,male_7.6
female,Fructose,7.6,%,0.7515482283742895,0.7514615471655415,female_7.6
male,Fructose,7.6,%,0.979930815101969,0.979848209712716,male_7.6
female,Fructose,7.6,%,-0.928969994025135,-0.928871311226042,female_7.6
male,Fructose,7.6,%,-0.8371006838381649,-0.8272066893127776,male_7.6
female,Fructose,7.6,%,0.0458355342495789,0.0458563811232371,female_7.6
male,Fructose,7.6,%,-0.5636370560067022,-0.5636329017517137,male_7.6
female,Fructose,7.6,%,0.1920527048652243,0.1784359513519796,female_7.6
male,Fructose,7.6,%,0.0547885697333149,0.0607678291723939,male_7.6
female,Fructose,7.6,%,-0.1598319327731091,-0.1609375876184601,female_7.6
male,Fructose,7.6,%,0.9859127151832756,0.9857571499107448,male_7.6
female,Fructose,7.6,%,-0.7976461279794284,-0.7983321554770318,female_7.6
male,Fructose,7.6,%,0.8313290432790768,0.8312668097212378,male_7.6
female,Fructose,7.6,%,-0.5734097075670788,-0.5732327992459944,female_7.6
male,Fructose,7.6,%,0.9241984141067908,0.9241984141067908,male_7.6
female,Fructose,7.6,%,-0.9653943830990632,-0.9653802127441764,female_7.6
male,Fructose,7.6,%,-0.4684746022765413,-0.4881393156662099,male_7.6
female,Fructose,7.6,%,0.9174067411920928,0.9187800993336914,female_7.6
male,Fructose,7.6,%,-0.2417436997111864,-0.2434251888535309,male_7.6
female,Fructose,7.6,%,0.9207662168045276,0.9194917647058825,female_7.6
male,Fructose,7.6,%,-0.6506021564135437,-0.6842127837527745,male_7.6
female,Fructose,7.6,%,0.8659273066169618,0.8657609152071066,female_7.6
male,Fructose,7.6,%,0.94107591566794,0.9410709614737864,male_7.6
female,Fructose,7.6,%,-0.3393931999349276,-0.339910897735826,female_7.6
male,Fructose,7.6,%,0.8211517374371384,0.8211517374371384,male_7.6
female,Fructose,7.6,%,-0.0330759853718,-0.0327615641004796,female_7.6
male,Fructose,7.6,%,0.9979438352104328,0.997760990811994,male_7.6
female,Fructose,7.6,%,-0.978395476488283,-1.0,female_7.6
male,Fructose,7.6,%,-0.0518509658513246,-0.0105782132492901,male_7.6
female,Fructose,7.6,%,0.2038148283216745,0.2040676467337238,female_7.6
male,Fructose,7.6,%,-0.8374375292644937,-0.8374142248217596,male_7.6
female,Fructose,7.6,%,-0.1140970717201753,-0.1049667491572719,female_7.6
male,Fructose,7.6,%,-0.9780319940476192,-0.9778583949679874,male_7.6
female,Fructose,7.6,%,0.6830187980025385,0.6854547647544558,female_7.6
male,Fructose,7.6,%,0.3901919809386169,0.3904092196503564,male_7.6
female,Fructose,7.6,%,0.982499876829088,0.9831056439371538,female_7.6
male,Fructose,7.6,%,0.7949710226210506,0.7948943332709931,male_7.6
female,Fructose,7.6,%,0.0774215748121809,0.0745289802962749,female_7.6
male,Fructose,7.6,%,0.9588877835452638,0.9612445145702876,male_7.6
female,Fructose,7.6,%,-0.2649244512021286,-0.2602000803381855,female_7.6
male,Fructose,7.6,%,-0.9960533629794328,-0.9958026661937276,male_7.6
female,Fructose,7.6,%,0.9333314747181874,0.9338885996876628,female_7.6
male,Fructose,7.6,%,-0.9976801373358698,-0.997665166146777,male_7.6
female,Fructose,7.6,%,0.7597464838324759,0.7604524417569299,female_7.6
male,Fructose,7.6,%,-0.9995908232821552,-0.9996094185916752,male_7.6
female,Fructose,7.6,%,-0.9914102466213636,-0.9914052428018908,female_7.6
male,Fructose,7.6,%,-0.099009900990099,-0.350336143421193,male_7.6
female,Fructose,7.6,%,-0.9933255464708828,-0.9946568709300384,female_7.6
male,Fructose,7.6,%,0.9057250799186282,0.8813199678056632,male_7.6
female,Fructose,7.6,%,-0.5887939870174239,-0.567019210015109,female_7.6
male,Fructose,7.6,%,1.0,,male_7.6
female,Fructose,7.6,%,-0.7033043965275834,-0.6796674225245654,female_7.6
male,Fructose,7.6,%,-0.990073810129804,-0.9849464440798996,male_7.6
female,Fructose,7.6,%,-0.9540932440340724,-0.9540932440340724,female_7.6
male,Fructose,7.6,%,-0.8960465582982138,-0.8829554869322889,male_7.6
female,Fructose,7.6,%,-0.13500515286843,0.0904366654637315,female_7.6
male,Fructose,7.6,%,-1.0,,male_7.6
female,Fructose,7.6,%,0.4051351199505589,0.3963511972633979,female_7.6
male,Fructose,7.6,%,0.9155621011291114,0.915203056634005,male_7.6
male,Fructose,7.6,%,-0.6096488756129177,-0.8045112781954887,male_7.6
female,Fructose,7.6,%,0.9753705561127828,0.98122170681272,female_7.6
male,Fructose,7.6,%,0.9375455513819588,0.936837330611782,male_7.6
female,Fructose,7.6,%,0.6583501910541694,0.6577347444269309,female_7.6
male,Fructose,7.6,%,0.1465959531907534,-0.2268169387585978,male_7.6
female,Fructose,7.6,%,0.3048984055718644,0.2848513561530262,female_7.6
male,Fructose,7.6,%,-0.6360048379909605,-0.6296632124352332,male_7.6
female,Fructose,7.6,%,0.5376878806503883,0.6972986308128778,female_7.6
male,Fructose,7.6,%,-0.8629260026360382,-0.8629260026360384,male_7.6
female,Fructose,7.6,%,0.7318209893873885,0.7059475434059845,female_7.6
male,Fructose,7.6,%,0.809348239771646,0.8161523309258043,male_7.6
female,Fructose,7.6,%,1.0,1.0,female_7.6
male,Fructose,7.6,%,0.9729167837275944,0.9672621069075596,male_7.6
female,Fructose,7.6,%,1.0,,female_7.6
male,Fructose,7.6,%,0.0148627813752697,0.1537544696066746,male_7.6
female,Fructose,7.6,%,-0.3028161112981039,-0.4368619686939305,female_7.6
male,Fructose,7.6,%,-0.5383795309168444,-0.9936840027632488,male_7.6
female,Fructose,7.6,%,0.9970269948864312,0.9970156380565836,female_7.6
female,Fructose,7.6,%,-0.5984095427435387,1.0,female_7.6
male,Fructose,7.6,%,-0.6257657323185445,-0.6161705908485118,male_7.6
female,Fructose,7.6,%,-1.0,-1.0,female_7.6
male,Fructose,7.6,%,-1.0,,male_7.6
female,Fructose,7.6,%,1.0,,female_7.6
female,Fructose,7.6,%,-0.4904380012338064,-0.6144336785833612,female_7.6
male,Fructose,7.6,%,1.0,1.0,male_7.6
female,Fructose,7.6,%,-0.4597294001509784,-0.472383295261524,female_7.6
male,Fructose,7.6,%,-1.0,,male_7.6
female,Fructose,7.6,%,-0.1579124957822517,-0.0450864103054652,female_7.6
male,Fructose,7.6,%,1.0,,male_7.6
female,Fructose,7.6,%,0.5188806061346695,0.504468219005664,female_7.6
male,Fructose,7.6,%,-0.1290090952608903,-0.1290090952608903,male_7.6
female,Fructose,7.6,%,-0.0117185309784132,-0.0361777879866773,female_7.6
male,Fructose,7.6,%,0.9680820418275048,0.994395142456796,male_7.6
female,Fructose,7.6,%,-0.1137161626458262,0.543696981653186,female_7.6
male,Fructose,7.6,%,-0.4032030146019783,-0.4032030146019783,male_7.6
female,Fructose,7.6,%,-0.7875886924203175,-0.7526719559373156,female_7.6
male,Fructose,7.6,%,1.0,1.0,male_7.6
female,Fructose,7.6,%,-0.0288772715957181,-0.1433709108513728,female_7.6
male,Fructose,7.6,%,0.6105098937556777,0.6021663708245926,male_7.6
female,Fructose,7.6,%,0.3425179302240772,0.3425179302240771,female_7.6
male,Fructose,7.6,%,0.643479785840288,0.6432258330924557,male_7.6
male,Fructose,7.6,%,0.9104443900694535,0.908115676145416,male_7.6
female,Fructose,7.6,%,-0.4012265098937839,-0.7856125611843129,female_7.6
male,Fructose,7.6,%,-0.3240551287495657,-0.4186089797944284,male_7.6
female,Fructose,7.6,%,0.5341363862618217,0.5341363862618218,female_7.6
male,Fructose,7.6,%,0.1188458985671339,0.0432303534523872,male_7.6
female,Fructose,7.6,%,0.3195299384443201,0.302060431542697,female_7.6
male,Fructose,7.6,%,-0.6143103895957281,-0.5689411527202988,male_7.6
female,Fructose,7.6,%,-0.1859753199094937,-0.1876576825309176,female_7.6
male,Fructose,7.6,%,0.8474655770854397,0.8453523270068056,male_7.6
female,Fructose,7.6,%,0.1419343872174061,-0.2698661151018811,female_7.6
male,Fructose,7.6,%,0.0302272660683067,0.161573783489148,male_7.6
female,Fructose,7.6,%,-0.872467930308252,-0.8785282790545796,female_7.6
male,Fructose,7.6,%,-0.3116576592198684,-0.299105391195166,male_7.6
male,Fructose,7.6,%,0.8727476917878334,0.8730269174187905,male_7.6
female,Fructose,7.6,%,-0.3963336135079637,-0.3956455976651541,female_7.6
female,Fructose,7.6,%,-0.649574443723522,-0.6495376599582033,female_7.6
male,Fructose,7.6,%,-0.7614378752933766,-0.9990775226871764,male_7.6
male,Fructose,7.6,%,0.6903328708609633,0.6903328708609633,male_7.6
female,Fructose,7.6,%,-0.2256947501247175,-0.4051471825063078,female_7.6
female,Fructose,7.6,%,0.4469533125657254,0.1439627769843829,female_7.6
male,Fructose,7.6,%,0.0761283974910834,-0.1180235154040779,male_7.6
male,Fructose,7.6,%,-0.9947546965420906,-0.9947471094827997,male_7.6
female,Fructose,7.6,%,0.6155221711149149,0.5910907704042716,female_7.6
female,Fructose,7.6,%,0.3193006599318175,0.3193006599318175,female_7.6
male,Fructose,7.6,%,0.239698894468487,0.2373171415587806,male_7.6
male,Fructose,7.6,%,-0.9770820211706862,-0.9768084953277754,male_7.6
female,Fructose,7.6,%,0.0827286954047517,0.0823261496127433,female_7.6
female,Fructose,7.6,%,0.9236368842439124,0.922434140611891,female_7.6
male,Fructose,7.6,%,0.8226093172433901,0.8223151785798404,male_7.6
male,Fructose,7.6,%,0.9092700336449988,0.9092700336449988,male_7.6
female,Fructose,7.6,%,-0.3875583519382992,-0.3633764781585915,female_7.6
female,Fructose,7.6,%,-0.0819022176991901,-0.0822693531283138,female_7.6
male,Fructose,7.6,%,0.9143280540890988,0.912290682900002,male_7.6
male,Fructose,7.6,%,0.559444893842776,0.546397551135196,male_7.6
female,Fructose,7.6,%,-0.8218113894343599,-0.8218113894343598,female_7.6
male,Fructose,7.6,%,-0.3249639033171445,-0.9486224869694714,male_7.6
female,Fructose,7.6,%,0.9610910397790684,0.9603962302294016,female_7.6
male,Fructose,7.6,%,-0.354216155153665,-0.3653588231537266,male_7.6
female,Fructose,7.6,%,0.0875583977942866,0.0857729348118021,female_7.6
male,Fructose,7.6,%,0.7927172499466215,0.7864712469007438,male_7.6
female,Fructose,7.6,%,0.0401799741098696,0.039612676056338,female_7.6
male,Fructose,7.6,%,-0.6371621759647009,-0.6354344122657581,male_7.6
female,Fructose,7.6,%,-0.2685516536238153,-0.2692504426519772,female_7.6
male,Fructose,7.6,%,-0.6964821117999168,-0.6947657574521965,male_7.6
female,Fructose,7.6,%,-0.2375852087910015,-0.2380054137153744,female_7.6
male,Fructose,7.6,%,-0.1229207540731895,-0.1278058067586863,male_7.6
female,Fructose,7.6,%,-0.0230463625452414,0.2314350049256462,female_7.6
male,Fructose,7.6,%,-0.8098810081932445,-0.8113570095963715,male_7.6
female,Fructose,7.6,%,0.7123893805309734,0.7119268022445405,female_7.6
male,Fructose,7.6,%,-0.3044318652492062,-0.299555096528164,male_7.6
female,Fructose,7.6,%,-0.5408093202507254,-0.5423294793202452,female_7.6
male,Fructose,7.6,%,-0.9817738336187658,-0.9811658711857136,male_7.6
female,Fructose,7.6,%,1.0,,female_7.6
male,Fructose,7.6,%,0.2994276524289295,0.2914984405196992,male_7.6
female,Fructose,7.6,%,0.885258249983314,0.8964511797429503,female_7.6
male,Fructose,7.6,%,1.0,1.0,male_7.6
female,Fructose,7.6,%,0.1490720336908084,0.1479788965814815,female_7.6
male,Fructose,7.6,%,-0.0664260853274962,-0.0673627284569533,male_7.6
female,Fructose,7.6,%,0.2843906405689874,0.2922495448364868,female_7.6
male,Fructose,7.6,%,0.9106077536410296,0.9099399917953808,male_7.6
female,Fructose,7.6,%,0.8963186001590728,0.8900282210683834,female_7.6
male,Fructose,7.6,%,0.2353334696077156,0.5203604386556736,male_7.6
female,Fructose,7.6,%,0.258957868486678,0.2885050853962771,female_7.6
male,Fructose,7.6,%,0.7706578918883813,0.7706578918883814,male_7.6
female,Fructose,7.6,%,-0.4855640589038789,-0.4850485582371065,female_7.6
male,Fructose,7.6,%,0.4791113595081738,0.4283648949103534,male_7.6
female,Fructose,7.6,%,0.4980883072284947,0.495388259381555,female_7.6
male,Fructose,7.6,%,0.7485782191664544,0.7484785869965185,male_7.6
female,Fructose,7.6,%,-0.6063109522593823,-0.6063109522593821,female_7.6
male,Fructose,7.6,%,1.0,,male_7.6
female,Fructose,7.6,%,-0.7012670429793584,-0.6968243217819919,female_7.6
male,Fructose,7.6,%,-0.5883352661254849,-0.5904818155426306,male_7.6
male,Fructose,7.6,%,0.9310511415789828,0.9317043938837448,male_7.6
female,Fructose,7.6,%,-0.8343761573397267,-0.8318075198685656,female_7.6
male,Fructose,7.6,%,-0.7491580170563095,-0.750140409305442,male_7.6
female,Fructose,7.6,%,0.8532858837485171,0.852587817994584,female_7.6
male,Fructose,7.6,%,0.1290545350233206,0.1290545350233205,male_7.6
male,Fructose,7.6,%,0.7892229154849687,0.7766851323739906,male_7.6
female,Fructose,7.6,%,0.7270028540610711,0.7487700441720875,female_7.6
female,Fructose,7.6,%,-0.7091223685475343,-0.7105693559869928,female_7.6
male,Fructose,7.6,%,-0.3173194764449238,-0.3092467486086723,male_7.6
female,Fructose,7.6,%,-0.7294122039551467,-0.7293380970757759,female_7.6
male,Fructose,7.6,%,-0.983870359902016,-0.982100101418818,male_7.6
male,Fructose,7.6,%,-0.8307065244209343,-0.8262692553094522,male_7.6
female,Fructose,7.6,%,0.910388373092227,0.919496217880136,female_7.6
male,Fructose,7.6,%,-0.5906507966980226,-0.5885616154209801,male_7.6
female,Fructose,7.6,%,0.442735172035589,0.456117414663473,female_7.6
female,Fructose,7.6,%,0.930354677121864,0.930354677121864,female_7.6
male,Fructose,7.6,%,-0.8336560026069121,-0.925019620469684,male_7.6
female,Fructose,7.6,%,0.2944158218381253,0.3071791213863131,female_7.6
male,Fructose,7.6,%,1.0,,male_7.6
male,Fructose,7.6,%,-0.2025135739739424,-0.1988119169697106,male_7.6
female,Fructose,7.6,%,0.8735127582143715,0.8716958779788663,female_7.6
female,Fructose,7.6,%,-0.2781773093614383,-0.2794596775027668,female_7.6
female,Fructose,7.6,%,1.0,,female_7.6
male,Fructose,7.6,%,0.9681862449566389,0.9680829285541472,male_7.6
male,Fructose,7.6,%,-0.669044509193208,-0.6610483422856085,male_7.6
male,Fructose,7.6,%,-1.0,-1.0,male_7.6
male,Fructose,7.6,%,0.337647452607236,0.3379867297039547,male_7.6
female,Fructose,7.6,%,0.3374700059988003,0.3374700059988002,female_7.6
female,Fructose,7.6,%,0.8744308287997924,0.8744308287997924,female_7.6
female,Fructose,7.6,%,0.939050670758538,0.9150054281983102,female_7.6
female,Fructose,7.6,%,-0.2118150097819729,-0.2094472260152733,female_7.6
male,Fructose,7.6,%,-0.517428640808848,-0.5174286408088479,male_7.6
male,Fructose,7.6,%,0.7642909596877054,0.7511400385623782,male_7.6
male,Fructose,7.6,%,-0.0984301856758369,-0.0874303038012253,male_7.6
male,Fructose,7.6,%,-0.1868686374793416,-0.1876002974676112,male_7.6
female,Fructose,7.6,%,0.8367517869549906,0.834997594997595,female_7.6
female,Fructose,7.6,%,0.752318483098844,0.7497737745541618,female_7.6
female,Fructose,7.6,%,0.1107074262250102,0.1107074262250101,female_7.6
male,Fructose,7.6,%,0.9212851554878332,0.9274994873324508,male_7.6
male,Fructose,7.6,%,0.5480955077019191,0.5475213073735241,male_7.6
male,Fructose,7.6,%,0.5594381440331587,0.4950792271912558,male_7.6
female,Fructose,7.6,%,-0.7786292364581443,-0.7440282841674953,female_7.6
female,Fructose,7.6,%,-0.8231718044451395,-0.8224185316058108,female_7.6
female,Fructose,7.6,%,0.9030408146138138,0.9024230025712732,female_7.6
female,Fructose,7.6,%,-0.5678436035122939,-0.5653997687045494,female_7.6
male,Fructose,7.6,%,0.9615877597569716,0.961518628987412,male_7.6
male,Fructose,7.6,%,0.5665390461165516,0.5638538823392764,male_7.6
male,Fructose,7.6,%,0.3513064087616354,0.3435015571503182,male_7.6
female,Fructose,7.6,%,0.0556209006997468,-0.2334913029892719,female_7.6
male,Fructose,7.6,%,0.933658759384545,0.9323678058339072,male_7.6
female,Fructose,7.6,%,-0.932734453797355,-0.9326900402765594,female_7.6
female,Fructose,7.6,%,0.5197710767138554,0.5382350692054753,female_7.6
female,Fructose,7.6,%,-0.3958519786762131,-0.4120610927413006,female_7.6
male,Fructose,7.6,%,-0.1112997808359824,-0.1109838235003654,male_7.6
male,Fructose,7.6,%,-0.9766925845126886,-0.9742520212163344,male_7.6
male,Fructose,7.6,%,1.0,,male_7.6
female,Fructose,7.6,%,0.4723470897015748,0.4723470897015748,female_7.6
female,Fructose,7.6,%,0.7299060615974202,0.7256569952909008,female_7.6
male,Fructose,7.6,%,-0.212048288617967,-0.1906974843987784,male_7.6
female,Fructose,7.6,%,-0.0722751753072216,-0.0689414903147458,female_7.6
male,Fructose,7.6,%,-0.9285535800096107,-0.9400015468502262,male_7.6
female,Fructose,7.6,%,0.1936569058903182,0.2201436048271984,female_7.6
male,Fructose,7.6,%,-0.6492544924225427,-0.6423572475900294,male_7.6
female,Fructose,7.6,%,0.8116188027982457,0.8031294218977504,female_7.6
male,Fructose,7.6,%,-0.9472167799930852,-0.9469139379889888,male_7.6
female,Fructose,7.6,%,0.7262036566025315,0.7218929515820188,female_7.6
female,Fructose,7.6,%,0.998738498070644,0.997921315684896,female_7.6
male,Fructose,7.6,%,0.6978372910746111,0.6950671773832903,male_7.6
male,Fructose,7.6,%,1.0,,male_7.6
male,Fructose,7.6,%,0.6598984167766954,0.6566185477866116,male_7.6
female,Fructose,7.6,%,-0.933291415910656,-0.9364803262955854,female_7.6
female,Fructose,7.6,%,0.9682623445156427,0.9673529525803576,female_7.6
female,Fructose,7.6,%,0.0542846191753818,0.0712123909560263,female_7.6
male,Fructose,7.6,%,0.9779156373632496,0.9823708998845824,male_7.6
male,Fructose,7.6,%,-0.809139810814192,-0.8359227756999307,male_7.6
male,Fructose,7.6,%,0.9767924734494372,0.9741966840087926,male_7.6
female,Fructose,7.6,%,-0.5867104709629599,-0.5896401549360788,female_7.6
female,Fructose,7.6,%,-0.8562326356732728,-1.0,female_7.6
female,Fructose,7.6,%,-0.0885124668965172,-0.1216930127181916,female_7.6
male,Fructose,7.6,%,0.9634448169905953,0.9618611449451888,male_7.6
male,Fructose,7.6,%,0.7447378266091716,0.7243285772003317,male_7.6
male,Fructose,7.6,%,0.7126685883813411,0.7085165421558164,male_7.6
female,Fructose,7.6,%,-0.9297134070657108,-1.0,female_7.6
female,Fructose,7.6,%,-0.4402219384385046,-0.4391166705273724,female_7.6
female,Fructose,7.6,%,-0.4680022930935641,-0.4680908844030053,female_7.6
male,Fructose,7.6,%,0.3222827859305846,0.3213595946967223,male_7.6
male,Fructose,7.6,%,-0.6933739306945049,-0.683024071464972,male_7.6
male,Fructose,7.6,%,0.8421931078118011,0.8412283782597243,male_7.6
female,Fructose,7.6,%,0.7289943879271025,0.7235701643489254,female_7.6
female,Fructose,7.6,%,0.2063065626956571,0.2065400555631461,female_7.6
female,Fructose,7.6,%,-0.5732743522253024,-0.5728981979545432,female_7.6
male,Fructose,7.6,%,-0.02887013634852,-0.0459467740061065,male_7.6
male,Fructose,7.6,%,-0.9872234864028052,-0.9944029501506898,male_7.6
male,Fructose,7.6,%,0.9917247549110972,0.9909758848815584,male_7.6
female,Fructose,7.6,%,-0.5227277715590088,-0.5221509251527271,female_7.6
female,Fructose,7.6,%,0.5298368779682016,0.4997903061530166,female_7.6
female,Fructose,7.6,%,0.3879466989703209,0.3838590741499385,female_7.6
male,Fructose,7.6,%,-0.9916304762259028,-0.9911551388643198,male_7.6
male,Fructose,7.6,%,-0.3518685110120969,-0.4674310134871217,male_7.6
female,Fructose,7.6,%,0.8287839491069243,0.8285053279612583,female_7.6
female,Fructose,7.6,%,0.9287743768565156,0.927698997093976,female_7.6
male,Fructose,7.6,%,0.6285316631871956,0.6240012880114311,male_7.6
male,Fructose,7.6,%,0.99875228127677,0.998701059508923,male_7.6
female,Fructose,7.6,%,-0.5460257029855311,-0.5457344755438001,female_7.6
female,Fructose,7.6,%,-0.1635422141758648,-0.1594021441427341,female_7.6
male,Fructose,7.6,%,-0.3564768076768598,-0.3563160980694477,male_7.6
male,Fructose,7.6,%,0.8658409164307833,0.8617286851302535,male_7.6
female,Fructose,7.6,%,-0.428613520069928,-0.4259071038790594,female_7.6
female,Fructose,7.6,%,-0.2645790361897618,-0.2633212725151749,female_7.6
male,Fructose,7.6,%,0.9498179268981364,0.9472860605688688,male_7.6
male,Fructose,7.6,%,0.9362003309607831,0.9333999333999334,male_7.6
female,Fructose,7.6,%,-0.6273568443987513,-0.6272126816380449,female_7.6
female,Fructose,7.6,%,-0.80891142559673,-0.8576576576576577,female_7.6
male,Fructose,7.6,%,0.1041387257031677,0.1027319509611018,male_7.6
female,Fructose,7.6,%,-0.2438407244639765,-0.273631100697931,female_7.6
male,Fructose,7.6,%,-0.5185837624375702,-0.5185837624375702,male_7.6
male,Fructose,7.6,%,-0.512382193176923,-0.5075914313906483,male_7.6
female,Fructose,7.6,%,-0.0266661609073323,0.0281993488605058,female_7.6
female,Fructose,7.6,%,0.9298927995446352,0.9278045349302956,female_7.6
male,Fructose,7.6,%,-0.8737303399996286,-0.9710512950736414,male_7.6
male,Fructose,7.6,%,-0.5284999944563327,-0.523859641265647,male_7.6
female,Fructose,7.6,%,0.2264550033799254,0.2239419826954419,female_7.6
female,Fructose,7.6,%,0.6394957905363478,0.6209082852050606,female_7.6
male,Fructose,7.6,%,-0.9107892098166916,-0.910156862745098,male_7.6
male,Fructose,7.6,%,-0.4788886653702586,-0.4708519161588306,male_7.6
female,Fructose,7.6,%,-0.7991953146859894,-0.7989489547509564,female_7.6
male,Fructose,7.6,%,0.8587995265087721,0.8587995265087721,male_7.6
female,Fructose,7.6,%,-0.1353045212292425,-0.1347190877776458,female_7.6
male,Fructose,7.6,%,0.8354150338793043,0.8213304901295596,male_7.6
female,Fructose,7.6,%,0.299433129439179,0.3003654790466153,female_7.6
male,Fructose,14.0,%,-0.4043374122778404,-0.3326163227800517,male_14.0
female,Fructose,14.0,%,0.9912008185285088,0.9912,female_14.0
male,Fructose,14.0,%,-0.3149458825384933,-0.2903937265152753,male_14.0
female,Fructose,14.0,%,0.5127778713371506,0.5176819674554651,female_14.0
male,Fructose,14.0,%,1.0,,male_14.0
female,Fructose,14.0,%,0.9792509133502524,0.9786788938243302,female_14.0
male,Fructose,14.0,%,0.4479617018907836,0.4338750190287715,male_14.0
female,Fructose,14.0,%,-0.905494254187868,-0.905494254187868,female_14.0
male,Fructose,14.0,%,0.9964296340374889,0.9962430772220364,male_14.0
female,Fructose,14.0,%,0.5693108974358975,0.5767863133176786,female_14.0
male,Fructose,14.0,%,0.7107330330218532,0.7096222660301028,male_14.0
female,Fructose,14.0,%,-0.9979779991466784,-0.9979779991466784,female_14.0
male,Fructose,14.0,%,-0.4012292682926829,-0.3871914689671699,male_14.0
female,Fructose,14.0,%,-0.2806898116632629,-0.2896641023688019,female_14.0
male,Fructose,14.0,%,-0.9974800348348124,-0.9972763230360988,male_14.0
female,Fructose,14.0,%,0.5228989458548473,0.5267621454647571,female_14.0
male,Fructose,14.0,%,-0.3334319089161615,-0.6317249698431846,male_14.0
female,Fructose,14.0,%,-0.4177429136715682,-0.4254383334332953,female_14.0
male,Fructose,14.0,%,0.9784186011987605,0.9779607538445504,male_14.0
female,Fructose,14.0,%,-0.5316745224050597,1.0,female_14.0
male,Fructose,14.0,%,0.8844664671750484,0.8844664671750485,male_14.0
female,Fructose,14.0,%,-0.8511474095600762,-0.8460198824468471,female_14.0
male,Fructose,14.0,%,0.5837022246501027,0.5742959509958778,male_14.0
female,Fructose,14.0,%,-0.960334982870194,-0.9987580050456044,female_14.0
male,Fructose,14.0,%,-0.997441269723546,-0.9968984233652106,male_14.0
female,Fructose,14.0,%,0.4618112066961172,0.4623920607076747,female_14.0
male,Fructose,14.0,%,-1.0,,male_14.0
female,Fructose,14.0,%,0.994862426158968,0.994675227312047,female_14.0
male,Fructose,14.0,%,1.0,,male_14.0
female,Fructose,14.0,%,0.5297611865492244,0.5280748164983792,female_14.0
male,Fructose,14.0,%,0.9877298053045638,0.9876517283380234,male_14.0
female,Fructose,14.0,%,-0.996219719179139,-0.996219719179139,female_14.0
male,Fructose,14.0,%,1.0,1.0,male_14.0
female,Fructose,14.0,%,-0.8119785118299234,-0.8102178552887112,female_14.0
male,Fructose,14.0,%,0.7878390061157184,0.7380061155630535,male_14.0
female,Fructose,14.0,%,-0.9934057670616137,-0.9933942402410524,female_14.0
male,Fructose,14.0,%,-0.988593936678614,-0.9885880781838048,male_14.0
female,Fructose,14.0,%,0.9647647550617344,0.9654077378066518,female_14.0
male,Fructose,14.0,%,-0.2260983229658196,-0.1018247546909967,male_14.0
female,Fructose,14.0,%,0.5756016408857476,0.5733621414993404,female_14.0
male,Fructose,14.0,%,-0.9414230106820376,-0.940702818732427,male_14.0
female,Fructose,14.0,%,0.4768665013255794,0.466811941599477,female_14.0
male,Fructose,14.0,%,0.5069510731398437,0.5006221881879965,male_14.0
female,Fructose,14.0,%,-0.7592014176621322,-0.7579671702610233,female_14.0
male,Fructose,14.0,%,0.8416269845118368,0.8411231320049813,male_14.0
female,Fructose,14.0,%,-0.992781993950977,-0.9927211488983488,female_14.0
male,Fructose,14.0,%,0.5557508738221286,0.5445372339868185,male_14.0
female,Fructose,14.0,%,0.8975503599129513,0.910163271420012,female_14.0
male,Fructose,14.0,%,-0.9603988035892322,-0.9603766808986074,male_14.0
female,Fructose,14.0,%,0.8876461988304092,0.9296816619339412,female_14.0
male,Fructose,14.0,%,-0.7659144006358535,-0.8294533023928937,male_14.0
female,Fructose,14.0,%,0.9293663719559484,0.9284381322804328,female_14.0
male,Fructose,14.0,%,-0.8920350924343936,-0.8905932360007393,male_14.0
female,Fructose,14.0,%,-0.1737398818096042,-0.1904824265379927,female_14.0
male,Fructose,14.0,%,0.7032113225963885,0.7030084000781402,male_14.0
female,Fructose,14.0,%,-0.5104695191215448,-0.5106697214700926,female_14.0
male,Fructose,14.0,%,0.9282822882456274,0.9209221537975684,male_14.0
female,Fructose,14.0,%,-0.7869605585231452,-0.7899173873133968,female_14.0
male,Fructose,14.0,%,0.9746378885899124,0.9741823939078996,male_14.0
female,Fructose,14.0,%,-0.6281634272114242,-0.6309128836793484,female_14.0
male,Fructose,14.0,%,-0.8917713782819147,-0.8917438550846546,male_14.0
female,Fructose,14.0,%,0.0351780472479344,0.0351780472479344,female_14.0
male,Fructose,14.0,%,-0.6742317236113762,-0.6742317236113762,male_14.0
female,Fructose,14.0,%,0.9404441640846768,0.9398155092245388,female_14.0
male,Fructose,14.0,%,0.7983446344480997,0.7954927878770195,male_14.0
female,Fructose,14.0,%,-0.407017676672092,-0.4498083992316468,female_14.0
male,Fructose,14.0,%,0.9865680233673751,0.9865597132738833,male_14.0
female,Fructose,14.0,%,0.1836319491761273,0.1836319491761273,female_14.0
male,Fructose,14.0,%,0.1518893937628646,0.1516917220215204,male_14.0
female,Fructose,14.0,%,-0.5934213574241372,-0.5685942938041961,female_14.0
male,Fructose,14.0,%,0.8646787696359702,0.8592904860180557,male_14.0
female,Fructose,14.0,%,-0.4433832477908884,-0.4876206576866445,female_14.0
male,Fructose,14.0,%,-0.9877398770266876,-0.9877398770266876,male_14.0
female,Fructose,14.0,%,0.9845299557998736,0.9919285687656116,female_14.0
male,Fructose,14.0,%,-0.8688499146360391,-0.8701742464689608,male_14.0
female,Fructose,14.0,%,-0.1410529795850896,-0.1429612213133755,female_14.0
male,Fructose,14.0,%,0.6534336514150559,0.6487533710129054,male_14.0
female,Fructose,14.0,%,0.7265322361119836,0.7429187452439334,female_14.0
male,Fructose,14.0,%,-0.2828230526789735,-0.2780037848312124,male_14.0
female,Fructose,14.0,%,-0.910165262017986,-0.909511704670486,female_14.0
male,Fructose,14.0,%,-0.1614535373998004,-0.1870189307260245,male_14.0
female,Fructose,14.0,%,-0.7943429417075417,-0.7943429417075418,female_14.0
male,Fructose,14.0,%,0.979494759982565,0.9793649280061028,male_14.0
female,Fructose,14.0,%,0.8633157378427616,0.917673868520495,female_14.0
male,Fructose,14.0,%,0.4240144195502274,0.4239178283198826,male_14.0
female,Fructose,14.0,%,0.6263308824259023,0.6241041304825218,female_14.0
male,Fructose,14.0,%,-0.962560774891693,-0.962405729374442,male_14.0
female,Fructose,14.0,%,-0.0132943836113462,-0.0081268879349848,female_14.0
male,Fructose,14.0,%,0.1041289506401727,0.1054792426459347,male_14.0
female,Fructose,14.0,%,0.2663655838194245,0.2578172641217363,female_14.0
male,Fructose,14.0,%,0.4732604499112401,0.5970934023177067,male_14.0
female,Fructose,14.0,%,-0.6638788767181052,-0.6639958230415487,female_14.0
male,Fructose,14.0,%,0.6591119425027077,0.658883568796674,male_14.0
female,Fructose,14.0,%,-0.5278238035716015,-0.5277322814804765,female_14.0
male,Fructose,14.0,%,-0.0292270432248265,-0.0636659631558294,male_14.0
female,Fructose,14.0,%,0.6785861245987984,0.6756060842028759,female_14.0
male,Fructose,14.0,%,0.4284522408813776,0.4281647635456909,male_14.0
female,Fructose,14.0,%,0.3886430986268209,0.3909362653901628,female_14.0
male,Fructose,14.0,%,-0.9166426600005576,-0.930185112396354,male_14.0
female,Fructose,14.0,%,0.4634048766827356,0.4635219748344635,female_14.0
male,Fructose,14.0,%,-0.8385881540601742,-0.8354519481594965,male_14.0
female,Fructose,14.0,%,-0.1081693593098014,-0.1205617955426166,female_14.0
male,Fructose,14.0,%,0.5258271292649975,0.5261195817800224,male_14.0
female,Fructose,14.0,%,-0.4782186474133654,-0.4781966157516388,female_14.0
male,Fructose,14.0,%,0.9950073335858808,0.9950006322157704,male_14.0
female,Fructose,14.0,%,-0.5183482388488403,-0.5321940110293426,female_14.0
male,Fructose,14.0,%,0.9770391762676924,0.9740511365602188,male_14.0
female,Fructose,14.0,%,-0.6278145428133324,-0.6261210591919253,female_14.0
male,Fructose,14.0,%,-0.4945509129791084,-0.4948582945991526,male_14.0
female,Fructose,14.0,%,1.0,1.0,female_14.0
male,Fructose,14.0,%,-0.5982902615820989,-0.648842242158845,male_14.0
female,Fructose,14.0,%,0.8142401308589925,0.8141716313854734,female_14.0
male,Fructose,14.0,%,-0.0077846008502597,-0.0634857336550156,male_14.0
female,Fructose,14.0,%,0.6996184895558881,0.6992984121960226,female_14.0
male,Fructose,14.0,%,0.925274820206034,0.9259195247096949,male_14.0
female,Fructose,14.0,%,-0.918893400056652,-0.9188428252900496,female_14.0
male,Fructose,14.0,%,0.98254233245886,0.9816849816849816,male_14.0
female,Fructose,14.0,%,-0.6241744847086093,-0.6235049193782466,female_14.0
male,Fructose,14.0,%,0.5231044776119402,0.5230578835381475,male_14.0
female,Fructose,14.0,%,-0.8606053577641193,-0.8605797577737611,female_14.0
male,Fructose,14.0,%,-0.6698440553583536,-0.668163232582378,male_14.0
female,Fructose,14.0,%,0.9368345945133972,0.9343897800965428,female_14.0
male,Fructose,14.0,%,-0.9564794409037664,-0.9564794409037664,male_14.0
female,Fructose,14.0,%,0.8287035997395074,0.8279909350230571,female_14.0
male,Fructose,14.0,%,-0.7800595121569243,-0.7800595121569242,male_14.0
female,Fructose,14.0,%,0.8699909567382025,0.8698416097974124,female_14.0
male,Fructose,14.0,%,0.8319679412519494,0.8317021571069854,male_14.0
female,Fructose,14.0,%,-0.2118099073370179,-0.211096715816316,female_14.0
male,Fructose,14.0,%,0.8738345448798989,0.8728094631193245,male_14.0
female,Fructose,14.0,%,-0.8863403345343761,-0.8863403345343762,female_14.0
male,Fructose,14.0,%,0.99715887989304,0.9970992511138496,male_14.0
female,Fructose,14.0,%,-0.163047784703097,-0.1824496251977168,female_14.0
male,Fructose,14.0,%,-0.730120064316731,-0.7275916693392421,male_14.0
female,Fructose,14.0,%,-0.8765432098765432,-0.8758993490425977,female_14.0
male,Fructose,14.0,%,-0.0945507440975718,-0.0958103346436645,male_14.0
female,Fructose,14.0,%,0.7264801743616404,0.7261899995996637,female_14.0
male,Fructose,14.0,%,-0.8656367674036884,-0.8653520527135683,male_14.0
female,Fructose,14.0,%,0.8314760582664588,0.8267668820189028,female_14.0
male,Fructose,14.0,%,0.9751103597257442,0.9749815902267708,male_14.0
female,Fructose,14.0,%,-0.6795554130597413,-0.6794937574824697,female_14.0
male,Fructose,14.0,%,0.6425139383821845,0.6458956624309689,male_14.0
female,Fructose,14.0,%,0.60233745411586,0.6047241266387078,female_14.0
male,Fructose,14.0,%,0.3190756453470556,0.3195776032472543,male_14.0
female,Fructose,14.0,%,0.5159534094848992,0.5159534094848993,female_14.0
male,Fructose,14.0,%,1.0,,male_14.0
female,Fructose,14.0,%,0.5506219556378569,0.5503957146021708,female_14.0
male,Fructose,14.0,%,-0.9864131451884568,-0.9863650449333746,male_14.0
female,Fructose,14.0,%,0.3795486807969064,0.3809547142815143,female_14.0
male,Fructose,14.0,%,-0.5277819184616531,-0.5264274168683254,male_14.0
female,Fructose,14.0,%,0.6982282225264568,0.6966884623497153,female_14.0
male,Fructose,14.0,%,-0.0284078685212381,-0.0323768028846153,male_14.0
female,Fructose,14.0,%,-0.7209751731573113,-0.7209751731573113,female_14.0
male,Fructose,14.0,%,-0.4852804499752562,-0.4707933631997617,male_14.0
female,Fructose,14.0,%,-0.9689974916152306,-0.98257562858278,female_14.0
male,Fructose,14.0,%,0.786685482179294,0.7866386915263935,male_14.0
female,Fructose,14.0,%,-0.8595745079487012,-0.8580102490267214,female_14.0
male,Fructose,14.0,%,-0.9560842803030304,-0.9980452809656716,male_14.0
female,Fructose,14.0,%,0.9631201959940902,0.9636710565698892,female_14.0
male,Fructose,14.0,%,-0.7930856848491786,-0.7927812595536533,male_14.0
female,Fructose,14.0,%,0.8179018361857238,0.8430678932442714,female_14.0
male,Fructose,14.0,%,-0.1141658284820222,-0.1139047541616699,male_14.0
female,Fructose,14.0,%,-0.0520809642938367,-0.0512088474926729,female_14.0
male,Fructose,8.0,%,-0.6987242394504416,-0.6976676414136846,male_8.0
female,Fructose,8.0,%,0.9830285241213216,0.9834763625414032,female_8.0
male,Fructose,8.0,%,-0.6523159412453817,-0.8356860389447865,male_8.0
female,Fructose,8.0,%,0.3757511284896927,0.2814085874409779,female_8.0
male,Fructose,8.0,%,0.9066869043017544,0.9061916541089724,male_8.0
female,Fructose,8.0,%,0.7905296062881323,0.7888679512896886,female_8.0
male,Fructose,8.0,%,0.7755736740354711,0.7746210522507748,male_8.0
female,Fructose,8.0,%,-0.5555280826216787,-0.5335016818213576,female_8.0
male,Fructose,8.0,%,0.5560805392401222,0.5537787847759308,male_8.0
female,Fructose,8.0,%,-0.2687948227903192,-0.2687948227903192,female_8.0
male,Fructose,8.0,%,0.4725009272556087,0.4604369734819744,male_8.0
female,Fructose,8.0,%,-0.8545159064093144,-0.8812569867097255,female_8.0
male,Fructose,8.0,%,-0.8677327633144447,-0.8670679556555401,male_8.0
female,Fructose,8.0,%,0.9030726812768256,0.9023663980072438,female_8.0
male,Fructose,8.0,%,-0.1983151784704684,-0.1943828949112739,male_8.0
female,Fructose,8.0,%,0.622906718050397,0.6186648090970706,female_8.0
male,Fructose,8.0,%,-0.5118416020241049,-0.555232734095999,male_8.0
female,Fructose,8.0,%,0.9847042355362324,0.9838105143350536,female_8.0
male,Fructose,8.0,%,0.922154213488469,0.888583013520294,male_8.0
female,Fructose,8.0,%,-0.9543619676877536,-0.9543454447559458,female_8.0
male,Fructose,8.0,%,0.8845706217923035,0.8844901816654416,male_8.0
female,Fructose,8.0,%,0.0348394339093132,0.0322690865969228,female_8.0
male,Fructose,8.0,%,1.0,,male_8.0
female,Fructose,8.0,%,-0.9268933253995936,-0.9558679579298136,female_8.0
male,Fructose,8.0,%,-0.2474291581738211,-0.2492671322231601,male_8.0
female,Fructose,8.0,%,0.9209291032696666,0.95078851389531,female_8.0
male,Fructose,8.0,%,0.1117272629194087,0.1111422988480929,male_8.0
female,Fructose,8.0,%,-0.1820920874365558,-0.1841273699562469,female_8.0
male,Fructose,8.0,%,-0.7429264349232013,-0.7429264349232013,male_8.0
female,Fructose,8.0,%,0.890475084753634,0.8891895955495415,female_8.0
male,Fructose,8.0,%,0.7117418351477448,0.7107371378036726,male_8.0
female,Fructose,8.0,%,-0.3533288697326024,-0.3567780166762809,female_8.0
male,Fructose,8.0,%,-0.7093424308315213,-0.7098071568526348,male_8.0
female,Fructose,8.0,%,-0.1233085734267216,-0.1214000509727295,female_8.0
male,Fructose,8.0,%,0.8978607360885867,0.8961246336313307,male_8.0
female,Fructose,8.0,%,-0.9752893308380586,-0.9822843474360892,female_8.0
male,Fructose,8.0,%,-0.999243877772842,-0.9988419726995064,male_8.0
female,Fructose,8.0,%,-0.5575361598371328,-0.5575361598371328,female_8.0
male,Fructose,8.0,%,-0.7840685854749504,-0.7816844742765765,male_8.0
female,Fructose,8.0,%,0.5661597916491641,0.5622085770688757,female_8.0
male,Fructose,8.0,%,-0.9779685184667432,-0.977968518466743,male_8.0
female,Fructose,8.0,%,0.8283790931384335,0.8069471338475351,female_8.0
male,Fructose,8.0,%,0.9897479709525844,0.9897453045756004,male_8.0
female,Fructose,8.0,%,0.3299307837516605,0.3289533567502596,female_8.0
male,Fructose,8.0,%,0.8628022013319344,0.8621468683434818,male_8.0
female,Fructose,8.0,%,-0.8675022724010907,-0.8675022724010908,female_8.0
male,Fructose,8.0,%,0.8554980881253094,0.9745320031386616,male_8.0
female,Fructose,8.0,%,-0.3394325311358742,-0.3541674555988942,female_8.0
male,Fructose,8.0,%,-0.9973391959087778,-0.9972173157951866,male_8.0
female,Fructose,8.0,%,0.7269061790582894,0.7307570406592412,female_8.0
male,Fructose,8.0,%,-0.8813855641582296,-0.8813855641582294,male_8.0
female,Fructose,8.0,%,-0.0698927557564924,-0.0729669170950309,female_8.0
male,Fructose,8.0,%,-0.8850048629784312,-0.9409720176730486,male_8.0
female,Fructose,8.0,%,0.5826903205245825,0.5713860620127358,female_8.0
male,Fructose,8.0,%,0.0490671946636421,0.0489209324681566,male_8.0
female,Fructose,8.0,%,0.7818923371957973,0.7820848753342878,female_8.0
male,Fructose,8.0,%,-0.9503100941975436,-0.9503100941975436,male_8.0
female,Fructose,8.0,%,0.9057381809734,0.911381221906158,female_8.0
male,Fructose,8.0,%,0.7672088881016345,0.7663281836500849,male_8.0
female,Fructose,8.0,%,0.9985667218882044,0.9984960056253296,female_8.0
male,Fructose,8.0,%,0.9975186663959758,0.9975166777663644,male_8.0
female,Fructose,8.0,%,-0.2769377500697868,-0.2772943037974683,female_8.0
male,Fructose,8.0,%,0.5118530167319469,0.5118148694454484,male_8.0
female,Fructose,8.0,%,-0.3438929168990519,-0.3443427806293238,female_8.0
male,Fructose,8.0,%,-0.6200847208459016,-0.6473336876605545,male_8.0
female,Fructose,8.0,%,-0.9624931463566496,-0.9957472546165914,female_8.0
male,Fructose,8.0,%,0.1538996449877392,0.1553373154018102,male_8.0
female,Fructose,8.0,%,0.3888919920311307,0.3886301829154714,female_8.0
male,Fructose,8.0,%,0.4581044426818639,0.45750416625821,male_8.0
female,Fructose,8.0,%,0.9017102372709812,0.9015483157458182,female_8.0
male,Fructose,8.0,%,-0.9285649460001816,-0.943577809168606,male_8.0
female,Fructose,8.0,%,0.6102304439138065,0.5973768672980149,female_8.0
male,Fructose,8.0,%,0.2184758207077553,0.2176952722140802,male_8.0
female,Fructose,8.0,%,-0.971501945019342,-0.9722499241208864,female_8.0
male,Fructose,8.0,%,0.9907922765065622,0.9907922765065622,male_8.0
female,Fructose,8.0,%,-0.9179195777681164,-0.9197635818962028,female_8.0
male,Fructose,8.0,%,0.9771880772375366,0.9766786713034146,male_8.0
female,Fructose,8.0,%,0.493914616225178,0.4845778208436867,female_8.0
male,Fructose,8.0,%,-0.8662969317320353,-0.8480668306450698,male_8.0
female,Fructose,8.0,%,0.7764942628819101,0.7856156524106813,female_8.0
male,Fructose,8.0,%,-0.9805661565823114,-0.9972910361319732,male_8.0
female,Fructose,8.0,%,0.5026048338884619,0.4987616306312337,female_8.0
male,Fructose,8.0,%,-0.9237923268095682,-0.924633120635568,male_8.0
female,Fructose,8.0,%,-0.3073517741210667,-0.3197559939770665,female_8.0
male,Fructose,8.0,%,0.9739785564029616,0.9739442696879436,male_8.0
female,Fructose,8.0,%,-0.8306649997983627,-0.8294060290891363,female_8.0
male,Fructose,8.0,%,0.447445285502715,0.4541152646043849,male_8.0
female,Fructose,8.0,%,0.9929123412466486,0.9926254826254828,female_8.0
male,Fructose,8.0,%,0.8418116575701837,0.8024601481109577,male_8.0
female,Fructose,8.0,%,-0.2120905858132135,-0.2491826362031884,female_8.0
male,Fructose,8.0,%,-0.7933763682290206,-0.7926372419232177,male_8.0
female,Fructose,8.0,%,-0.5349070007749936,-0.5370163780698776,female_8.0
male,Fructose,8.0,%,-0.8792834967240247,-0.8818268297227588,male_8.0
female,Fructose,8.0,%,-0.8840587892131955,-0.8983484707711561,female_8.0
male,Fructose,8.0,%,-0.9278030303030304,-0.990301513433186,male_8.0
female,Fructose,8.0,%,0.8687057970138428,0.8591165596419537,female_8.0
male,Fructose,8.0,%,0.4954395012315271,0.4951917986234779,male_8.0
female,Fructose,8.0,%,-0.8012623340952489,-0.8012623340952488,female_8.0
male,Fructose,8.0,%,0.6797309881013968,0.6797309881013968,male_8.0
female,Fructose,8.0,%,0.4271652809365795,0.4257307318531808,female_8.0
male,Fructose,8.0,%,-0.2352258648154339,-0.2904617597205814,male_8.0
female,Fructose,8.0,%,-0.907884711872596,-0.9421161649121812,female_8.0
male,Fructose,8.0,%,-0.6401870935848196,-0.6110454540783294,male_8.0
female,Fructose,8.0,%,-0.8699530331136281,-0.8698554388182321,female_8.0
male,Fructose,8.0,%,-0.8316517945294355,-0.8283660068063078,male_8.0
female,Fructose,8.0,%,0.1610307500718459,0.1628749920044348,female_8.0
male,Fructose,8.0,%,-0.576616493761466,-0.5767856568062575,male_8.0
female,Fructose,8.0,%,0.5877972168109835,0.5777735344662975,female_8.0
male,Fructose,2.0,%,0.8741137289704465,0.8741137289704465,male_2.0
female,Fructose,2.0,%,0.8148066594544914,0.8148066594544915,female_2.0
male,Fructose,2.0,%,0.1190291829040734,0.0846599227127049,male_2.0
female,Fructose,2.0,%,0.549423493231504,0.5503453661438917,female_2.0
male,Fructose,2.0,%,-0.8288699944087763,-0.8279144613117742,male_2.0
female,Fructose,2.0,%,0.6412823916431003,0.6405978952237771,female_2.0
male,Fructose,2.0,%,0.0417411876035012,0.0409970357883571,male_2.0
female,Fructose,2.0,%,-0.09386628839035,-0.0948875295399068,female_2.0
male,Fructose,2.0,%,0.7437156717315481,0.7419804038304356,male_2.0
female,Fructose,2.0,%,-0.0408350583915947,-0.0933502918158226,female_2.0
male,Fructose,2.0,%,0.7658744372912532,0.7654111416127499,male_2.0
female,Fructose,2.0,%,-0.338884469560007,-0.3602728942534768,female_2.0
male,Fructose,2.0,%,-0.4180064642853431,-0.4180064642853431,male_2.0
female,Fructose,2.0,%,0.9348489861511556,0.9344711195626336,female_2.0
male,Fructose,2.0,%,-0.6780828344624392,-0.6872016453140626,male_2.0
female,Fructose,2.0,%,0.5012198427758201,0.5010221536150862,female_2.0
male,Fructose,2.0,%,0.0039223656132506,-0.0156980178014485,male_2.0
female,Fructose,2.0,%,-0.2704733139623795,-0.2704454215255209,female_2.0
male,Fructose,2.0,%,-0.4976165759200016,-0.4974355713801288,male_2.0
female,Fructose,2.0,%,-0.5412783231846237,-0.5756087232691086,female_2.0
male,Fructose,2.0,%,0.5368257261410789,0.5346383089600365,male_2.0
female,Fructose,2.0,%,-0.7515196998123828,-0.757173645030445,female_2.0
male,Fructose,2.0,%,-0.4319909077432425,-0.500828637719589,male_2.0
female,Fructose,2.0,%,0.3557489624417983,0.340968115997585,female_2.0
male,Fructose,2.0,%,0.7933446415978959,0.7857665026771778,male_2.0
female,Fructose,2.0,%,0.5904404073180624,0.5933486606426777,female_2.0
male,Fructose,2.0,%,-0.7015922330097087,-0.8222499480141402,male_2.0
female,Fructose,2.0,%,0.897779079007905,0.9587308439456076,female_2.0
male,Fructose,2.0,%,0.4026810765873428,0.4013066944418142,male_2.0
female,Fructose,2.0,%,0.4407642801291177,0.4322440131491903,female_2.0
male,Fructose,2.0,%,0.0964384515679712,0.0956161412748818,male_2.0
female,Fructose,2.0,%,-0.7771318912674902,-0.798612158696636,female_2.0
male,Fructose,2.0,%,1.0,1.0,male_2.0
female,Fructose,2.0,%,-0.9079106765724332,-0.91709755256808,female_2.0
male,Fructose,2.0,%,0.6794548354356967,0.6779012393643886,male_2.0
female,Fructose,2.0,%,0.0596102913356034,0.0382502031497891,female_2.0
male,Fructose,2.0,%,0.1290922224897664,0.1290922224897664,male_2.0
female,Fructose,2.0,%,0.9714013895695794,0.97052181148223,female_2.0
male,Fructose,2.0,%,-0.7423367824707245,-0.7417913650818425,male_2.0
female,Fructose,2.0,%,0.98079561042524,0.9807479674796749,female_2.0
male,Fructose,2.0,%,-0.8572839318609111,-0.9380146046152168,male_2.0
female,Fructose,2.0,%,0.8972301814708692,0.8928744133124733,female_2.0
male,Fructose,2.0,%,0.0721139235010637,0.0721139235010636,male_2.0
female,Fructose,2.0,%,0.350046320990427,0.3542664038299071,female_2.0
male,Fructose,2.0,%,0.6940741684720275,0.695348866868169,male_2.0
female,Fructose,2.0,%,-0.0615139546555523,-0.0549042444485952,female_2.0
male,Fructose,2.0,%,0.7282812832775077,0.7166479905508949,male_2.0
female,Fructose,2.0,%,0.0203195554011809,-0.000847691519142,female_2.0
male,Fructose,2.0,%,0.6660957490713992,0.7270374331550802,male_2.0
female,Fructose,2.0,%,0.3756501824392516,0.3771603439063486,female_2.0
male,Fructose,2.0,%,-0.5654506543586102,-0.5628553003621212,male_2.0
female,Fructose,2.0,%,-0.492283119439853,-0.4906512888830922,female_2.0
male,Fructose,2.0,%,-0.6595240658985678,-0.680631282590162,male_2.0
female,Fructose,2.0,%,0.5687088420991377,0.558684886917344,female_2.0
male,Fructose,14.0,%,0.5540175977421765,0.5761944853715008,male_14.0
female,Fructose,14.0,%,-0.5118296623308991,-0.5111932781076308,female_14.0
male,Fructose,14.0,%,0.4196320967124132,0.4180281795698118,male_14.0
female,Fructose,14.0,%,-0.8381368351484152,-0.838348133459781,female_14.0
male,Fructose,14.0,%,-0.362944898101968,-0.3601116376194683,male_14.0
female,Fructose,14.0,%,-0.1175644898907738,-0.1335816321719862,female_14.0
male,Fructose,14.0,%,-0.9564660691421254,-0.8768180624835915,male_14.0
female,Fructose,14.0,%,0.091504691213088,0.082110539304777,female_14.0
male,Fructose,14.0,%,0.022970841996364,0.022970841996364,male_14.0
female,Fructose,14.0,%,0.8809014514896868,0.8815123321169975,female_14.0
male,Fructose,14.0,%,-0.7004996262638185,-0.7002313333661466,male_14.0
female,Fructose,14.0,%,0.6855440956086994,0.675857413609575,female_14.0
male,Fructose,14.0,%,0.6524953789279113,0.6523618080011635,male_14.0
female,Fructose,14.0,%,-0.1781371841155234,-0.1787499638801398,female_14.0
male,Fructose,14.0,%,0.9566377011098682,0.9637337017528712,male_14.0
female,Fructose,14.0,%,-0.0437024972855591,-0.0472796604398846,female_14.0
male,Fructose,14.0,%,-0.321244392268668,-0.3210807183820677,male_14.0
female,Fructose,14.0,%,-0.143036251261105,-0.1672401376330319,female_14.0
male,Fructose,14.0,%,-0.2655647497759343,-0.2667000458964409,male_14.0
female,Fructose,14.0,%,0.4206474391785315,0.4188931497663502,female_14.0
male,Fructose,14.0,%,-0.4159288399515191,-0.4159288399515191,male_14.0
female,Fructose,14.0,%,0.9584319374421236,0.9583130088927244,female_14.0
male,Fructose,14.0,%,-0.4820965121431435,-0.4783763680799064,male_14.0
female,Fructose,14.0,%,0.9803625659083712,0.980031827826614,female_14.0
male,Fructose,14.0,%,-0.1671852455315516,-0.1686764749240793,male_14.0
female,Fructose,14.0,%,-0.9648382829425411,-0.9669878315611684,female_14.0
male,Fructose,14.0,%,-0.6277890561413028,-0.6302903670111593,male_14.0
female,Fructose,14.0,%,-0.6327218660327861,-0.6372183128685792,female_14.0
male,Fructose,14.0,%,-0.7087592085470744,-0.7374577185156135,male_14.0
female,Fructose,14.0,%,-0.9439544720132552,-0.9453759011328527,female_14.0
male,Fructose,14.0,%,-0.5069506318320735,-0.5069506318320735,male_14.0
female,Fructose,14.0,%,0.52094767935077,0.5211808963035656,female_14.0
male,Fructose,14.0,%,-0.3181753218912002,-0.3181753218912001,male_14.0
female,Fructose,14.0,%,0.8522563736001907,0.8496309157750769,female_14.0
male,Fructose,14.0,%,-0.7273455618806662,-0.7302274503178391,male_14.0
female,Fructose,14.0,%,-0.3492548634660004,-0.3516823672712237,female_14.0
male,Fructose,14.0,%,0.9899506926508572,0.9899412455934196,male_14.0
female,Fructose,14.0,%,-0.7256643019751944,-0.7265123663891278,female_14.0
male,Fructose,14.0,%,1.0,,male_14.0
female,Fructose,14.0,%,-0.9436543988133864,-0.9479341837540533,female_14.0
male,Fructose,14.0,%,0.9825640345307924,0.9824187584203636,male_14.0
female,Fructose,14.0,%,-0.9075112482447006,-0.9525560292564634,female_14.0
male,Fructose,14.0,%,0.2165929254258269,0.2154058087475605,male_14.0
female,Fructose,14.0,%,0.2091104052990199,0.1987789450525273,female_14.0
male,Fructose,14.0,%,-0.1235278184083644,-0.1322378118687558,male_14.0
female,Fructose,14.0,%,0.8465261958997721,0.8439038517231393,female_14.0
male,Fructose,14.0,%,0.3708801861186506,0.3582658565793955,male_14.0
female,Fructose,14.0,%,0.1887325706300124,0.1683771648492623,female_14.0
male,Fructose,14.0,%,0.6982511495469149,0.6986269736652202,male_14.0
female,Fructose,14.0,%,0.5242025656142633,0.533398781036528,female_14.0
male,Fructose,14.0,%,1.0,,male_14.0
female,Fructose,14.0,%,0.5055061823802163,0.5160137156197563,female_14.0
male,Fructose,14.0,%,0.6541394948864161,0.6488478208899375,male_14.0
female,Fructose,14.0,%,-0.7930031867134982,-0.7938168320863829,female_14.0
male,Fructose,8.0,%,0.7913363906014313,0.7912751134154244,male_8.0
female,Fructose,8.0,%,-0.8692758928152423,-0.8692317081185628,female_8.0
male,Fructose,8.0,%,0.9936594202898552,0.9936334054207006,male_8.0
female,Fructose,8.0,%,-0.7099360619778785,-0.7092004791136398,female_8.0
male,Fructose,8.0,%,0.3769057404215829,0.3631502694364245,male_8.0
female,Fructose,8.0,%,-0.8774064081268184,-0.919294043739448,female_8.0
male,Fructose,8.0,%,-0.9987957276121132,-0.9983101740520728,male_8.0
female,Fructose,8.0,%,0.9533427420485452,0.95333489132975,female_8.0
male,Fructose,8.0,%,0.0685367377215585,0.1352399518851881,male_8.0
female,Fructose,8.0,%,0.4775150158469825,0.4656178807421596,female_8.0
male,Fructose,8.0,%,-0.911182975172126,-0.9575591148532412,male_8.0
female,Fructose,8.0,%,0.7932918861125411,0.7862364094268924,female_8.0
male,Fructose,8.0,%,0.7552092061895983,0.755188692421576,male_8.0
female,Fructose,8.0,%,-0.1538161309837441,-0.1694258193397812,female_8.0
male,Fructose,8.0,%,0.8953939439590237,0.7027504280821918,male_8.0
female,Fructose,8.0,%,-0.5060485704756996,-0.5060485704756996,female_8.0
male,Fructose,8.0,%,0.7430485959637644,0.7124415855736984,male_8.0
female,Fructose,8.0,%,-0.6328501364768315,-0.6913008707014046,female_8.0
male,Fructose,8.0,%,-0.9915580500023192,-0.9915237660559432,male_8.0
female,Fructose,8.0,%,0.0586705202312138,0.0568987983205443,female_8.0
male,Fructose,8.0,%,-0.4594380075693778,-0.4509561028363565,male_8.0
female,Fructose,8.0,%,0.91508207680309,0.8910697696577023,female_8.0
male,Fructose,8.0,%,0.4735567600291344,0.4682704985382072,male_8.0
female,Fructose,8.0,%,0.9262120629682066,0.925027626414663,female_8.0
male,Fructose,8.0,%,-0.1085918254486954,-0.1089123848078349,male_8.0
female,Fructose,8.0,%,-0.7869116129452125,-0.7903738134938009,female_8.0
male,Fructose,8.0,%,0.9632645826920028,0.964144058384896,male_8.0
female,Fructose,8.0,%,-0.6020682908650486,-0.6028448123188204,female_8.0
male,Fructose,8.0,%,0.57749853944489,0.5660204642079782,male_8.0
female,Fructose,8.0,%,-0.4609091994745432,-0.4919557285579258,female_8.0
male,Fructose,8.0,%,-0.4817296161584126,-0.4795425818844113,male_8.0
female,Fructose,8.0,%,0.9088795908879592,0.9089461510745376,female_8.0
male,Fructose,8.0,%,-0.8009020356751045,-0.7997548017981202,male_8.0
female,Fructose,8.0,%,-0.6970738788295515,-0.7132224632441552,female_8.0
male,Fructose,8.0,%,-0.5511399051810437,-0.5502649507948524,male_8.0
female,Fructose,8.0,%,0.9194074014834956,0.9165009528544203,female_8.0
male,Fructose,8.0,%,0.8733389440113394,0.8726805213887374,male_8.0
female,Fructose,8.0,%,0.0711890661452872,0.0711991839202055,female_8.0
male,Fructose,8.0,%,0.258756020084025,0.258740828790425,male_8.0
female,Fructose,8.0,%,-0.9636512074515952,-0.9749192901263366,female_8.0
male,Fructose,8.0,%,0.4623113020287259,0.4507834513449161,male_8.0
female,Fructose,8.0,%,-0.5158597037023155,-0.5486415592869861,female_8.0
male,Fructose,8.0,%,0.426147723238476,0.426147723238476,male_8.0
female,Fructose,8.0,%,-0.6447843464288256,-0.6387667931865427,female_8.0
male,Fructose,8.0,%,-0.8003249785215345,-0.9455253703628952,male_8.0
female,Fructose,8.0,%,0.6906398782107845,0.6450062310842086,female_8.0
male,Fructose,8.0,%,-0.2804249839021249,-0.2804249839021249,male_8.0
female,Fructose,8.0,%,0.9265977523026222,0.925339496151422,female_8.0
male,Fructose,8.0,%,0.8983223909247782,0.8982496653621752,male_8.0
female,Fructose,8.0,%,-0.6280475518839411,-0.6293088809645101,female_8.0
male,Fructose,8.0,%,0.9879604122028364,0.9884030541716532,male_8.0
female,Fructose,8.0,%,-0.6593573725044761,-0.659357372504476,female_8.0
male,Fructose,8.0,%,-0.0879313995341943,-0.0947110519307589,male_8.0
female,Fructose,8.0,%,-0.5540192054907234,-0.5711561092399464,female_8.0
male,Fructose,2.0,%,0.4405174103351408,0.4403554958083608,male_2.0
female,Fructose,2.0,%,0.1213210651392359,-0.0352204689362068,female_2.0
male,Fructose,2.0,%,0.158404666540148,0.1538662382004418,male_2.0
female,Fructose,2.0,%,-0.1148542222507956,-0.1166010238138676,female_2.0
male,Fructose,2.0,%,-0.2355486862442041,-0.2394879398397147,male_2.0
female,Fructose,2.0,%,-0.1845377026009169,-0.2041327548232803,female_2.0
male,Fructose,2.0,%,0.3106026038076561,0.3079554425050434,male_2.0
female,Fructose,2.0,%,-0.1228093367578184,-0.1538386896444651,female_2.0
male,Fructose,2.0,%,-0.6475115876211432,-0.6522768037413017,male_2.0
female,Fructose,2.0,%,0.87394419306184,-0.2600829249905767,female_2.0
male,Fructose,2.0,%,0.7139822874589901,0.7089653043109104,male_2.0
female,Fructose,2.0,%,0.0660807969847913,0.0552644435716406,female_2.0
male,Fructose,2.0,%,-0.2711231761112996,-0.2907783089977171,male_2.0
female,Fructose,2.0,%,0.4526313555274915,0.4542363877822045,female_2.0
male,Fructose,2.0,%,-0.0286243760523667,-0.0256927858334915,male_2.0
female,Fructose,2.0,%,0.7220965380886294,0.721633484722976,female_2.0
male,Fructose,2.0,%,-0.2511099120589933,-0.257897191369481,male_2.0
female,Fructose,2.0,%,0.8475695995235968,0.8323182902238554,female_2.0
male,Fructose,2.0,%,0.2268725781573304,0.1892734212420976,male_2.0
female,Fructose,2.0,%,-0.4653958389355324,-0.4619879524110212,female_2.0
male,Fructose,2.0,%,-0.0987900286700034,-0.093707851990852,male_2.0
female,Fructose,2.0,%,0.2644412461117043,0.2618435275261843,female_2.0
male,Fructose,2.0,%,0.9551987834656608,0.9535659079198618,male_2.0
female,Fructose,2.0,%,-0.6960000000000001,-0.7017635198455145,female_2.0
male,Fructose,2.0,%,-0.1949324155818245,-0.1905153563762563,male_2.0
female,Fructose,2.0,%,0.701347383130801,0.699896581496627,female_2.0
male,Fructose,2.0,%,-0.4175926186390615,-0.4195093095969127,male_2.0
female,Fructose,2.0,%,0.3383784198022836,0.3367646776392863,female_2.0
male,Fructose,2.0,%,-0.5677041391528427,-0.574248718804015,male_2.0
female,Fructose,2.0,%,-0.9248210908821238,-1.0,female_2.0
male,Fructose,2.0,%,0.2257543627555884,0.2264940626824995,male_2.0
female,Fructose,2.0,%,0.0185993582568464,0.0119916237052896,female_2.0
male,Fructose,2.0,%,-0.5755871399255149,-0.5714874962829379,male_2.0
female,Fructose,2.0,%,-0.2092955991634405,-0.2133313986583773,female_2.0
male,Fructose,2.0,%,0.8273283480625425,0.8199420736029814,male_2.0
female,Fructose,2.0,%,0.1135176833610254,0.0988387875131956,female_2.0
male,Fructose,2.0,%,-0.1741032196213149,-0.1725828397630862,male_2.0
female,Fructose,2.0,%,-0.1057700360103843,-0.0917836959192545,female_2.0
male,Fructose,2.0,%,0.0642792513929234,0.0638512773114048,male_2.0
female,Fructose,2.0,%,-0.5565125387485382,-0.5495602499929301,female_2.0
male,Fructose,2.0,%,0.1014650027129679,0.0007516170352413,male_2.0
female,Fructose,2.0,%,-0.4937097498876741,-0.5935449724882413,female_2.0
male,Fructose,2.0,%,0.3363263865743917,0.3357859728639962,male_2.0
female,Fructose,2.0,%,0.7101369811213734,0.7161885245901639,female_2.0
male,Fructose,2.0,%,0.0869052538221984,0.0566921755427143,male_2.0
female,Fructose,2.0,%,0.0604552793330374,0.0600026449528631,female_2.0
male,Fructose,2.0,%,0.9193649026139212,0.9151420864944588,male_2.0
female,Fructose,2.0,%,-0.8577375260167633,-0.9087756478181293,female_2.0
male,Fructose,2.0,%,-0.3000552089084261,-0.3176097972972973,male_2.0
female,Fructose,2.0,%,0.585974216358384,0.6178171662305104,female_2.0
male,Fructose,2.0,%,0.7072408371541278,0.720327486267776,male_2.0
female,Fructose,2.0,%,0.697322962305302,0.6952466088849159,female_2.0
male,Fructose,2.0,%,-0.7978223719544943,-0.8015167082538285,male_2.0
female,Fructose,2.0,%,0.977133296151701,0.976762858357342,female_2.0
