,genotype,activity_ratio,speed_ratio
0,15V,,0.5044747718475187
1,15V,,0.427159502055101
2,15V,,0.4996478067504275
3,15V,1.0,0.4805194747846617
4,15V,1.0,0.5838819552788498
5,15V,0.8956469886702445,0.4347397030707226
6,15V,,0.5159692878499972
7,15V,,0.3866186208524599
8,15V,,0.43528582485506784
9,15V,0.9813925570228091,0.7634004683794549
10,15V,1.0,0.5185209311397381
11,15V,1.0,0.6026971679723561
12,15V,0.9674074074074074,0.5054702972689691
13,15V,,0.5272235640416809
14,15V,0.865074633120495,0.3471608215981862
15,15V,,0.4943822624199546
16,15V,1.0,0.4961628490090212
17,15V,0.9876986160943106,0.49980777806365306
18,15V,,0.5516341234608817
19,15V,,0.49475970274435355
20,15V,0.9584605986560782,0.5711207463057748
21,15V,0.995697463768116,0.6738167213594102
22,15V,0.8907528641571195,0.5032954323606172
23,15V,0.9023099133782483,0.5168892543067956
24,15V,1.0,0.5452444602518566
25,15V,0.9442013129102844,0.34756518799536246
26,15V,1.0,0.47458966508703715
27,15V,1.0,0.5718625480383994
28,15V,0.9066278401435872,0.6356788587041651
29,15V,1.0,0.5106335168493203
30,15V,,0.4194270287163231
31,15V,,0.42582082953626077
32,15V,,0.4442466183371966
33,15V,0.9125506072874494,0.48859573728278316
34,15V,0.8238736102984201,0.40609150424414797
35,15V,1.0,0.6921815054934186
36,15V,0.8241822429906542,0.5148458547557849
37,15V,0.9519832985386222,0.5258361797782307
38,15V,1.0,0.7026106198147504
39,15V,0.952316076294278,0.507875963797633
40,15V,0.8907063197026023,0.4921290491275526
41,15V,0.9280340075918501,0.47972969147429545
42,15V,0.818783865141481,0.442813533408842
43,15V,0.884452702612095,0.4282638385000917
44,15V,,0.4450714280844594
45,15V,,0.4511819841825626
46,15V,1.0,0.5218733638420417
47,15V,0.9586249485384932,0.7273436830104003
48,15V,0.9776649746192894,0.7354588524748796
49,15V,0.9859007832898172,0.9129134767293783
50,15V,0.5,0.29197878694323554
51,15V,0.5694014447884417,0.5841045329690993
52,15V,0.950828729281768,0.7009173493174532
53,15V,1.0,0.9436717308711612
54,15V,0.909054805401112,0.6831388642648692
55,15V,0.9008651766402307,0.48136250847514206
56,15V,,0.4266397980275145
57,15V,1.0,0.35864231544794567
58,15V,1.0,0.8264442021566709
59,15V,1.0,0.5877939267158786
60,15V,0.9940357852882704,0.6109948746868996
61,15V,1.0,0.618495024422584
62,15V,,0.5033202542480836
63,15V,1.0,0.9886610865900409
64,15V,1.0,0.9757103776638132
65,15V,1.0,0.9486293374949742
66,15V,1.0,0.6488209285878432
67,15V,1.0,0.6557046368814425
68,15V,0.8999842957853844,0.5268257516266516
69,15V,1.0,0.9669891313885464
70,15V,1.0,0.9698132135571561
71,15V,0.7386973421344416,0.11017484218845577
72,15V,0.8454800420134533,0.5368493877682385
73,15V,1.0,0.41907556719059635
74,15V,1.0,0.4698134714818315
75,15V,0.9409131602506715,0.4878086642671981
76,15V,1.0,0.9690745624447976
77,15V,1.0,0.9715793352851873
78,15V,1.0,0.4083324476761354
79,15V,,0.4721463437335727
80,15V,0.987319741422178,0.7367326152012005
81,15V,0.9005883167220377,0.49053818204553445
82,15V,1.0,0.9735319491175989
83,15V,1.0,0.7505661006509925
84,15V,1.0,0.5531585539587789
85,15V,1.0,0.5645921866505319
86,15V,1.0,0.7353587170589727
87,15V,1.0,0.9544503427780524
88,15V,0.9505718954248366,0.662022322751967
89,15V,0.9757998359310911,0.9483904121051179
90,15V,0.8254879448909299,0.33401955551756024
91,15V,1.0,0.5957583210687956
92,15V,1.0,0.8056085634479997
93,15V,1.0,0.9766744168262194
94,15V,1.0,0.9772519360068912
95,15V,1.0,0.6478079204130702
96,15V,0.913704128440367,0.41497362224393247
97,15V,0.9910714285714286,0.5236261431318174
98,15V,1.0,0.47915905833944517
99,15V,0.9154698399671728,0.7840760021799877
100,15V,1.0,0.9815998972567715
101,15V,1.0,0.9703525025537674
102,15V,1.0,0.5637541162886239
103,15V,0.8443483631871526,0.264716601936659
104,15V,0.5910931174089069,0.583238048118277
105,15V,0.854341736694678,0.35857022751241197
106,15V,0.9249843191550553,0.6268675280288576
107,15V,1.0,0.9889320824779718
108,13V,0.9033018867924528,0.5978500937540441
109,13V,0.7059859154929577,0.37750228375007033
110,13V,1.0,0.38541243957936244
111,13V,1.0,0.47029571867099856
112,13V,0.9318923327895595,0.48961557681501733
113,13V,0.7135847457627118,0.4199347548434177
114,13V,1.0,0.4644718378212493
115,13V,1.0,0.4946835408292841
116,13V,0.7948717948717949,0.4469338179811093
117,13V,0.648854961832061,0.11495324163178736
118,13V,1.0,0.9528130442234521
119,13V,0.9368641532016757,0.5440536690768749
120,13V,1.0,0.5481154498300849
121,13V,1.0,0.451219446253173
122,13V,1.0,0.8523583864877984
123,13V,0.8779836617383114,0.4634626660040561
124,13V,1.0,0.7145600199477765
125,13V,1.0,0.5771991917108116
126,13V,1.0,0.4122544527440405
127,13V,1.0,0.6433935121178078
128,13V,0.25704225352112675,0.5448087907738293
129,13V,1.0,0.6542733688317648
130,13V,1.0,0.5657932200903856
131,13V,0.8862028301886793,0.5006120999974972
132,13V,1.0,0.5088127579668109
133,13V,1.0,0.5046996163645239
134,13V,1.0,0.6810270834367658
135,13V,1.0,0.4585106260973496
136,13V,0.9585308056872037,0.6587550703669411
137,13V,1.0,0.8041415386578172
138,13V,1.0,0.6964329178068681
139,13V,1.0,0.5170874969028498
140,13V,1.0,0.5224835097813842
141,13V,1.0,0.6670687804887258
142,13V,1.0,0.46749898937122436
143,13V,1.0,0.9103676991007392
144,13V,0.9351851851851851,0.593200653766348
145,13V,0.5902497472274635,0.40333941931800854
146,13V,1.0,0.8871950567938351
147,13V,1.0,0.9389970313813519
148,13V,0.8348688873139617,0.4441435712238593
149,13V,1.0,0.499530995833432
150,13V,1.0,0.6979048157168548
151,13V,1.0,0.4600585360316729
152,13V,1.0,0.459955885311644
153,13V,0.9201467934834886,0.5955372223495914
154,13V,1.0,0.7239850316873472
155,13V,0.874860956618465,0.611673149224064
156,13V,0.9023972602739726,0.49932315604014865
157,13V,1.0,0.5564538409258657
158,13V,,0.3957823326387513
159,13V,,0.4948021661044216
160,13V,0.8795270440251572,0.5541977742873753
161,13V,1.0,0.9704083227185114
162,13V,1.0,0.9015045012039489
163,13V,1.0,0.8638601991981476
164,13V,1.0,0.4297644915828738
165,13V,1.0,0.5112125963113723
166,13V,1.0,0.5204546730004977
167,13V,1.0,0.9150563391473513
168,13V,0.8859159326012449,0.467726220241028
169,13V,0.8937875389525533,0.5208511157555843
170,13V,0.9942827442827442,0.9326727837674594
171,13V,1.0,0.9470735501011933
172,13V,1.0,0.760433585900012
173,13V,1.0,0.8357333447706277
174,13V,0.8542795232936078,0.20598932539091533
175,13V,1.0,0.6969924891415151
176,13V,0.8851528384279476,0.7012214196086044
177,13V,1.0,0.9269383801618538
178,13V,1.0,0.863130195335509
179,13V,1.0,0.7638166688784844
180,13V,0.9106614230718173,0.5442624865249951
181,13V,0.8669907202828104,0.442140197486345
182,13V,0.9470538001707942,0.5323876032866839
183,13V,1.0,0.8032592048562845
184,13V,1.0,0.8046727747810063
185,13V,0.9203539823008849,0.630979636665689
186,13V,0.8753404745379452,0.4423811516971252
187,13V,0.9613841524573721,0.5789609383379528
188,13V,1.0,0.9025229130752117
189,13V,1.0,0.8700320670499562
190,13V,0.9134457771114443,0.6827402877888398
191,13V,1.0,0.8641602467902859
192,13V,0.8991883810337462,0.46755838561703367
193,13V,1.0,0.6511374046522577
194,13V,1.0,0.7238765852895166
195,13V,0.9006303102715825,0.5681540758683286
196,13V,0.8915336664522833,0.5451368041493467
197,13V,0.9510204081632654,0.7634245649813935
198,13V,1.0,0.6814491049793142
199,13V,0.9249001996007984,0.4529250744682839
200,13V,1.0,0.8885019690037625
201,13V,0.9748177601060305,0.8961067426420254
202,13V,0.9382402707275803,0.6654652804870638
203,13V,1.0,0.9472389316531118
204,13V,0.9060237346367203,0.5892792806991966
205,13V,0.8579632866061419,0.3802767322941786
206,13V,0.9656593406593407,0.509233363515477
207,13V,0.8762045982081355,0.4828799414000472
208,13V,1.0,0.835769577903454
209,13V,0.9215452011150936,0.6109759593078861
210,13V,0.8810810810810811,0.568642347136592
211,13V,0.9823415578132559,0.8933388000520862
212,13V,,0.5016118541312853
213,13V,,0.5301152129754314
214,13V,1.0,0.9789459805013949
215,13V,1.0,0.9561980256076323
216,15V,0.8607851159466958,0.515385473951599
217,15V,0.9391670566214319,0.594211069519962
218,15V,,0.41786922632309187
219,15V,1.0,0.40299289455749765
220,15V,0.9545256744995648,0.7887102360376101
221,15V,1.0,0.9685091163568527
222,15V,0.8926535036325287,0.5151234339064246
223,15V,1.0,0.7169495899988496
224,15V,,0.48438052123994774
225,15V,,0.5540542052365492
226,15V,1.0,0.6962572089780856
227,15V,1.0,0.9002327087747652
228,15V,0.9391086001255493,0.5754626968723856
229,15V,1.0,0.5982508987653705
230,15V,,0.4925118059623749
231,15V,,0.521027535764178
232,15V,1.0,0.619941137055519
233,15V,0.9988732394366198,0.9569299523396428
234,15V,1.0,0.618469488312295
235,15V,,0.46052136859971604
236,15V,0.9208311415044713,0.4255913081562037
237,15V,,0.45591367299488594
238,15V,,0.5669265965283816
239,15V,0.9205856255545697,0.6034095279926411
240,15V,1.0,0.8810686828457992
241,15V,0.9123142509237911,0.5498901503542181
242,15V,1.0,0.47599183230768427
243,15V,1.0,0.9857930117663113
244,15V,0.9334485738980121,0.6379576447098166
245,15V,1.0,0.8797107454731872
246,15V,0.9260700389105059,0.5707512032066557
247,15V,1.0,0.6332390475493399
248,15V,0.839344071207287,0.5058728399906731
249,15V,1.0,0.9870578433059395
250,15V,1.0,0.9721150539189634
251,15V,1.0,0.9359175265488022
252,15V,1.0,0.6787102065123185
253,15V,,0.48354804370364224
254,15V,,0.4691522260711271
255,15V,0.9044890397018941,0.446082616376989
256,15V,0.868038133467135,0.507626145178528
257,15V,1.0,0.9564634195885839
258,15V,0.9385766092475067,0.5150170611757423
259,15V,1.0,0.5334457269834543
260,15V,,0.5084903129835001
261,15V,1.0,0.5642903550991247
262,15V,0.9027003857693956,0.549810635900274
263,15V,0.9720744680851063,0.6500166515065817
264,15V,,0.5044662772617696
265,15V,0.9322916666666666,0.4821655377693649
266,15V,0.7648809523809523,0.5275577220049654
267,15V,,0.43367227954399656
268,15V,0.9683794466403162,0.8679089358197747
269,15V,0.952576112412178,0.6147899015399094
270,3V,0.9415384615384615,0.5428410196516784
271,3V,1.0,0.9183226179818597
272,3V,0.914503133393017,0.39281487993824504
273,3V,1.0,0.5534651174943575
274,3V,1.0,0.4243367798729032
275,3V,1.0,0.590937775215648
276,3V,1.0,0.47201696741970645
277,3V,1.0,0.7034782165734669
278,3V,1.0,0.6413345809850399
279,3V,,0.4425620562193131
280,3V,1.0,0.41647411046690075
281,3V,0.9355108877721943,0.6833608601566585
282,3V,,0.47556062033213575
283,3V,0.9276228419654715,0.6065706299850994
284,3V,1.0,0.5832757622343256
285,3V,1.0,0.553935049411752
286,3V,,0.43702820067453874
287,3V,1.0,0.5726465468504619
288,3V,,0.5191871083579933
289,3V,0.9479001584786053,0.6055267614319759
290,3V,0.8754008245533669,0.4679961344882031
291,3V,1.0,0.6468401748454067
292,3V,0.36348408710217756,0.5089117369880153
293,3V,1.0,0.5135851595922729
294,3V,0.9649184975194898,0.819902336218689
295,3V,1.0,0.5749070734906856
296,3V,0.8821705426356589,0.43987824663646896
297,3V,0.8946082271808413,0.5646060423909244
298,3V,,0.5199865414509417
299,3V,1.0,0.5342771987306805
300,3V,1.0,0.7353941819306464
301,3V,,0.3571600579383506
302,3V,,0.40337443514575366
303,3V,1.0,0.4864427892388179
304,3V,,0.4866157867887242
305,3V,1.0,0.6205394234537791
306,3V,1.0,0.822530581579056
307,3V,0.8519429414658141,0.2578924746369153
308,3V,0.8256772673733804,0.4751179223096161
309,3V,0.8580931263858093,0.49080335521596147
310,3V,0.8712018140589569,0.4476338744113756
311,3V,0.8883495145631068,0.4358868252836515
312,3V,1.0,0.3634994710369107
313,3V,1.0,0.43608487676944563
314,3V,1.0,0.5335607940021343
315,3V,0.9068582020389249,0.5398087661233678
316,3V,1.0,0.8644215213450985
317,3V,0.8310104529616724,0.6257439950940966
318,3V,1.0,0.640851900818002
319,3V,0.9835497835497835,0.41611369995391145
320,3V,,0.48144303602174765
321,3V,1.0,0.5460268252978453
322,3V,0.8627803950106605,0.3580735824769604
323,3V,,0.44126277766298827
324,15V,0.441340782122905,0.47924896044378346
325,15V,1.0,0.9130720398314032
326,15V,1.0,0.7735563148358071
327,15V,1.0,0.9133193948276114
328,15V,,0.5112601367122587
329,15V,1.0,0.9139806521074976
330,15V,1.0,0.8183877351987261
331,15V,1.0,0.834190694721261
332,15V,1.0,0.9126714840596142
333,15V,1.0,0.9854994797725527
334,15V,1.0,0.9811085923821672
335,15V,1.0,0.9883346518537901
336,15V,1.0,0.8158346577952102
337,15V,1.0,0.8259434579049849
338,15V,0.9594907407407407,0.5754205192421615
339,15V,1.0,0.9826987786862924
340,15V,1.0,0.9850683921804091
341,15V,1.0,0.9877324554556288
342,15V,0.9418744971842317,0.607668332095014
343,15V,0.9629061925199265,0.6386276064416823
344,15V,1.0,0.5570639305680121
345,15V,1.0,0.9630244212275572
346,15V,1.0,0.9803895822631947
347,15V,1.0,0.9936959587619221
348,15V,1.0,0.886489151508579
349,15V,1.0,0.47400422277237964
350,15V,1.0,0.8251773410279406
351,15V,1.0,0.9535093443225156
352,15V,1.0,0.983565708513543
353,15V,1.0,0.9836748845638057
354,15V,0.9025906735751295,0.5684677791243264
355,15V,1.0,0.8610453910533128
356,15V,1.0,0.688360737810138
357,15V,1.0,0.9756408218902097
358,15V,0.9654388358344702,0.8435680357082904
359,15V,1.0,0.9919792408070169
360,15V,1.0,0.7143784801471775
361,15V,1.0,0.8462384660144241
362,15V,1.0,0.6130244048836964
363,15V,1.0,0.9613121594253138
364,15V,1.0,0.9820801170357947
365,15V,1.0,0.9828562790806004
366,15V,1.0,0.6617945606906923
367,15V,1.0,0.9434328307469211
368,15V,0.9328590484659849,0.6217406540478286
369,15V,0.8432553221572641,0.33710465678992674
370,15V,1.0,0.9787670560332492
371,15V,0.9882108183079057,0.8589338256447772
372,15V,1.0,0.8215691758826928
373,15V,1.0,0.8727095892883245
374,15V,1.0,0.6578151989116735
375,15V,1.0,0.8498485784128459
376,15V,1.0,0.788414676532236
377,15V,1.0,0.7763635729908724
378,3V,1.0,0.6898782397364456
379,3V,0.9962162162162163,0.4542920541644384
380,3V,1.0,0.5730938330658502
381,3V,1.0,0.5864679653708516
382,3V,1.0,0.7551919278792691
383,3V,1.0,0.7458501402498446
384,3V,1.0,0.9178565010319558
385,3V,1.0,0.6128448351792382
386,3V,1.0,0.6429214389481197
387,3V,0.8308135349172067,0.19599640096926735
388,3V,1.0,0.7230531341343632
389,3V,0.884518551347345,0.4905836715068205
390,3V,1.0,0.8911570583310378
391,3V,1.0,0.6097626747380723
392,3V,1.0,0.5732792082108428
393,3V,0.9268523132825167,0.6315010839854266
394,3V,1.0,0.9851200920086818
395,3V,0.9508387474369491,0.6509488318333982
396,3V,1.0,0.8192369297422064
397,3V,0.9184418548544482,0.7030881730520004
398,3V,1.0,0.4674617707539962
399,3V,0.8800177612081623,0.49611786841976774
400,3V,1.0,0.8899531506988937
401,3V,0.9460093896713615,0.676467626132788
402,3V,1.0,0.47493349545568797
403,3V,1.0,0.5610939341278756
404,3V,1.0,0.5463035510611745
405,3V,,0.5272086874319869
406,3V,1.0,0.8297731516331185
407,3V,1.0,0.8670832203001846
408,3V,1.0,0.693817341745324
409,3V,1.0,0.9834712430052364
410,3V,1.0,0.5353710052437015
411,3V,0.8782327586206896,0.49970994019229986
412,3V,0.883752342005247,0.42453324324924513
413,3V,1.0,0.7775826129709542
414,3V,0.7948243992606284,0.4954478252297999
415,3V,1.0,0.4806801653147032
416,3V,0.832115033107679,0.3593350099985716
417,3V,1.0,0.5337894005746588
418,3V,0.9606854838709677,0.5597370476212788
419,3V,1.0,0.8204126053054793
420,3V,0.9809619238476954,0.713372755331362
421,3V,0.9608355091383812,0.6395653718205793
422,3V,1.0,0.5392340767244392
423,3V,1.0,0.4268615698794996
424,3V,0.8656207271270235,0.35017208332398725
425,3V,0.9837031900138696,0.7682201173772478
426,3V,0.953125,0.5983646198858237
427,3V,0.9346846846846847,0.5022036249238728
428,3V,,0.49715172029326815
429,3V,1.0,0.5147014372729255
430,3V,1.0,0.663326755615098
431,3V,1.0,0.711620858957407
432,3V,,0.4585744282085246
433,3V,1.0,0.6375454984947776
434,3V,,0.4253290610973566
435,3V,,0.49039558819275353
436,3V,1.0,0.8594878515581637
437,3V,1.0,0.9123207068215425
438,3V,1.0,0.6585089761078362
439,3V,1.0,0.6922083986553427
440,3V,0.9034294779174493,0.5262908362189656
441,3V,0.7241025641025641,0.24953294544669383
442,3V,0.9245991983967936,0.5670325300468897
443,3V,1.0,0.7225285825887433
444,3V,1.0,0.7675089545677847
445,3V,1.0,0.6852405150138121
446,3V,0.9564838990426457,0.567569857740505
447,3V,0.9278096428436534,0.7532278014365885
448,3V,0.962962962962963,0.3956097128677013
449,3V,1.0,0.570292083428704
450,3V,0.9880255455029271,0.7230389537545081
451,3V,1.0,0.8002511856034986
452,3V,0.884754326051685,0.4235068431338561
453,3V,0.8938176022743849,0.603969134925009
454,3V,0.9273094856068033,0.4844692011554057
455,3V,0.8550773487845191,0.40210051515869394
456,3V,0.9856410256410256,0.7407423798908939
457,3V,0.7992082129094412,0.2517639631342778
458,3V,1.0,0.48338927561593104
459,3V,1.0,0.7134929039867071
460,3V,1.0,0.6819128424406482
461,3V,0.9830287206266319,0.5653984333163384
462,3V,0.9563046192259675,0.45049008609393654
463,3V,0.8875399941883142,0.5365615791039303
464,3V,1.0,0.6649201140714878
465,3V,0.9021372328458943,0.5792549935783402
466,3V,1.0,0.8002802662845292
467,3V,0.9372404006105195,0.699521203776015
468,3V,1.0,0.8846333548363055
469,3V,1.0,0.6946107231572515
470,3V,1.0,0.6999360508190342
471,3V,1.0,0.6704738974075867
472,3V,1.0,0.9182779041204441
473,3V,0.9619835411366214,0.7719410364282147
474,3V,,0.5297625571849989
475,3V,1.0,0.5468850607581871
476,3V,,0.4954021229850567
477,3V,1.0,0.5686532955927148
478,3V,1.0,0.822359632219401
479,3V,1.0,0.9002004120512566
480,3V,,0.38567923198498655
481,3V,,0.5027333071603362
482,3V,,0.543444483809864
483,3V,,0.47180091733127594
484,3V,1.0,0.6689654456054048
485,3V,1.0,0.5170883672934545
486,3V,0.7563218390804598,0.349742013061931
487,3V,,0.5515721354702889
488,3V,,0.408409460752811
489,3V,1.0,0.5548526058262024
490,3V,0.957663451232583,0.51099256701983
491,3V,1.0,0.5632156568373698
492,3V,0.8913040400948327,0.5801177677517122
493,3V,0.9159687325516471,0.49009253999744395
494,3V,1.0,0.7951088532217867
495,3V,0.8606610499027868,0.45392111076771924
496,3V,0.9162548547001734,0.5921701475511256
497,3V,0.863700504333546,0.4809204222093407
498,3V,1.0,0.7051577118231409
499,3V,0.892897397663419,0.39007989440000496
500,3V,1.0,0.8308542855991374
501,3V,1.0,0.5549977166343558
502,3V,1.0,0.5407979318713463
503,3V,0.8747832556666139,0.3447594053712494
504,3V,1.0,0.635182177828853
505,3V,1.0,0.5114738655564409
506,3V,,0.46115440525968154
507,3V,0.7483443708609272,0.24873957655192933
508,3V,0.9685245901639344,0.5335316855115289
509,3V,1.0,0.5838886761474275
510,3V,1.0,0.9243337453025768
511,3V,1.0,0.7684997469482675
512,3V,1.0,0.6114191366335291
513,3V,0.8915470494417863,0.6265061037845789
514,3V,0.9861728395061728,0.7484414996625683
515,3V,1.0,0.9110620644627441
516,3V,1.0,0.8196132423789905
517,3V,0.8758723828514456,0.4389597794754554
518,3V,0.8478038815117467,0.3216658082270512
519,3V,1.0,0.734398432258188
520,3V,,0.5209717693304015
521,3V,0.9822274881516588,0.6056630157737197
522,3V,0.9832689832689833,0.7342618079562032
523,3V,1.0,0.4991049681202586
524,3V,0.9440661478599222,0.650888788732993
525,3V,,0.5123756507450901
526,3V,0.7770154373927959,0.5918871357918825
527,3V,,0.571993479899007
528,3V,0.909780111436738,0.633138011446733
529,3V,1.0,0.7761126940847305
530,3V,0.6966710025019902,0.07157758080950533
531,3V,0.9533678756476683,0.5990717996605657
532,3V,1.0,0.8234771176837505
533,3V,1.0,0.8586513498208919
534,3V,0.0,0.5927390819619272
535,3V,1.0,0.7858476532279661
536,3V,,0.48452919867362126
537,3V,,0.4169460986568234
538,3V,1.0,0.525605740270697
539,3V,,0.42306899696274325
540,3V,1.0,0.91024178014387
541,3V,1.0,0.8813002262156343
542,3V,,0.33464742544106135
543,3V,1.0,0.5462091953440033
544,3V,1.0,0.8927219913170676
545,3V,1.0,0.7021780667462751
546,3V,1.0,0.9103091498551741
547,3V,1.0,0.8395599054268643
548,3V,0.9807524059492564,0.5143590256494565
549,3V,0.921875,0.671649504521349
550,3V,1.0,0.6715390526558278
551,3V,0.9266968325791856,0.4569330893299449
552,3V,1.0,0.8686953774635833
553,3V,1.0,0.6009428982848024
554,3V,0.8633058652447891,0.4938773953716783
555,3V,1.0,0.5025697203422
556,3V,,0.5285961474433964
557,3V,1.0,0.5964756381834521
558,3V,1.0,0.7405330214192176
559,3V,1.0,0.4522571758332795
560,3V,1.0,0.4398185884251044
561,3V,,0.5580800468577207
562,3V,0.9112806101967081,0.4701049094390607
563,3V,1.0,0.9732561433800218
564,3V,1.0,0.726758092816643
565,3V,0.8372365339578455,0.3964747499854875
566,3V,,0.5573745525822047
567,3V,1.0,0.5796036042360053
568,3V,,0.4266800668468038
569,3V,1.0,0.8450374288733209
570,3V,1.0,0.7635211097860882
571,3V,1.0,0.6137543327263766
572,3V,0.8049286948787662,0.47690759912699837
573,3V,0.8983169705469846,0.5424392703541872
574,3V,0.947015570934256,0.6314725970376696
575,3V,0.8701923076923077,0.45840066989294154
576,3V,0.7576628352490422,0.6276323914468935
577,3V,0.8424472873726605,0.4496960460188536
578,3V,0.8055555555555556,0.43712201552224805
579,3V,1.0,0.4054019570407196
580,3V,0.7913385826771653,0.4899955182107725
581,3V,0.9224517474862566,0.529808990998889
582,3V,1.0,0.8770122142645838
583,3V,1.0,0.8482007006493038
584,3V,1.0,0.47189391904485734
585,3V,0.6869922776050547,0.4520370850776061
586,3V,0.9028374892519346,0.36390937235059856
587,3V,1.0,0.7223302200022926
588,3V,0.7754137115839244,0.4450340369299064
589,3V,0.9719101123595506,0.6451445317937881
590,3V,,0.4354187543199167
591,3V,,0.38161798174533473
592,3V,,0.522157208615962
593,3V,1.0,0.3893738538537296
594,15V,1.0,0.5133822403289717
595,15V,1.0,0.8223317870866771
596,15V,1.0,0.3445570630878172
597,15V,1.0,0.45994925796491604
598,15V,0.9603848330503678,0.7444066549280577
599,15V,1.0,0.9776008209718684
600,15V,0.8813252392204152,0.45253538315836683
601,15V,0.96,0.4507236468349052
602,15V,0.951735817104149,0.4809819849030331
603,15V,1.0,0.9956202138061816
604,15V,0.9509990485252141,0.7063559693103421
605,15V,1.0,0.9422259206811787
606,15V,0.9495601173020528,0.5628458744602843
607,15V,1.0,0.47489883007925104
608,15V,,0.5725993026876053
609,15V,0.9308681672025724,0.5861594501997363
610,15V,0.9435499832567136,0.5774875491138057
611,15V,1.0,0.9657826912810331
612,15V,1.0,0.6977324604082551
613,15V,0.9567224295485165,0.7100057481538651
614,15V,0.8693693693693694,0.5492910215396832
615,15V,0.9056917783193676,0.5467515465676254
616,15V,1.0,0.7156840952903925
617,15V,1.0,0.9734996461879996
618,15V,0.8989169675090253,0.510698487285824
619,15V,0.8734567901234568,0.5110442232258159
620,15V,,0.48717875949745615
621,15V,0.9787906137184115,0.7339781071781861
622,15V,1.0,0.9782842821255362
623,15V,1.0,0.9901929413999091
624,15V,1.0,0.7798595699085439
625,15V,0.9744645799011532,0.7922497411247733
626,15V,0.9127125093733561,0.5994314292677811
627,15V,0.975768065772393,0.8537669780181247
628,15V,1.0,0.9806758458539162
629,15V,1.0,0.9574625812394538
630,15V,1.0,0.7400337639078298
631,15V,1.0,0.6736845685877585
632,15V,0.959755156490508,0.7661635770326416
633,15V,1.0,0.8862734230395174
634,15V,0.979957805907173,0.9118403990171715
635,15V,1.0,0.9160812050545983
636,15V,1.0,0.8397138479712614
637,15V,1.0,0.5849603479895318
638,15V,0.8695652173913043,0.4397331899311816
639,15V,0.9649272882805817,0.8336839463890631
640,15V,0.8903331738499398,0.6078545349513667
641,15V,1.0,0.9486870182549214
642,15V,1.0,0.9127049225174182
643,15V,1.0,0.74593675966209
644,15V,,0.4754444846460041
645,15V,,0.49728545412922964
646,15V,1.0,0.9906541634303012
647,15V,1.0,0.9805073138837108
648,12V,1.0,0.526549415769196
649,12V,0.7338129496402878,0.38346826531696077
650,12V,1.0,0.4727898552293155
651,12V,,0.5238539596868419
652,12V,0.9144444444444444,0.5291362323480528
653,12V,1.0,0.898139546016598
654,12V,1.0,0.46820898912245146
655,12V,0.7832125603864735,0.29929069852616036
656,12V,0.9523998413328044,0.4777915105847407
657,12V,1.0,0.5188945134951976
658,12V,0.9340413638904416,0.6181701770109642
659,12V,1.0,0.8560288982272347
660,12V,1.0,0.45989312032264723
661,12V,0.8442924776433456,0.33948263624529784
662,12V,0.9502487562189055,0.48778650662682205
663,12V,1.0,0.4665907103234389
664,12V,1.0,0.48764170740764967
665,12V,0.9814540059347181,0.8931741555701442
666,12V,0.8660933660933661,0.4196969534009868
667,12V,0.7196467991169978,0.4769766333126171
668,12V,0.9165355636892913,0.5016713583790827
669,12V,0.9761176488070085,0.8778555841597833
670,12V,1.0,0.8487901570470778
671,12V,1.0,0.7905388973025901
672,12V,1.0,0.5162354527741779
673,12V,0.8602794411177646,0.49967836871178495
674,12V,1.0,0.5506595915314679
675,12V,0.8038131635332331,0.46073875941727993
676,12V,0.905398144636751,0.5022582687319799
677,12V,1.0,0.87757237493434
678,12V,1.0,0.6876193875000334
679,12V,0.9189497716894977,0.4167055481776
680,12V,0.9419611418744116,0.6920559494319372
681,12V,1.0,0.5445682174315967
682,12V,0.8825829959514171,0.47112148407451626
683,12V,1.0,0.8317637275481182
684,12V,1.0,0.5462693377560558
685,12V,0.6959311634333841,0.4830225821466678
686,12V,0.8949843260188088,0.4963921200522614
687,12V,1.0,0.9443336681715249
688,12V,0.9659006671608599,0.6540684306446478
689,12V,0.8639112903225806,0.4041367100555393
690,12V,1.0,0.5153812465562926
691,12V,0.9092558983666061,0.4985755368640194
692,12V,1.0,0.654817394267077
693,12V,0.9137931034482758,0.5933258715958476
694,12V,1.0,0.6448576941047695
695,12V,0.9231601665651026,0.7030729485024734
696,12V,1.0,0.557471904760555
697,12V,0.6885057471264369,0.2330249792270177
698,12V,,0.49391219186224217
699,12V,,0.4733892610799214
700,12V,1.0,0.8187512861220687
701,12V,1.0,0.5474479955441184
702,13V,1.0,0.737159252903741
703,13V,0.8569182389937107,0.430169653140713
704,13V,,0.4793756347825384
705,13V,1.0,0.5018887632497522
706,13V,0.864563862928349,0.37727058957942483
707,13V,1.0,0.916347309448053
708,13V,0.8855690743878022,0.47001484684816586
709,13V,0.9356881282074924,0.8566922056066644
710,13V,0.9601170698940853,0.721374471990659
711,13V,1.0,0.9727553780399532
712,13V,0.9524630603300708,0.7817909495907602
713,13V,1.0,0.9278691942774933
714,13V,0.9630297565374211,0.8116942448103186
715,13V,0.9091147577759817,0.6219779197116222
716,13V,0.8353219973840117,0.37693250061608685
717,13V,0.9332140400090178,0.7336823535283228
718,13V,0.939751801441153,0.6519843841239248
719,13V,1.0,0.5061042039208343
720,13V,0.8861344537815126,0.8479945705998045
721,13V,0.9403960396039603,0.565287611131924
722,13V,1.0,0.916447381053507
723,13V,0.8504483902788987,0.2912841424570861
724,13V,1.0,0.9738684290544888
725,13V,1.0,0.942741561728573
726,13V,1.0,0.734835444683557
727,13V,0.8224997413438512,0.2735033048718924
728,13V,0.750207468879668,0.3835547794537572
729,13V,1.0,0.7738479669442107
730,13V,1.0,0.9691883707124875
731,13V,1.0,0.9914295843743077
732,13V,1.0,0.9178204048943466
733,13V,1.0,0.8528037306282091
734,13V,0.8574810606060606,0.36644515135157696
735,13V,1.0,0.930287311229584
736,13V,0.9119732760289689,0.6005029004960432
737,13V,0.8920578933824113,0.5311620973274163
738,13V,1.0,0.620832449193932
739,13V,1.0,0.7869791556051995
740,13V,0.9465250965250965,0.5526210967933665
741,13V,1.0,0.8854354461571838
742,13V,1.0,0.9580768798040352
743,13V,0.9734974958263773,0.6380364232961737
744,13V,1.0,0.6569007364702741
745,13V,0.944678384274662,0.7298128568928965
746,13V,0.9564244546885022,0.8275973052688175
747,13V,0.8767367268947334,0.406374359824127
748,13V,1.0,0.83711209691083
749,13V,0.9700859466251801,0.7801231553433476
750,13V,1.0,0.8715049145494614
751,13V,1.0,0.8560201998504011
752,13V,,0.5952820234790213
753,13V,,0.5361122355335419
754,13V,0.9329791581528402,0.6670517273188264
755,13V,0.9479913916786227,0.6465020218532945
