genotype,sex,animalNo,expType,birthDate,median_curv_amp,mean_curv_amp,max_curv_amp
rei-HT,M,24,c-start,08-2019,1.476922761490978,1.6302103163343957,3.688130007854996
rei-HT,M,11,c-start,08-2019,2.107339744628303,2.127612150083162,3.7223877069222624
rei-HT,M,1,c-start,08-2019,1.9758625410528152,1.94863570097624,3.4158308583107013
rei-HT,M,6,c-start,08-2019,1.79879067862541,1.8941576075966557,3.1292121540401525
rei-HT,M,70,c-start,08-2019,1.5797384189248862,1.6975734095089017,3.49134433326999
rei-HT,M,15,c-start,08-2019,1.9552580949379759,1.9189999866806895,3.430011010858022
rei-HT,M,17,c-start,08-2019,1.4527253141821572,1.566028117822371,2.956760121444313
rei-HT,M,10,c-start,08-2019,2.190382665832434,2.2935208448917663,4.670728959433761
rei-HT,M,23,c-start,08-2019,2.4077567856184015,2.483600333049326,5.336405979209503
rei-HT,M,21,c-start,08-2019,2.1162051203196777,2.2016062531137655,4.5357277630735275
rei-HT,M,31,c-start,08-2019,2.5120881413910596,2.626959209478158,4.627653540461187
rei-HT,M,27,c-start,08-2019,1.4486557419672166,1.793702180095844,4.061167155589425
rei-HT,M,20,c-start,08-2019,1.7222058915007548,1.731151122193683,2.9392260189637964
rei-HT,M,14,c-start,08-2019,1.6118203879979751,1.8065660506465129,3.045648499293843
rei-HT,M,91,c-start,08-2019,1.0763281167303176,1.2710676931176457,2.307272307687532
rei-HT,M,4,c-start,08-2019,1.3940460743475964,1.461189113369648,3.2891380880013394
rei-HT,M,61,c-start,08-2019,2.1733445269635494,2.4107893212642724,3.994569239506948
rei-HT,M,30,c-start,08-2019,1.6180928145424716,1.6615144023747273,3.0906030388117736
rei-HT,M,13,c-start,08-2019,1.8720614506323483,1.9331596277485132,3.78725437101363
rei-HT,M,71,c-start,08-2019,1.2320873361489308,1.3220284797550492,2.342513475112675
rei-HT,M,18,c-start,08-2019,1.052679740484015,1.0337020826312193,1.9608092008296107
rei-HT,M,41,c-start,08-2019,1.3691400909231057,1.433792087737944,3.290864094037051
rei-HT,M,7,c-start,08-2019,1.7688565420735278,1.9754316471693085,4.378115181342612
rei-HT,M,40,c-start,08-2019,1.4200405174161321,1.6111193295382722,3.790090633346251
rei-HT,M,12,c-start,08-2019,1.758927172590174,1.9168633743504664,3.680586369904213
rei-HT,M,50,c-start,08-2019,1.8915694186108705,1.9648078058095593,4.17931534719094
rei-HT,M,16,c-start,08-2019,2.5474807224435994,2.5376990541349786,5.176566161928046
rei-HT,M,51,c-start,08-2019,2.16044154772495,2.20260514757859,4.4344453654784814
rei-HT,M,80,c-start,08-2019,2.8420680046857303,2.8997869927650703,6.16478033144961
rei-HT,M,2,c-start,08-2019,1.928396557816303,2.1502031165090143,4.632463849984385
rei-HT,M,32,c-start,08-2019,2.3118835807525535,2.278248634245049,4.4800846418969265
rei-HT,M,81,c-start,08-2019,1.9723180681470924,2.0148182267864425,3.5069019054279202
rei-HT,M,60,c-start,08-2019,1.9947208611223985,2.2443581936015216,4.400858526978241
rei-HT,M,90,c-start,08-2019,1.0070079508271619,1.1159957641971638,3.339083100663853
rei-HT,M,3,c-start,08-2019,1.6398974642019184,1.7272847072477815,3.2438308260398605
rei-HT,M,9,c-start,08-2019,2.262224767692112,2.4029785266281234,6.621087242880836
rei-HT,M,19,c-start,08-2019,1.8561609524839355,1.887290336370046,3.4047649478119597
rei-HT,M,28,c-start,08-2019,1.7402071688125906,1.8134295168129593,4.405487622798024
rei-HT,M,29,c-start,08-2019,1.563512527428953,1.6109042251164416,2.580305023613615
rei-HT,F,41,c-start,08-2019,1.947534705969936,1.9553417407054507,4.1043907251446745
rei-HT,F,8,c-start,08-2019,1.9501238694327097,2.2125209544318207,5.080016866363512
rei-HT,F,57,c-start,08-2019,1.3723127951368719,1.526772920064878,2.8689874277543046
rei-HT,F,29,c-start,08-2019,1.8440975013239174,1.8075571365590015,3.4353901835222014
rei-HT,F,21,c-start,08-2019,1.5282253257976042,1.63241440462766,2.5693790093591686
rei-HT,F,25,c-start,08-2019,1.6803145451968282,1.8267643503638855,4.026432200032618
rei-HT,F,6,c-start,08-2019,1.4015334479536707,1.5821872863418853,2.762239574189061
rei-HT,F,13,c-start,08-2019,1.7227686462100744,1.8669052030338489,4.28899779467189
rei-HT,F,90,c-start,08-2019,1.6185229086713078,1.8833221248301606,3.781852964501273
rei-HT,F,17,c-start,08-2019,1.9104400040843672,1.9520158523457203,4.905665984124882
rei-HT,F,28,c-start,08-2019,1.4884780949583944,1.531314737676414,2.6631924335418526
rei-HT,F,35,c-start,08-2019,1.4403259364453616,1.557322117020608,2.7986920183632638
rei-HT,F,48,c-start,08-2019,1.6918242304567075,1.7957037338875586,3.6373724536191863
rei-HT,F,11,c-start,08-2019,1.43526680280779,1.4282528572056055,2.403713793151444
rei-HT,F,10,c-start,08-2019,1.4958256982189444,1.77580881920117,3.407176616277197
rei-HT,F,40,c-start,08-2019,1.5342111716577667,1.565619634630561,3.0319863946352763
rei-HT,F,18,c-start,08-2019,1.5286888918980193,1.674443203890862,2.944991237307338
rei-HT,F,24,c-start,08-2019,2.1405467829547336,2.212221591487765,4.595208950138526
rei-HT,F,39,c-start,08-2019,1.6484299978418173,1.6575398122769676,3.196939891248722
rei-HT,F,19,c-start,08-2019,1.3228700306352996,1.4835292423490476,3.1715883488135113
rei-HT,F,55,c-start,08-2019,1.758842271901984,1.898280970262533,3.8993662780670695
rei-HT,F,31,c-start,08-2019,1.4213772368123472,1.83087102855488,5.0294351992811315
rei-HT,F,27,c-start,08-2019,1.8683822049287846,1.9862919248041166,3.926589319946297
rei-HT,F,26,c-start,08-2019,2.3382871399788665,2.3167897360684515,4.380770124469061
rei-HT,F,42,c-start,08-2019,1.9046495919493658,1.9854197728065588,3.370325530660108
rei-HT,F,38,c-start,08-2019,2.384137433549824,2.371902188270331,5.1560831349791005
rei-HT,F,46,c-start,08-2019,1.8043334997530742,1.8483647363286089,4.077651478360521
rei-HT,F,16,c-start,08-2019,1.9254876011803872,2.023545700637209,4.276316552066261
rei-HT,F,20,c-start,08-2019,1.3303323900296844,1.524886226508724,2.5729726244515563
rei-HT,F,91,c-start,08-2019,1.3976211834035306,1.5909810609835129,3.8166630392981116
rei-HT,F,15,c-start,08-2019,1.7808140363889926,1.9465430360697862,4.530823181950189
rei-HT,F,54,c-start,08-2019,0.9315629054125796,1.1027014620352014,2.6348326395355715
rei-HT,F,3,c-start,08-2019,1.305569169845123,1.4248402487799885,2.6201326393682707
rei-HT,F,61,c-start,08-2019,1.3590035800356022,1.602188941821029,4.826627297082147
rei-HT,F,5,c-start,08-2019,1.5749201848214085,1.7278126370850102,3.4942274388090033
rei-HT,F,9,c-start,08-2019,1.4964502574375282,1.5877991017909536,3.6142709185768287
rei-HT,F,45,c-start,08-2019,1.9650092851102143,2.028457409952721,4.538228214913373
rei-HT,F,71,c-start,08-2019,1.6912192136403021,1.7038883990379028,3.3041967073115583
rei-HT,F,36,c-start,08-2019,1.44886228216132,1.5539757695101062,2.9312527385034275
rei-HT,F,33,c-start,08-2019,1.768255687340911,1.7626092852474997,3.195080467648579
rei-HT,F,52,c-start,08-2019,1.839328714823501,1.894617178335292,3.628278734961124
rei-HT,F,22,c-start,08-2019,1.4739975012671303,1.7308220993584358,3.3174539963660115
rei-HT,F,60,c-start,08-2019,1.2693195403443212,1.365343412088231,2.4126195186730763
rei-HT,F,30,c-start,08-2019,1.9592409427730715,1.8381577757818708,3.117775529873529
rei-HT,F,14,c-start,08-2019,1.5878865206640183,1.8540516746417117,3.6727921176182945
rei-HT,F,70,c-start,08-2019,1.5437319958722637,1.6568462725995505,3.2695653908444506
rei-HT,F,7,c-start,08-2019,1.8004689448699638,1.868755990627655,3.8880502088350832
rei-HT,F,32,c-start,08-2019,1.4569414326829888,1.7982266127140258,4.059698872599679
rei-HT,F,34,c-start,08-2019,1.684726037488655,1.8221343502039082,4.017468282354986
rei-HT,F,51,c-start,08-2019,1.5297476091760984,1.693473838429303,4.5373011492684565
rei-HT,F,56,c-start,08-2019,1.4739131145731081,1.65858119281185,3.6504156937236267
rei-HT,F,50,c-start,08-2019,1.3665463920038015,1.438681188959153,3.508420114858852
rei-HT,F,4,c-start,08-2019,1.7157310357071127,1.836778324669738,3.8528348137128816
rei-HT,F,12,c-start,08-2019,1.3337841116437106,1.5458414957894318,4.187014633692792
rei-HT,F,47,c-start,08-2019,1.5617951023650718,1.6927315890394967,4.6643239628727065
rei-HT,F,81,c-start,08-2019,1.4547906485927355,1.5832230291851173,3.0502209217230223
rei-HT,F,53,c-start,08-2019,1.795129073736659,1.9114017286671778,3.6211800629682296
rei-HT,F,80,c-start,08-2019,1.6801361304279179,1.8636466938572074,3.6959351996689267
rei-HT,F,23,c-start,08-2019,1.7320159652102831,1.8191699089480409,2.933453619998197
rei-HT,F,49,c-start,08-2019,1.400829812423066,1.608153035692995,2.8680336064460494
rei-HT,F,37,c-start,08-2019,1.4737643516394505,1.6027305724147785,3.8784717060928475
rei-HT,F,43,c-start,08-2019,1.3347658576677885,1.6205739298668445,5.549526612293375
rei-HT,F,44,c-start,08-2019,1.5163156797286343,1.6086384834968501,3.017930109370612
rei-HM,M,34,c-start,08-2019,1.7487297775222532,1.631668643418381,2.7354129350957024
rei-HM,M,57,c-start,08-2019,1.6690976037642336,1.7788554007012098,4.446059526795006
rei-HM,M,50,c-start,08-2019,0.8829167000743134,1.1162027040907576,2.4359319362562823
rei-HM,M,13,c-start,08-2019,1.4777403213645024,1.5021012740575228,3.180063955546991
rei-HM,M,22,c-start,08-2019,1.4629307630786115,1.5402218878434655,3.7085812148208017
rei-HM,M,14,c-start,08-2019,1.872385594437015,2.0601502862061802,4.942373055623909
rei-HM,M,18,c-start,08-2019,1.2766211757575276,1.3768849095326108,2.700184195012238
rei-HM,M,55,c-start,08-2019,1.3590352519227724,1.4583560265765392,2.9064505133273997
rei-HM,M,3,c-start,08-2019,1.6848460600586923,1.703762872868504,3.0127467668617687
rei-HM,M,21,c-start,08-2019,1.8796360479503225,1.9977061587889438,4.019565496096362
rei-HM,M,10,c-start,08-2019,1.2168047851412729,1.2849364562990078,3.2395936515540478
rei-HM,M,12,c-start,08-2019,1.5372210481795592,1.6320154872060304,3.760247794082675
rei-HM,M,70,c-start,08-2019,1.118460974519456,1.3612154261939167,4.051072264832724
rei-HM,M,11,c-start,08-2019,1.4056081910702671,1.571478324292695,3.0112373818165854
rei-HM,M,32,c-start,08-2019,1.5130583078775,1.6172720336487407,3.5438469523771547
rei-HM,M,48,c-start,08-2019,1.4497369843684822,1.6264769378711568,3.6891246695644755
rei-HM,M,31,c-start,08-2019,1.2669459512007337,1.4529624361894498,3.839288325869917
rei-HM,M,5,c-start,08-2019,1.2674944276137785,1.504369274991135,4.012742900996724
rei-HM,M,35,c-start,08-2019,1.3531046353350846,1.581533175024904,4.793443774408536
rei-HM,M,39,c-start,08-2019,1.1344754675835438,1.3704685257404614,4.6276715632196606
rei-HM,M,6,c-start,08-2019,1.259913745592566,1.4505195628282974,3.2272331888233854
rei-HM,M,47,c-start,08-2019,1.1199548854005856,1.4357506504396822,2.92905948819345
rei-HM,M,17,c-start,08-2019,1.1142314238499718,1.3559306399715612,3.0078744070729346
rei-HM,M,51,c-start,08-2019,1.617635796306006,1.6763415349305735,2.867797676512902
rei-HM,M,58,c-start,08-2019,1.622639395010556,1.8119357449385596,3.8713274019674087
rei-HM,M,59,c-start,08-2019,1.7049755313596913,1.6420635897371336,2.7613414526078968
rei-HM,M,38,c-start,08-2019,1.3179038598560047,1.4373611233397583,3.387574415182355
rei-HM,M,40,c-start,08-2019,1.0934630604205555,1.4998853111300787,3.0414775423621982
rei-HM,M,29,c-start,08-2019,1.3822913083556019,1.4439171113522364,3.2603772315843287
rei-HM,M,26,c-start,08-2019,1.6752735752873993,1.7445333878444071,3.6226112319172374
rei-HM,M,19,c-start,08-2019,1.7695828622427454,1.7850021134270904,3.1168134034665895
rei-HM,M,54,c-start,08-2019,1.135460981040009,1.3488678661973788,3.7038123552346143
rei-HM,M,45,c-start,08-2019,1.4716928357723906,1.5755946558294287,3.4202340385660053
rei-HM,M,61,c-start,08-2019,1.2934089255846122,1.417579969259202,4.97336645989347
rei-HM,M,71,c-start,08-2019,2.1390660427589303,2.1938277942042794,4.874623844454497
rei-HM,M,41,c-start,08-2019,2.112616844768609,2.200028389517003,4.311533944432825
rei-HM,M,56,c-start,08-2019,2.125389323383618,2.148235340772185,4.4371897292910365
rei-HM,M,25,c-start,08-2019,1.644150668984632,1.7478191314392924,3.070827483737127
rei-HM,M,27,c-start,08-2019,1.8614785415809945,1.945389047443023,4.378340656209827
rei-HM,M,20,c-start,08-2019,2.2359760684483034,2.2141470695061733,4.4496255482674645
rei-HM,M,49,c-start,08-2019,1.6056460287367778,1.7247798020435667,3.826645202572008
rei-HM,M,43,c-start,08-2019,1.8734933244789733,2.0759417352255936,4.2983116055367425
rei-HM,M,53,c-start,08-2019,1.6978583295964123,1.7350057957333327,4.080787178325037
rei-HM,M,15,c-start,08-2019,1.2288983467018497,1.495359599114318,3.57686178485703
rei-HM,M,23,c-start,08-2019,1.3189963642525795,1.4574469449059664,3.8603317735426965
rei-HM,M,8,c-start,08-2019,2.21500289421565,2.0556934963854183,4.251073503440141
rei-HM,M,2,c-start,08-2019,1.4399813710402956,1.4780897533956918,3.0572552767939483
rei-HM,M,44,c-start,08-2019,1.878885852712461,1.908227357814667,3.812911713349253
rei-HM,M,9,c-start,08-2019,1.2191565409347276,1.5698163880681655,3.85818517104129
rei-HM,M,46,c-start,08-2019,1.5335305362265563,1.678411504858268,4.027579054391673
rei-HM,M,81,c-start,08-2019,1.8429077704868608,1.8471817419723757,4.231884561217573
rei-HM,M,16,c-start,08-2019,1.5158220228322228,1.606274153828641,3.3254008140788756
rei-HM,M,60,c-start,08-2019,1.235496403468464,1.509383706662836,2.447638489479683
rei-HM,M,42,c-start,08-2019,1.5166326441256466,1.6095755280605963,3.8110169249800103
rei-HM,M,30,c-start,08-2019,1.6910953499401007,1.694330375949199,3.102557347868018
rei-HM,M,36,c-start,08-2019,1.479040489792937,1.5508078489055033,3.402937683408108
rei-HM,M,37,c-start,08-2019,2.1076660380871877,2.1737944629596653,3.935485916850842
rei-HM,F,30,c-start,08-2019,1.4497743937632726,1.600398271711377,3.755070546598322
rei-HM,F,18,c-start,08-2019,1.8981024828712225,1.902953719637663,3.6131801124737217
rei-HM,F,10,c-start,08-2019,1.935672319683067,1.9703252650576695,3.710415905618751
rei-HM,F,14,c-start,08-2019,1.5254985104812868,1.6065098480169886,3.5227058253637273
rei-HM,F,17,c-start,08-2019,1.372568824858651,1.508021106303108,2.834496993192875
rei-HM,F,61,c-start,08-2019,1.6071200339953158,1.7485487342699029,3.8365809532621657
rei-HM,F,24,c-start,08-2019,1.2666232653190503,1.4034736818239646,3.132725323778956
rei-HM,F,90,c-start,08-2019,1.6533153954398527,1.7133917532462661,3.5984308522377404
rei-HM,F,29,c-start,08-2019,1.9965943054391042,2.2522068232481387,4.622717651659321
rei-HM,F,6,c-start,08-2019,1.4934907985907888,1.6804440476536062,3.2367635805581094
rei-HM,F,11,c-start,08-2019,1.993309218091174,1.9840547373889403,3.727575906869431
rei-HM,F,28,c-start,08-2019,1.6494090071628609,1.7456120774763457,3.336775682689618
rei-HM,F,81,c-start,08-2019,1.3779421315053049,1.597490466418887,3.0477985188706422
rei-HM,F,20,c-start,08-2019,2.4901888210144314,2.4825666188620845,5.280707044237078
rei-HM,F,7,c-start,08-2019,1.2855820365798338,1.5378876534788417,3.5298389549470577
rei-HM,F,31,c-start,08-2019,2.1194451186273424,2.3275243742685268,7.1297930020145746
rei-HM,F,27,c-start,08-2019,1.7514163982389341,1.9128752607452038,4.494480462900384
rei-HM,F,35,c-start,08-2019,1.7131693589264203,1.541253984098526,2.46099760640005
rei-HM,F,51,c-start,08-2019,1.4316604188544904,1.6442065795657756,3.1328590843494646
rei-HM,F,12,c-start,08-2019,1.9077745449221775,2.2101378892811003,5.834535326622298
rei-HM,F,13,c-start,08-2019,1.3587588867763216,1.573242184411088,3.82402549945515
rei-HM,F,50,c-start,08-2019,1.5616862699368217,1.6496391636030787,2.7299653077232646
rei-HM,F,8,c-start,08-2019,1.8399203962877393,1.9242714387650854,4.061747285957486
rei-HM,F,34,c-start,08-2019,1.425251954015548,1.5380983820222163,2.9547182270898324
rei-HM,F,19,c-start,08-2019,2.0600210973653903,2.063056710017234,4.4883355881752225
rei-HM,F,25,c-start,08-2019,1.7136314346480561,1.7238419640173297,2.966822904021093
rei-HM,F,22,c-start,08-2019,1.5930316428104097,1.6915064174579846,4.559600708778631
rei-HM,F,15,c-start,08-2019,1.4304850081825644,1.574775136195529,3.6449133930556328
rei-HM,F,91,c-start,08-2019,1.8831793537142345,1.940805119235095,3.808353861071855
rei-HM,F,21,c-start,08-2019,1.7185620690504204,1.892826371536079,3.7930752598090285
rei-HM,F,37,c-start,08-2019,1.6402258316516982,1.7624127173074853,3.1707349120317243
rei-HM,F,23,c-start,08-2019,1.6962665720495465,1.8623281150121376,3.9264677487077866
rei-HM,F,40,c-start,08-2019,1.4175356710201759,1.6011282587240285,2.964694193883788
rei-HM,F,71,c-start,08-2019,1.9071954982324213,1.9147214391125147,4.837817611821128
rei-HM,F,36,c-start,08-2019,1.5297874539601892,1.5821644591048822,3.2821270387267742
rei-HM,F,16,c-start,08-2019,1.5633985411626607,1.7056028687249774,3.3826611077520936
rei-HM,F,41,c-start,08-2019,1.57658786594212,1.4660532532180413,2.333814393685343
rei-HM,F,38,c-start,08-2019,2.6760106515441064,2.63103108829737,5.216781419712267
rei-HM,F,26,c-start,08-2019,1.4728200943277452,1.5854208774251781,2.7867033776967722
rei-HM,F,32,c-start,08-2019,1.6431078691466605,1.6935607876178922,2.7479481365771945
rei-HM,F,33,c-start,08-2019,1.3616965146108313,1.487645106335517,3.7521168253311217
rei-INT,M,8,c-start,08-2019,1.5837076015918534,1.7271176016421075,3.0065270371028934
rei-INT,M,30,c-start,08-2019,1.400167992928877,1.4594217653275956,2.8147815179326194
rei-INT,M,34,c-start,08-2019,1.5750674861973049,1.6089529736559307,2.9650323918452663
rei-INT,M,18,c-start,08-2019,1.941431444036212,1.9153417976026907,2.977529295252541
rei-INT,M,26,c-start,08-2019,1.6242952066448266,1.773574709854661,3.0124780179933794
rei-INT,M,4,c-start,08-2019,1.3218066634178627,1.3546844209717646,2.6271029776550767
rei-INT,M,10,c-start,08-2019,1.8265304781313194,1.85834105592524,3.0013527189457037
rei-INT,M,6,c-start,08-2019,1.7710878000988104,1.7670647176825558,2.07502596584499
rei-INT,M,20,c-start,08-2019,1.6259348061969154,1.7340595864459207,3.917228882154772
rei-INT,M,28,c-start,08-2019,1.8980793633294062,1.849239381302895,3.488058340432159
rei-INT,M,25,c-start,08-2019,1.4396138470361626,1.5232701783932654,3.5993738236081443
rei-INT,M,13,c-start,08-2019,1.8701241254470822,1.7412148260019364,3.261347150133895
rei-INT,M,90,c-start,08-2019,1.1752074548366411,1.2770917171174494,2.9273609868226425
rei-INT,M,33,c-start,08-2019,1.7484841088652314,1.8743266773161054,4.871815748601518
rei-INT,M,60,c-start,08-2019,1.6691602490882078,1.7547849998576588,4.195905484151413
rei-INT,M,12,c-start,08-2019,1.867314336469533,2.117951140609152,4.248037814599174
rei-INT,M,17,c-start,08-2019,1.7591062352595292,1.7135459644792241,2.9938639038829478
rei-INT,M,11,c-start,08-2019,1.798491701599933,1.7309801003994663,2.798794629391618
rei-INT,M,70,c-start,08-2019,1.7116507958255087,1.7646499211971893,4.0457102552188395
rei-INT,M,40,c-start,08-2019,1.6979771569261524,1.8190312218932367,4.062674805533824
rei-INT,M,35,c-start,08-2019,1.529663370167776,1.5761152211985376,3.0940564195084503
rei-INT,M,29,c-start,08-2019,1.6518352754802241,1.7548561131629503,3.9457923644352806
rei-INT,M,15,c-start,08-2019,1.3287565515373683,1.3363362753022285,2.860543095460648
rei-INT,M,22,c-start,08-2019,1.8546502167740626,1.8741898599975368,3.8384984592765568
rei-INT,M,23,c-start,08-2019,1.7637719311579516,1.861776442632175,3.3113904233699647
rei-INT,M,16,c-start,08-2019,1.8362318693231274,2.0839329717007846,4.353163067378926
rei-INT,M,50,c-start,08-2019,1.8289918881402336,2.1275652681841306,4.709268794384587
rei-INT,M,27,c-start,08-2019,1.8142051072635355,1.8928322360980805,4.3736224757307225
rei-INT,M,19,c-start,08-2019,1.393847009455893,1.5959697229040537,3.2908179317142165
rei-INT,M,31,c-start,08-2019,1.6222706264732842,1.65689110901246,3.0028958201119074
rei-INT,M,9,c-start,08-2019,1.8189569513801271,1.7202175309454184,2.8654512936658394
rei-INT,M,21,c-start,08-2019,1.2427480726042084,1.5419021586374564,3.4848040637950963
rei-INT,M,80,c-start,08-2019,1.4166635879285394,1.6619954702186812,3.360457241458649
rei-INT,M,24,c-start,08-2019,1.1765254579277213,1.288432645399782,2.7636741152337416
rei-INT,M,32,c-start,08-2019,2.274512883947412,2.3345037778605193,4.16299660760548
rei-INT,M,14,c-start,08-2019,2.549186010020088,2.5915817006399284,5.83942618526431
rei-INT,F,33,c-start,08-2019,1.5906276239198225,1.6645275546883223,4.222112081810664
rei-INT,F,2,c-start,08-2019,1.7628394078712515,1.9873801409047624,3.6353869606831686
rei-INT,F,34,c-start,08-2019,1.6585144122466469,1.669211419925473,3.0103332860763956
rei-INT,F,18,c-start,08-2019,2.4704832862580757,2.506526667438356,5.001432085806429
rei-INT,F,26,c-start,08-2019,1.9933670633246605,2.1282583118069094,5.489820918054087
rei-INT,F,15,c-start,08-2019,1.7010329282400083,1.622010008438102,3.3487732083605097
rei-INT,F,1,c-start,08-2019,2.3803972222107657,2.5418812990044897,5.2113059855454695
rei-INT,F,10,c-start,08-2019,1.8322460604728419,1.8716477675007321,3.5217018904759807
rei-INT,F,13,c-start,08-2019,1.775390009418699,2.061119195497858,4.12443329743144
rei-INT,F,14,c-start,08-2019,1.8421014616778826,2.007448821111283,3.7570982363590746
rei-INT,F,30,c-start,08-2019,2.006452892947167,2.108289526105296,4.9611159058158405
rei-INT,F,24,c-start,08-2019,2.2596023181164533,2.3201944458640105,3.758894948242488
rei-INT,F,28,c-start,08-2019,1.8370804357345052,2.113680773613185,4.110427123271139
rei-INT,F,25,c-start,08-2019,2.4514999715677304,2.560715717557494,4.674190007404809
rei-INT,F,90,c-start,08-2019,1.788754411820054,2.0063843659497596,4.27933313011974
rei-INT,F,60,c-start,08-2019,2.3259891952088125,2.360317273885401,5.733805199113498
rei-INT,F,5,c-start,08-2019,1.9894424829920805,2.1666530351724727,4.970918732029634
rei-INT,F,11,c-start,08-2019,2.0049725980095454,2.4862706931309444,4.648153356692937
rei-INT,F,70,c-start,08-2019,2.321102594201389,2.4100928064548572,5.553235927940458
rei-INT,F,40,c-start,08-2019,2.2923821192213167,2.3021267237531475,4.105419804267114
rei-INT,F,8,c-start,08-2019,1.7192587021426333,1.7275032456990806,3.1532889361280914
rei-INT,F,35,c-start,08-2019,1.862790808918346,1.986768438728017,3.0760457820087126
rei-INT,F,29,c-start,08-2019,1.806936742936927,1.9850326475933595,4.286758669831565
rei-INT,F,22,c-start,08-2019,1.7797633656692464,1.661613670464846,3.028598003214352
rei-INT,F,32,c-start,08-2019,2.049583368261552,2.2634305206712155,4.694229989838549
rei-INT,F,23,c-start,08-2019,2.0384928181304725,2.3338844335517934,4.750222549424221
rei-INT,F,16,c-start,08-2019,1.5393430125982297,1.5368878989454764,3.2522984411905904
rei-INT,F,12,c-start,08-2019,1.9440027476749855,2.1798841284565795,5.388609679362139
rei-INT,F,6,c-start,08-2019,1.9931199502215429,2.275266865059225,4.898677525970699
rei-INT,F,9,c-start,08-2019,2.1159105256011332,2.208224741076721,4.4480411117809675
rei-INT,F,50,c-start,08-2019,1.7274048305730043,1.7503863536866109,3.2353601721512013
rei-INT,F,27,c-start,08-2019,2.881298915178295,2.755687859889429,5.18806387838249
rei-INT,F,19,c-start,08-2019,1.828206658117825,2.021009450680428,3.9522649609391234
rei-INT,F,31,c-start,08-2019,2.09693123023921,2.1819017911721548,5.360941731109875
rei-INT,F,4,c-start,08-2019,2.1689196461599627,2.2998084109986747,3.9018306397869913
rei-INT,F,21,c-start,08-2019,2.385043602036043,2.472271865122215,5.456445946333414
rei-INT,F,80,c-start,08-2019,2.5140531672969697,2.5579572758337856,5.064113232675891
rei-INT,F,17,c-start,08-2019,2.13790502902045,2.343060049279139,4.144638746412456
rei-INT,F,20,c-start,08-2019,2.560359666626299,2.518409839616664,4.72880818685947
rei-INT,F,36,c-start,08-2019,1.8427528970546099,2.05661472681269,4.547924238190217
sufge1-HT,M,37,c-start,08-2019,2.060675743398352,2.225982662979124,4.717929804710257
sufge1-HT,M,42,c-start,08-2019,1.9093760772120807,2.0626317486076506,6.423549861766524
sufge1-HT,M,6,c-start,08-2019,2.391250818365431,2.5214999423298363,5.238737455139323
sufge1-HT,M,5,c-start,08-2019,2.659011998945842,2.573092435306517,5.006601439841292
sufge1-HT,M,22,c-start,08-2019,2.794065340605509,2.651396805295138,4.97522291297931
sufge1-HT,M,31,c-start,08-2019,2.2014598933446923,2.2750713296445273,4.261150399944962
sufge1-HT,M,44,c-start,08-2019,1.5301962874336539,1.6047948584234342,3.0752198069931214
sufge1-HT,M,13,c-start,08-2019,1.780915166731126,1.6883289352006845,2.6341316752757145
sufge1-HT,M,1,c-start,08-2019,1.7671014878874725,1.8948009488049387,3.3103485966940984
sufge1-HT,M,35,c-start,08-2019,1.9047279047199284,2.1314344639616767,5.109266414505315
sufge1-HT,M,4,c-start,08-2019,1.871835973647943,2.013460686270932,3.0412545250861247
sufge1-HT,M,2,c-start,08-2019,1.8119113486945453,2.015307235001196,4.2308301574466185
sufge1-HT,M,30,c-start,08-2019,2.0092567705866595,2.111445632504352,4.726250121450836
sufge1-HT,M,17,c-start,08-2019,1.892795770240745,2.1781462662136617,4.363134500376003
sufge1-HT,M,12,c-start,08-2019,2.4290360925568995,2.471640381539599,5.080257243150858
sufge1-HT,M,41,c-start,08-2019,2.3886306374514987,2.586515631915004,5.276994587029149
sufge1-HT,M,7,c-start,08-2019,2.3082533318505716,2.372297085196225,5.04311374948836
sufge1-HT,M,14,c-start,08-2019,2.264071216652302,2.4851223454669547,5.0844281781958
sufge1-HT,M,8,c-start,08-2019,2.0646650948896177,2.001838336927877,4.174605186687087
sufge1-HT,M,43,c-start,08-2019,2.417763591065558,2.508028136139337,5.074465648009124
sufge1-HT,M,36,c-start,08-2019,1.8456859142255415,2.0228322612068763,4.16827599473478
sufge1-HT,M,19,c-start,08-2019,2.0910130958724453,2.356641825350887,4.332926215248948
sufge1-HT,M,27,c-start,08-2019,1.6773659222103938,1.6564684815637134,3.51055426461396
sufge1-HT,M,28,c-start,08-2019,1.9424699130993774,2.097472388171073,4.755738569663527
sufge1-HT,M,20,c-start,08-2019,2.010929688332731,2.315959494738447,5.754174702693733
sufge1-HT,M,16,c-start,08-2019,1.7397042316580182,1.7289965410395043,3.4030069848061895
sufge1-HT,M,33,c-start,08-2019,2.323906102459455,2.390960850293476,5.429883384561934
sufge1-HT,M,23,c-start,08-2019,2.5966809417937484,2.5879906740782728,4.724430414743904
sufge1-HT,M,39,c-start,08-2019,1.698635510641462,1.6414206527369062,2.674666135524353
sufge1-HT,M,26,c-start,08-2019,2.4575990729129975,2.4979684171766143,4.569740043377798
sufge1-HT,M,9,c-start,08-2019,1.7070752053379175,2.1255245666017037,3.5897271939755093
sufge1-HT,M,21,c-start,08-2019,2.169135312978642,2.246169195413371,5.802607654764264
sufge1-HT,M,29,c-start,08-2019,2.2270386269961966,2.284376346036209,4.204185720297095
sufge1-HT,M,24,c-start,08-2019,1.794325270357756,1.9523902759862486,4.490135747865768
sufge1-HT,M,40,c-start,08-2019,2.1504382395753927,2.351744653841755,4.665610797641553
sufge1-HT,M,18,c-start,08-2019,2.51539909480778,2.5453442206852896,4.858598468487343
sufge1-HT,F,18,c-start,08-2019,2.4622347850129955,2.716859186805715,6.402052460795106
sufge1-HT,F,5,c-start,08-2019,1.8717524156445493,1.956369966590439,5.051314508181474
sufge1-HT,F,20,c-start,08-2019,2.2961579099200433,2.450461989096255,5.054020182029758
sufge1-HT,F,11,c-start,08-2019,2.3425473983865386,2.296232046475983,4.781529463568143
sufge1-HT,F,1,c-start,08-2019,1.9035663830237213,2.0858402255911663,4.769563281086848
sufge1-HT,F,3,c-start,08-2019,,,
sufge1-HT,F,2,c-start,08-2019,,,
sufge1-HT,F,15,c-start,08-2019,,,
sufge1-HT,F,10,c-start,08-2019,,,
sufge1-HT,F,7,c-start,08-2019,,,
sufge1-HT,F,13,c-start,08-2019,,,
sufge1-HT,F,8,c-start,08-2019,,,
sufge1-HT,F,17,c-start,08-2019,,,
sufge1-HT,F,26,c-start,08-2019,,,
sufge1-HT,F,14,c-start,08-2019,,,
sufge1-HT,F,6,c-start,08-2019,,,
sufge1-HT,F,21,c-start,08-2019,,,
sufge1-HT,F,23,c-start,08-2019,,,
sufge1-HT,F,9,c-start,08-2019,,,
sufge1-HT,F,19,c-start,08-2019,,,
sufge1-HT,F,22,c-start,08-2019,,,
sufge1-HT,F,16,c-start,08-2019,,,
sufge1-HM,M,1,c-start,08-2019,,,
sufge1-HM,M,3,c-start,08-2019,,,
sufge1-HM,M,2,c-start,08-2019,,,
sufge1-HM,M,10,c-start,08-2019,,,
sufge1-HM,M,7,c-start,08-2019,,,
sufge1-HM,M,8,c-start,08-2019,,,
sufge1-HM,M,4,c-start,08-2019,,,
sufge1-HM,M,6,c-start,08-2019,,,
sufge1-HM,M,9,c-start,08-2019,,,
sufge1-HM,F,1,c-start,08-2019,,,
sufge1-HM,F,3,c-start,08-2019,,,
sufge1-HM,F,2,c-start,08-2019,,,
sufge1-HM,F,6,c-start,08-2019,,,
sufge1-HM,F,4,c-start,08-2019,,,
sufge1-HM,F,5,c-start,08-2019,,,
sufge1-INT,M,24,c-start,08-2019,,,
sufge1-INT,M,12,c-start,08-2019,,,
sufge1-INT,M,2,c-start,08-2019,,,
sufge1-INT,M,4,c-start,08-2019,,,
sufge1-INT,M,3,c-start,08-2019,,,
sufge1-INT,M,34,c-start,08-2019,,,
sufge1-INT,M,15,c-start,08-2019,,,
sufge1-INT,M,11,c-start,08-2019,,,
sufge1-INT,M,7,c-start,08-2019,,,
sufge1-INT,M,8,c-start,08-2019,,,
sufge1-INT,M,5,c-start,08-2019,,,
sufge1-INT,M,17,c-start,08-2019,,,
sufge1-INT,M,29,c-start,08-2019,,,
sufge1-INT,M,30,c-start,08-2019,,,
sufge1-INT,M,20,c-start,08-2019,,,
sufge1-INT,M,14,c-start,08-2019,,,
sufge1-INT,M,6,c-start,08-2019,,,
sufge1-INT,M,25,c-start,08-2019,,,
sufge1-INT,M,13,c-start,08-2019,,,
sufge1-INT,M,28,c-start,08-2019,,,
sufge1-INT,M,10,c-start,08-2019,,,
sufge1-INT,M,23,c-start,08-2019,,,
sufge1-INT,M,31,c-start,08-2019,,,
sufge1-INT,M,26,c-start,08-2019,,,
sufge1-INT,M,16,c-start,08-2019,,,
sufge1-INT,F,3,c-start,08-2019,,,
sufge1-INT,F,1,c-start,08-2019,,,
sufge1-INT,F,11,c-start,08-2019,,,
sufge1-INT,F,5,c-start,08-2019,,,
sufge1-INT,F,9,c-start,08-2019,,,
sufge1-INT,F,13,c-start,08-2019,,,
sufge1-INT,F,10,c-start,08-2019,,,
sufge1-INT,F,7,c-start,08-2019,,,
sufge1-INT,F,6,c-start,08-2019,,,
sufge1-INT,F,8,c-start,08-2019,,,
