,saccade_peak_s,saccade_start_idx,sacc_peak_idx,saccade_stop_idx,amplitude_deg,top_speed_degPs,saccade_duration_s,direction,id,category,Bodypart,abs_speed_degPs,median_abs_rot_vel_degPs,median_translational_vel_mPs
0,2.12,34,53.0,61,15680.630356063893,605.4788547427511,1.0724307096102188,right,10,free,head,605.4788547427511,165.42209363384268,0.056419196515918105
1,8.0,193,200.0,206,-6997.076756225739,-504.48557924547595,0.5379782090976175,left,10,free,head,504.48557924547595,172.18290653138405,0.5181852312744168
2,8.8,210,220.0,227,6653.103617998488,390.0940442740563,0.6711462950754151,right,10,free,head,390.0940442740563,127.13632535606666,0.22510962609483565
3,1.92,38,48.0,63,-15856.17378381267,-521.076585923456,0.9999843556980437,left,18,associated,head,521.076585923456,286.3977439684014,0.25417726523370693
4,2.36,54,59.0,61,-5310.275869369989,-390.58724713090567,0.24204196615117837,left,18,associated,head,390.58724713090567,321.451512967397,0.7317288985368642
5,4.72,85,118.0,130,-20055.208582064464,-704.0529468527611,1.7952298227166203,left,18,associated,head,704.0529468527611,90.16238282979856,0.5254885269769389
6,0.28,1,7.0,12,17049.586671580804,940.9028795645911,0.46457980042491515,right,19,associated,head,940.9028795645911,620.7604315015997,8.17287163958769
7,0.96,17,24.0,30,16938.256502548767,939.6118383853352,0.5372888575089689,right,19,associated,head,939.6118383853352,567.1567804312787,2.575608793191691
8,1.52,31,38.0,49,-18987.91088178349,-1040.308912382186,0.7131632946535977,left,19,associated,head,1040.308912382186,351.2781708996542,1.1067120970830906
9,3.24,71,81.0,88,-8160.066544171477,-494.04262714593915,0.6592593142311671,left,19,free,head,494.04262714593915,146.14698290161562,0.6198794007808736
10,4.4,99,110.0,112,477.24020936035555,336.14864914130055,0.5142011913737053,right,19,free,head,336.14864914130055,138.29154180166867,0.3973924529980561
11,4.56,112,114.0,119,-3465.256635119156,-317.08360641386247,0.2669746313523103,left,19,free,head,317.08360641386247,239.83949816651523,18.62932276857348
12,4.96,119,124.0,134,18419.57304523821,801.2814136351466,0.5883935372644987,right,19,associated,head,801.2814136351466,578.8059701768652,5.176059348330347
13,5.68,138,142.0,150,5890.510004699632,494.7544033254741,0.4592816877988548,right,19,associated,head,494.7544033254741,139.29998023861003,0.5261705580534028
14,6.0,100,150.0,164,11494.475739832156,337.54664042971984,2.5838152303465445,right,24,associated,head,337.54664042971984,58.005004277480054,0.5382026370613395
15,8.56,210,214.0,219,5075.362750442321,347.2670337503401,0.36369695903065574,right,24,associated,head,347.2670337503401,244.79268961576065,7.793212352464446
16,8.96,220,224.0,227,-5625.002481327445,-545.960694838563,0.27046771968919187,left,24,associated,head,545.960694838563,334.300475835047,0.14793422857881813
17,9.36,230,234.0,239,19728.138885435576,1132.5971410504199,0.3836560073203771,right,24,associated,head,1132.5971410504199,948.2798779064751,0.28070733559583816
18,9.72,243,243.0,245,4535.879826270969,1000.9432140159774,0.09331986512789285,right,24,associated,head,1000.9432140159774,978.2077220644425,29.321977942810516
19,10.0,227,250.0,265,70380.40188973695,1252.3962342502894,1.5080075448702213,right,24,associated,head,1252.3962342502894,868.7811532758783,2.2906520793225833
20,10.4,256,260.0,262,10233.828425215206,931.2448150125531,0.2402650606193879,right,24,associated,head,931.2448150125531,775.5753777150744,3.67636430913295
21,11.24,278,281.0,283,11451.251377714425,1102.9105698972817,0.17716494221913082,right,24,associated,head,1102.9105698972817,992.6075499876333,0.0073513829400504195
22,0.56,13,14.0,15,3115.684166969962,682.4152883712825,0.0840122892889569,right,25,free,head,682.4152883712825,677.0583907757825,0.016501793173436467
23,0.68,10,17.0,23,16112.452012548987,701.5831291775022,0.5340930114024719,right,25,free,head,701.5831291775022,558.1022679276354,0.013171555627290818
24,1.36,7,34.0,46,39028.663799507325,841.2577244749137,1.5566078481416263,right,25,free,head,841.2577244749137,399.30902208612554,0.005295672272420364
25,0.28,7,7.0,8,-580.2596152812027,-253.18602007531473,0.04497269476032116,left,27,associated,head,253.18602007531473,233.64676524812555,6.75418168621673
26,0.4,5,10.0,14,-4346.762182275203,-279.5220687468197,0.3443799100949548,left,27,associated,head,279.5220687468197,230.06146893880663,0.06011034575696639
27,0.92,14,23.0,31,21260.4195869055,984.6292498382936,0.6894516423015361,right,27,associated,head,984.6292498382936,475.0272106689126,0.02085144719980764
28,1.68,34,42.0,49,-14831.355071795664,-856.009251037727,0.5770587126459216,left,27,associated,head,856.009251037727,360.12090339221,0.000595244435512989
29,2.32,57,58.0,59,-2658.5936172806128,-587.1103169885087,0.06911310150409122,left,27,free,head,587.1103169885087,572.9199853628093,0.014126352587402219
30,2.56,54,64.0,73,-25630.278851909177,-1120.2785013201064,0.7647278772569683,left,27,free,head,1120.2785013201064,574.2058718566182,0.023633078416727956
31,4.6,105,115.0,144,30810.314040054254,862.925785278336,1.570739583538944,right,27,free,head,862.925785278336,268.59236653889286,0.0011148610892262258
32,5.4,127,135.0,141,10564.853600196231,551.4839020185485,0.544251863216403,right,27,free,head,551.4839020185485,309.61131629153726,0.0009674281313088872
33,0.56,6,14.0,30,18260.73519249881,846.4632739693718,0.9550224795408218,right,28,free,head,846.4632739693718,177.07921687884465,0.0005430924076413872
34,2.28,44,57.0,68,-21621.958660805212,-858.4802082471217,0.9597036565535351,left,28,free,head,858.4802082471217,363.65045071165446,0.000897217725882693
35,2.48,61,62.0,62,-1068.133160589447,-471.16948441657564,0.04957300318729438,left,28,free,head,471.16948441657564,495.8431703996674,8.631109314647812
36,3.52,76,88.0,94,-7366.9434374903885,-362.35854257930004,0.7236832384340129,left,28,associated,head,362.35854257930004,145.02676381509298,0.002013988714020059
37,5.96,142,149.0,152,-9369.788359491127,-723.3164565818597,0.43262078740231,left,28,free,head,723.3164565818597,368.86067720066256,0.9107096444461071
38,6.56,163,164.0,165,1136.8758715616143,258.25676681871823,0.08149546565564038,right,28,free,head,258.25676681871823,237.79891181204036,0.5417725063825887
39,6.68,156,167.0,169,5451.921319026769,264.36360323416375,0.5108587177306504,right,28,free,head,264.36360323416375,160.87139931970427,0.6150017292284967
40,6.88,139,172.0,196,-15803.897906138429,-773.360295455923,2.2662259554169215,left,28,free,head,773.360295455923,261.3101850264409,0.811053968616837
41,7.32,179,183.0,184,-6047.166054192345,-645.0507618207721,0.21097054707024995,left,28,free,head,645.0507618207721,496.6229257249139,0.012420873767068972
42,7.56,185,189.0,194,7153.197576904463,578.7116574573683,0.339800707339972,right,28,free,head,578.7116574573683,424.43016011590515,6.419363162733484
43,8.4,199,210.0,218,-16872.76919438325,-828.6966594522976,0.7937538995303589,left,28,associated,head,828.6966594522976,307.69027913227944,0.00032552740127649195
44,0.56,7,14.0,25,-2493.1770704258934,-340.48928412310784,0.7211464540893886,left,30,associated,head,340.48928412310784,95.98880642339722,1.4100721663131295
45,3.48,67,87.0,100,19895.308308133903,637.028141333742,1.3210350568140052,right,30,associated,head,637.028141333742,188.21287884223193,0.16750892822598193
46,7.44,174,186.0,190,-9280.777048621905,-532.8221633204921,0.6516519647209009,left,30,free,head,532.8221633204921,173.61000245550287,1.097421625572359
47,8.04,195,201.0,214,19022.734249170946,917.9735049551322,0.7849272007642116,right,30,free,head,917.9735049551322,344.0492120990591,1.5124550054696024
48,3.92,91,98.0,104,-7990.983796302882,-518.4790199203354,0.5501013598616641,left,32,free,head,518.4790199203354,212.18027592139117,0.9074070867800959
49,4.4,105,110.0,113,-2867.3531088240275,-297.39249168536,0.314002717502604,left,32,free,head,297.39249168536,122.98304255385233,4.067910912555091
50,4.84,121,121.0,122,-634.4337785785007,-276.8239580515877,0.05721953580212528,left,32,free,head,276.8239580515877,265.06692130707813,6.0481162731088505
51,5.12,117,128.0,141,-21009.780765745047,-870.6284156756265,0.9352501944667432,left,32,free,head,870.6284156756265,276.8239580515877,0.0006126868216053882
52,6.04,146,151.0,158,6199.385104465401,436.21319747746685,0.45198101530881674,right,32,associated,head,436.21319747746685,225.80459976201013,4.243106493904329
53,5.72,133,143.0,152,-9808.168069626778,-491.64712267998345,0.7527490206451626,left,43,associated,head,491.64712267998345,172.22229007866207,0.41103274636480236
54,6.32,154,158.0,163,8488.593618086677,448.72947168283963,0.36293112541460004,right,43,free,head,448.72947168283963,420.9402816917393,0.19123908160364655
55,6.84,152,171.0,180,27986.51397176838,943.9651343758261,1.0970389143916328,right,43,free,head,943.9651343758261,416.41650009209883,0.1278877365534819
56,7.48,181,187.0,196,-1134.0211859253693,-260.70593162914963,0.5674767933611247,left,43,free,head,260.70593162914963,105.61318979389398,0.0802728493276617
57,4.96,94,124.0,131,-9922.296451551283,-422.74989032180497,1.5027085618585494,left,47,free,head,422.74989032180497,64.20994499789465,0.686260916596514
58,5.52,133,138.0,141,3990.343523007174,354.1601193673914,0.31837963268355113,right,47,free,head,354.1601193673914,191.97638950739986,0.3110458297583686
59,5.96,142,149.0,160,-16478.490618144893,-905.1025444382042,0.7266065446430616,left,47,associated,head,905.1025444382042,302.55479975440664,0.5049964324792912
60,0.36,5,9.0,28,8387.533770305969,660.8148511793926,0.926141686278614,right,52,associated,head,660.8148511793926,411.32827902949805,0.050570859400726996
61,0.56,12,14.0,15,4136.651109792485,617.4201100381703,0.11849561413634958,right,52,associated,head,617.4201100381703,601.8926621756948,0.01165807099738854
62,0.88,19,22.0,28,-6517.915043539036,-497.1181936538489,0.354167113578424,left,52,free,head,497.1181936538489,293.68780445053204,0.022456915343115592
63,1.68,35,42.0,47,-586.5391343740034,-263.6879689706064,0.45705892468555587,left,52,free,head,263.6879689706064,104.15309966404891,9.230503217656972
64,2.88,72,72.0,74,-1729.5220875357138,-383.4162176095167,0.08897402648986372,left,52,associated,head,383.4162176095167,371.23015522707766,0.0117780570906106
65,3.2,69,80.0,106,-22682.29240397782,-781.870275543797,1.4722743978406674,left,52,associated,head,781.870275543797,207.3875947254976,0.02004857610807389
66,5.16,120,129.0,132,6425.931746044956,467.9412144408186,0.49239798594743034,right,52,associated,head,467.9412144408186,196.48868656462994,0.010322421988381944
67,9.04,148,226.0,230,-16346.65925667028,-394.70458721420147,3.2450021607774304,left,52,associated,head,394.70458721420147,64.7480921549402,1.1959826896689743
68,9.48,231,237.0,242,8525.898642374334,640.4116660861363,0.41110854182220125,right,52,free,head,640.4116660861363,300.1285282904959,1.1177621342321054
69,5.52,113,138.0,146,11186.572517605737,475.30420946441245,1.2893992584160912,right,54,free,head,475.30420946441245,96.23885204426014,0.8611978316756279
70,6.0,147,150.0,153,2355.87348530814,251.2819480441014,0.2466212489379643,right,54,free,head,251.2819480441014,173.76919762192102,1.076370234545859
71,6.48,153,162.0,166,-8975.042962758473,-474.41694695846695,0.5051982697958306,left,54,associated,head,474.41694695846695,313.0732609841225,0.1606211345832578
72,0.88,2,22.0,37,2231.4304420579742,668.9561572138512,1.4221439094087813,right,55,free,head,668.9561572138512,139.01285627823904,0.01881175557895412
73,1.16,26,29.0,35,-7957.892891362965,-621.819477474226,0.3553072945370415,left,55,free,head,621.819477474226,358.0490188965552,11.41975303130049
74,2.24,52,56.0,61,3210.5501033072564,299.0178083630875,0.38895302943074966,right,55,associated,head,299.0178083630875,108.41395266291923,0.02307507644173279
75,2.92,66,73.0,80,14434.76318857124,877.5559063392931,0.5758022333401351,right,55,associated,head,877.5559063392931,351.61090670010606,0.014914364751610546
76,3.56,82,89.0,105,-16581.879475381127,-806.7451557731971,0.9331115065014592,left,55,free,head,806.7451557731971,270.58111702010166,0.011353283629940219
77,3.92,95,98.0,104,-4868.920041798122,-330.38181597679886,0.3696494873964889,left,55,free,head,330.38181597679886,249.99964928424276,0.053091823719313896
78,6.52,155,163.0,175,-24472.65421345312,-1131.0772367395173,0.7868404755820165,left,55,associated,head,1131.0772367395173,410.1406965282649,1.044476987198903
79,8.8,216,220.0,223,-7512.4343677563975,-710.8896325433161,0.2822607299131175,left,55,associated,head,710.8896325433161,452.6646711856607,8.094220926707852
80,9.04,225,226.0,228,4786.591668036703,741.1821478459908,0.12328490248450294,right,55,associated,head,741.1821478459908,673.6812330241037,24.586365745192087
81,9.2,229,230.0,232,4520.772522345478,675.0295327771188,0.11695663081840166,right,55,associated,head,675.0295327771188,648.7647992191594,3.6904519036707715
82,9.36,215,234.0,244,15330.278970492212,746.7852884264834,1.1611280960751593,right,55,associated,head,746.7852884264834,552.0235989679443,8.012561314446508
83,1.72,33,43.0,61,-14011.529252936674,-569.850665675473,1.1008795008919947,left,56,associated,head,569.850665675473,144.80506350270588,1.1801745382969167
84,3.68,83,92.0,125,-7643.525226248116,-373.26708120333075,1.6573821045492088,left,56,free,head,373.26708120333075,104.64486957259425,0.4486821750647149
85,4.8,108,120.0,124,25.089764982655318,259.51767796715313,0.6683419305978947,right,56,free,head,259.51767796715313,129.85037986443757,0.0217231270045635
86,6.68,157,167.0,197,-12302.692126556276,-486.1770729549734,1.568267284746221,left,56,associated,head,486.1770729549734,76.43802135846443,0.3957594402647532
87,9.0,217,225.0,228,4420.019806160122,348.9735885781878,0.43320020324672326,right,56,associated,head,348.9735885781878,144.76222391324356,2.380597821895306
88,9.36,231,234.0,237,-5604.175131845043,-557.891598453291,0.23684823228652818,left,56,free,head,557.891598453291,376.42756026773725,3.57607423042768
89,9.72,242,243.0,245,-2943.696518656494,-452.5212149905493,0.11213377384938326,left,56,free,head,452.5212149905493,415.95434788035703,0.4662282920636069
90,0.68,8,17.0,36,5721.103636971171,260.3617116141185,1.138134358221463,right,59,associated,head,260.3617116141185,49.53096587233432,1.0979505814244785
91,4.12,61,103.0,106,9927.630991985414,301.0534668013468,1.7811499588210904,right,59,free,head,301.0534668013468,69.63400961713653,1.0482640924083741
92,4.52,111,113.0,117,3595.2130663892112,296.21821571362415,0.26186196570808706,right,59,free,head,296.21821571362415,246.82884055366827,0.38697020871325405
94,5.48,132,137.0,155,5746.036658402171,310.01259906058374,0.9219174315903911,right,59,associated,head,310.01259906058374,51.070565610258,1.5238588914149997
95,8.96,216,224.0,236,26746.715244344745,1043.6471272314998,0.7974381003391511,right,59,free,head,1043.6471272314998,474.93573379558995,2.2403390163353567
96,9.32,231,233.0,234,3005.05588211242,456.6397432966566,0.11083055826091709,right,59,free,head,456.6397432966566,446.08174290846705,2.6440020765876686
97,1.32,28,33.0,40,-7062.3503941306835,-460.76007502460897,0.47386849642032286,left,60,associated,head,460.76007502460897,229.76357204957125,0.5551154090877916
98,2.24,42,56.0,69,43371.6713343732,1237.9915532008572,1.0974329671595173,right,60,associated,head,1237.9915532008572,735.9516613836813,1.5992998640165337
99,5.96,147,149.0,152,-2501.0138522963666,-269.1569413561908,0.20080704750221912,left,60,associated,head,269.1569413561908,201.17985310417623,0.9948787747333423
100,6.16,153,154.0,157,-2048.6976562628047,-253.66831571395872,0.14941453186899933,left,60,associated,head,253.66831571395872,205.8475934748884,0.7231169954202445
101,6.48,110,162.0,175,-18101.344094028686,-355.5194760997666,2.6049386557267606,left,60,associated,head,355.5194760997666,105.46321814082447,0.9275246787819837
102,2.2,51,55.0,153,-29954.376279917447,-534.853218369322,4.073091431016012,left,10,body,body,534.853218369322,50.01732313979659,0.80129399861656
103,2.76,63,69.0,75,-8331.612043450177,-375.2106699469942,0.46374540149983573,left,10,body,body,375.2106699469942,13.542413293413347,0.561902606784703
104,2.88,71,72.0,73,-1559.3810029143567,-344.12765216682783,0.0781072169618966,left,10,body,body,344.12765216682783,13.542413293413347,0.25104960886628586
106,0.24,4,6.0,7,-2103.2963569909143,-336.5053976265519,0.11275591529337291,left,18,body,body,336.5053976265519,59.42725209429085,0.3083001251597517
107,0.6,11,15.0,36,-8752.124342788886,-346.3936060580446,0.9705944263913853,left,18,body,body,346.3936060580446,32.84111179900613,0.08609459846956483
108,1.72,37,43.0,53,-5927.198829657937,-389.16951258011636,0.6460853695603589,left,18,body,body,389.16951258011636,217.5498430786476,0.04648728807212574
109,3.12,70,78.0,92,8895.7275730967,427.7993526257062,0.8545349151431225,right,18,body,body,427.7993526257062,29.338582489360476,0.49009993935196494
110,5.68,126,142.0,156,-16422.45381410292,-738.50625055488,1.1931338761879795,left,18,body,body,738.50625055488,22.352851710647315,0.2082507747335074
111,0.2,3,5.0,5,1408.2906216939937,318.469790699486,0.09257089898384581,right,19,body,body,318.469790699486,499.12588454347855,12.856580989622826
112,0.8,9,20.0,26,-8848.716200777042,-327.8640061228798,0.670734387860079,left,19,body,body,327.8640061228798,600.3606185461954,7.320757414217411
113,0.92,22,23.0,23,-702.8577678144715,-317.23250556344544,0.055915157299305206,left,19,body,body,317.23250556344544,719.2129374411522,5.9437260900541675
114,1.12,26,28.0,33,2039.7469507136507,253.47109978864745,0.26268083158401795,right,19,body,body,253.47109978864745,328.0195322298525,1.6002806301458374
115,1.96,33,49.0,58,-11692.212469641992,-449.9113468502884,0.9744906084212226,left,19,body,body,449.9113468502884,183.9137299951055,1.412237643128899
116,5.68,140,142.0,144,2110.7985789843165,296.34978885286915,0.13965683819082755,right,19,body,body,296.34978885286915,394.47681617715773,3.0844215737945966
117,5.88,139,147.0,153,6269.987098352502,354.5199168519088,0.5487382666822032,right,19,body,body,354.5199168519088,96.82558792581517,0.4947515003004444
118,6.44,153,161.0,172,-13962.273421059223,-772.699787464746,0.7332052899579629,left,19,body,body,772.699787464746,32.63711559048659,0.8545807963741409
119,6.04,125,151.0,165,3395.7937502604045,344.9114099213307,1.588266211654625,right,24,body,body,344.9114099213307,64.57669481727741,0.484636212419641
120,6.36,155,159.0,164,-3784.9718069736587,-285.3257145124608,0.36652599410371406,left,24,body,body,285.3257145124608,86.33711775716523,0.5833143764294964
121,8.16,204,204.0,205,606.8880980148627,264.8048875381355,0.03866266193990782,right,24,body,body,264.8048875381355,199.8907128943922,0.15424530040635848
122,8.44,195,211.0,225,24958.843999656616,911.0920636119665,1.1968562453939864,right,24,body,body,911.0920636119665,160.59989857316506,0.8516259988617003
123,8.72,217,218.0,220,2263.41507359706,341.6932128807169,0.10627337104728668,right,24,body,body,341.6932128807169,174.56086720708228,5.643512803976181
124,9.16,225,229.0,234,-4483.891754445031,-368.17380112748015,0.34228235737823753,left,24,body,body,368.17380112748015,528.5160868632266,0.31209061635284585
125,9.84,235,246.0,270,24229.51116692619,773.092937414614,1.4023373111437183,right,24,body,body,773.092937414614,829.8176652410973,2.5377310081060527
126,10.12,251,253.0,255,2236.002909509646,273.4099808506346,0.17380987460524921,right,24,body,body,273.4099808506346,1038.1757158984499,0.02715786977053344
127,10.48,258,262.0,264,4061.8547327403853,432.07633192590407,0.22826146875720496,right,24,body,body,432.07633192590407,775.5753777150744,3.67636430913295
128,11.16,277,279.0,283,9636.523959105747,836.5028842957391,0.22524316659119903,right,24,body,body,836.5028842957391,978.13586370699,0.007390895511568957
129,0.72,9,18.0,25,-18347.489534774195,-935.0013008598914,0.6080233985260377,left,25,body,body,935.0013008598914,438.9289476225102,0.009433831346526783
130,3.68,84,92.0,107,10952.86151280599,495.7759957455369,0.9062405373319035,right,25,body,body,495.7759957455369,28.24001630613111,1.2080625109950112
131,0.2,1,5.0,10,15089.626698808377,891.9003580198614,0.3322919916477345,right,27,body,body,891.9003580198614,256.7867385641157,0.06011034575696639
132,0.68,14,17.0,23,-2809.071459405695,-270.73790280535246,0.33717128513736283,left,27,body,body,270.73790280535246,469.3672139616848,0.02085144719980764
133,8.76,209,219.0,230,16827.71309897917,810.3571351299328,0.8741238602886893,right,27,body,body,810.3571351299328,39.362433014825626,1.3704270177605626
134,3.48,81,87.0,90,3964.205013801683,340.51843829882006,0.3481402804031069,right,28,body,body,340.51843829882006,226.6399166647342,0.3325873572087181
135,3.72,57,93.0,98,2069.7600625941736,-379.58344452717,1.628445905014877,left,28,body,body,379.58344452717,154.12532863572218,0.024379401993303747
136,8.4,205,210.0,214,-15012.38502665285,-962.6751611853242,0.3870491283361628,left,28,body,body,962.6751611853242,580.9660489763551,0.0005701374240555633
137,8.88,197,222.0,233,-41551.18381200967,-978.5691685518269,1.443240216528476,left,28,body,body,978.5691685518269,115.98383735378945,0.0005006672020958952
138,9.16,228,229.0,230,-1445.8981513844328,-333.83151525929117,0.08128753599516812,left,28,body,body,333.83151525929117,52.32136952097903,13.096667615796683
139,0.48,3,12.0,17,-11973.928078547653,-808.1880796477792,0.5611805430103964,left,30,body,body,808.1880796477792,93.3651373420254,1.4100721663131295
140,3.24,74,81.0,85,-7011.291442877596,-451.14851545562493,0.4469609842123498,left,30,body,body,451.14851545562493,171.63245414664397,0.0261499134263557
141,4.08,73,102.0,113,8562.005826813394,580.406191837021,1.598842284582443,right,30,body,body,580.406191837021,145.94721724382538,0.8109696286273146
142,8.76,210,219.0,231,-17302.3359307161,-743.4195925384629,0.8391755027838621,left,30,body,body,743.4195925384629,40.3496629667778,1.1431407082707579
143,9.4,235,235.0,237,-1496.2751661984305,-329.53303149118136,0.08830942857334322,left,30,body,body,329.53303149118136,121.73098398065747,0.6260237110407232
144,1.28,16,32.0,43,-26912.522681138787,-943.4636638658073,1.0728318415080946,left,32,body,body,943.4636638658073,74.49288713528989,1.4942961517796522
145,1.44,34,36.0,36,-4121.570651500127,-932.6866420528656,0.09244046821909706,left,32,body,body,932.6866420528656,108.41079567866885,0.7503014484003281
146,6.08,146,152.0,158,3498.790618231823,283.59644988788915,0.463209580606391,right,32,body,body,283.59644988788915,225.80459976201013,4.243106493904329
147,2.12,29,53.0,59,6294.501656185624,317.68104504824066,1.1769870668505158,right,43,body,body,317.68104504824066,66.70503354542454,0.5743910293236819
148,6.44,149,161.0,172,-10875.47536220641,-419.029800394575,0.939501394182298,left,43,body,body,419.029800394575,411.83913257345,0.13500026983472155
149,6.44,150,161.0,177,-19282.03345848743,-677.2410694668043,1.0873039143647782,left,47,body,body,677.2410694668043,50.47050567909963,0.6392962774919106
150,1.48,34,37.0,40,4999.995297123244,415.30768374195236,0.21883930338530347,right,51,body,body,415.30768374195236,76.06578497188985,0.12337754434813891
151,1.8,33,45.0,62,25260.959928498796,644.6802654095835,1.1504750273422524,right,51,body,body,644.6802654095835,65.80484394999485,0.4967801251491095
152,2.24,54,56.0,57,2086.7689119003617,325.67019762742973,0.1203769566881357,right,51,body,body,325.67019762742973,45.577039774800774,1.4078394122155125
153,2.4,58,60.0,61,2009.2253294385312,330.8879607126789,0.09800091758083766,right,51,body,body,330.8879607126789,53.02687464029354,0.35415396310282726
154,2.6,32,65.0,73,16558.32629373262,-730.3663052963598,1.629253871729922,left,51,body,body,730.3663052963598,66.4234236082633,1.0258537654738733
155,5.68,128,142.0,145,-5119.384610398463,-293.5846948284523,0.6528768074147513,left,51,body,body,293.5846948284523,65.02294463077163,0.9305376707845909
156,0.64,7,16.0,26,23269.376960700498,995.859262529782,0.7629080591215033,right,52,body,body,995.859262529782,483.3491599589138,0.0678295834727545
157,2.24,39,56.0,62,17410.306630377123,864.9421342870662,0.9165353769793945,right,52,body,body,864.9421342870662,85.70868339301967,0.025696857259194704
158,2.8,63,70.0,77,-14064.72147121082,-914.0144669900641,0.5249402129725925,left,52,body,body,914.0144669900641,103.75814392867326,0.01178825352408352
159,3.96,93,99.0,106,15183.659457850566,797.8504337354221,0.5154231494602698,right,52,body,body,797.8504337354221,160.21084005460864,0.021578881823441823
160,4.48,92,112.0,121,-584.3153629785884,-946.5824009200873,1.138623473358508,left,52,body,body,946.5824009200873,93.47762810879843,0.014102009934847363
161,5.24,123,131.0,139,8160.255237357828,404.4899589072222,0.6539565975833017,right,52,body,body,404.4899589072222,126.92389134072002,0.40144900784913934
162,5.88,141,147.0,154,6408.389537109543,374.70563741362895,0.541210703377734,right,52,body,body,374.70563741362895,28.360606601671634,1.6900524149875378
163,9.68,225,242.0,248,-6232.709238219906,-323.0690771855123,0.9154504885027108,left,52,body,body,323.0690771855123,191.3380203638816,1.1213276119288063
164,0.16,3,4.0,5,-2175.7575262653045,-482.4052234230579,0.09798152698222878,left,54,body,body,482.4052234230579,26.08190779717905,33.65573358336872
166,0.56,11,14.0,21,9860.57969823559,693.1439804825525,0.38686033107820145,right,54,body,body,693.1439804825525,48.83814531435373,6.7341938455606964
167,1.6,24,40.0,47,18831.36763547125,898.5274883055234,0.9408075525989906,right,54,body,body,898.5274883055234,76.33625002955978,0.036807018616892215
168,3.04,70,76.0,112,-17059.477381073637,-720.2845458536834,1.6849162204844874,left,54,body,body,720.2845458536834,40.402476875688095,1.608835442773321
169,6.36,153,159.0,164,-5661.44582496624,-364.17587737316325,0.4184569536385311,left,54,body,body,364.17587737316325,313.0732609841225,0.1367632376361336
170,2.2,47,55.0,58,3653.59938347191,269.19810045009785,0.4272470032126566,right,55,body,body,269.19810045009785,120.75742752204751,1.7942923431989435
171,2.56,58,64.0,82,-4310.203085803871,-275.4935386009726,0.9627916839380655,left,55,body,body,275.4935386009726,199.55306553048544,0.019260005560620214
172,4.76,117,119.0,124,5475.70369010259,393.7235794540655,0.2629169936211207,right,55,body,body,393.7235794540655,124.79149043368878,1.0204456025390647
173,4.88,121,122.0,123,1702.1287010881845,383.343634602812,0.06167390319763968,right,55,body,body,383.343634602812,127.76890465533128,0.891928848732161
174,5.12,112,128.0,148,16272.369430671193,540.241352648529,1.4456803980558692,right,55,body,body,540.241352648529,59.547713443610206,1.342414460094083
175,6.4,151,160.0,173,-15301.095401159422,-537.0356868381637,0.8765270950627598,left,55,body,body,537.0356868381637,367.72270094728935,1.3985444463970442
176,6.6,163,165.0,166,-3012.4891476111025,-452.4533625156134,0.10033987808182246,left,55,body,body,452.4533625156134,1076.6174180287,1.2624391166095985
177,8.12,196,203.0,206,6841.841642386952,518.2433943319306,0.4134032279160681,right,55,body,body,518.2433943319306,65.5030347868852,0.22706104528544482
178,8.36,206,209.0,215,-5848.855903794182,-535.5924518742877,0.3383854775924544,left,55,body,body,535.5924518742877,103.06052700151511,0.0973847300976749
179,9.64,238,241.0,246,8735.977063477883,617.9482073580529,0.3303997704360643,right,55,body,body,617.9482073580529,131.14887419821852,1.5285984794315137
180,1.72,31,43.0,68,-25012.09880880046,-636.2321090934231,1.4652529103344398,left,56,body,body,636.2321090934231,103.50362065362297,0.9784129268013111
181,2.28,51,57.0,61,-9095.667810609375,-482.14054622946037,0.404137628672834,left,56,body,body,482.14054622946037,102.1763649622045,1.8389615982446816
182,3.72,71,93.0,96,5543.987278523618,282.30597333495757,0.978309768833264,right,56,body,body,282.30597333495757,62.58372988434857,1.440425209898696
183,6.68,160,167.0,171,-6056.572569933113,-423.6861036070336,0.43495180653127025,left,56,body,body,423.6861036070336,271.186604410957,0.04477916465771821
184,7.04,159,176.0,192,19760.62133616325,963.8235079866556,1.3103234257582141,right,56,body,body,963.8235079866556,100.30987289922706,0.3440836260555451
185,7.4,182,185.0,187,7430.157211103502,744.5104721869096,0.1862740856172911,right,56,body,body,744.5104721869096,45.49156756323427,0.43871879638938105
186,9.28,223,232.0,238,4561.692123957975,335.9628485351989,0.5751476862164612,right,56,body,body,335.9628485351989,260.64566729328646,2.4929879637995245
187,0.8,7,20.0,30,14266.242230704172,636.468016454674,0.9277096552024179,right,59,body,body,636.468016454674,80.35221800192946,0.2586055060310685
188,5.6,139,140.0,143,7054.780483041677,806.9322830727638,0.1623457535410603,right,59,body,body,806.9322830727638,177.65180988029456,1.170397750531705
189,5.88,125,147.0,161,34408.55141760292,1057.7059476174838,1.4129125088808205,right,59,body,body,1057.7059476174838,34.73010277351918,1.373590413688014
190,0.96,14,24.0,34,-16049.97096683459,-771.0406439559088,0.7643410041096397,left,60,body,body,771.0406439559088,81.03653770087753,0.02502755172554553
191,1.84,42,46.0,50,-3182.77834697245,-317.97771592706414,0.29670249106740615,left,60,body,body,317.97771592706414,240.67126395258938,1.318745705691458
192,2.44,51,61.0,65,18411.31103738959,1151.7463312297496,0.5630462523942293,right,60,body,body,1151.7463312297496,934.9774919691334,1.3846754203448022
193,2.72,65,68.0,81,-13160.423774667663,-658.4117443235868,0.647310988191407,left,60,body,body,658.4117443235868,72.2609143955168,1.0330333431945378
194,3.08,74,77.0,80,-4475.427527709921,-438.64808944692635,0.2369975555200358,left,60,body,body,438.64808944692635,65.2746882024303,0.6338303655643415
195,6.28,154,157.0,166,-9339.257125451273,-446.8499023557384,0.4664051735705971,left,60,body,body,446.8499023557384,253.66831571395778,0.2404134233026124
196,6.44,160,161.0,161,-865.1304138284162,-386.63559336331537,0.05782193903170878,left,60,body,body,386.63559336331537,247.1856497508412,0.1834192044256344
197,6.92,153,173.0,180,-23306.343213088006,-670.4893492892899,1.062253034134967,left,60,body,body,670.4893492892899,194.44036044429964,0.025163225117176325
198,7.08,176,177.0,177,-1157.4997933477357,-527.7087436108814,0.04949668844101211,left,60,body,body,527.7087436108814,47.48646392238882,0.02452802522406119
199,7.44,153,186.0,199,-2746.0632042865504,697.0240136921053,1.8292730360336622,right,60,body,body,697.0240136921053,133.2693544258774,0.023289063096320096
200,7.6,190,190.0,192,2825.290304418893,618.9460970754726,0.09410053229260257,right,60,body,body,618.9460970754726,16.27294411152036,0.01445340638633102
201,7.76,189,194.0,196,9844.948649317685,668.1735806905165,0.2833696876401416,right,60,body,body,668.1735806905165,23.855014041613032,0.011436674345081319
203,5.08,61,,193,,205.72056888254338,5.28,,10,intersaccadic,head+body,205.72056888254338,30.594971500126178,0.7500464411557464
204,8.32,206,,210,,65.48701171409962,0.16,,10,intersaccadic,head+body,65.48701171409962,49.605130513840436,0.20325405139588415
205,9.18,227,,232,,62.2201567426778,0.2,,10,intersaccadic,head+body,62.2201567426778,24.58605415720143,0.5415008978268457
207,2.92,61,,85,,347.5337387545224,0.96,,18,intersaccadic,head+body,347.5337387545224,29.338582489360476,0.46797586594241714
208,6.62,130,,201,,62.89560116064479,2.84,,18,intersaccadic,head+body,62.89560116064479,23.232183382232563,0.19188281003119806
210,0.58,12,,17,,605.8725275239865,0.2,,19,intersaccadic,head+body,605.8725275239865,191.79412766978103,12.88829793150596
211,1.22,30,,31,,262.51045509010567,0.04,,19,intersaccadic,head+body,262.51045509010567,201.58312602118258,2.157442808118676
212,2.4,49,,71,,86.9816465542911,0.88,,19,intersaccadic,head+body,86.9816465542911,27.57607528689192,1.1889319842447108
213,3.74,88,,99,,140.22350582535523,0.44,,19,intersaccadic,head+body,140.22350582535523,45.68880313955397,1.0589012060553669
214,5.44,134,,138,,193.75215980477378,0.16,,19,intersaccadic,head+body,193.75215980477378,158.8819763365109,9.547530884346827
215,6.82,150,,191,,46.452214208193254,1.64,,19,intersaccadic,head+body,46.452214208193254,30.492673499554712,0.790891214043659
217,7.48,164,,210,,239.91450545530535,1.84,,24,intersaccadic,head+body,239.91450545530535,48.565642374726934,0.25208852141152244
218,8.78,219,,220,,158.26676402924846,0.04,,24,intersaccadic,head+body,158.26676402924846,117.53549524256819,3.9005978807042907
219,9.64,239,,243,,810.7915270392766,0.16,,24,intersaccadic,head+body,810.7915270392766,767.6670513986153,17.82518678169294
220,10.02,245,,256,,1252.3962342502869,0.44,,24,intersaccadic,head+body,1252.3962342502869,1013.3364759822002,0.8710588407789672
221,10.8,262,,278,,784.640202252416,0.64,,24,intersaccadic,head+body,784.640202252416,108.63929967491117,0.9375151623367854
222,11.34,283,,284,,1007.0792362682766,0.04,,24,intersaccadic,head+body,1007.0792362682766,945.0458202734609,13.055786948614251
224,4.32,15,,201,,841.2577244749137,7.44,,25,intersaccadic,head+body,841.2577244749137,48.34125906829456,0.6299473789639095
226,0.44,8,,14,,279.5220687468197,0.24,,27,intersaccadic,head+body,279.5220687468197,253.18602007531473,0.0005041005240027215
227,1.3,31,,34,,212.4994055084457,0.12,,27,intersaccadic,head+body,212.4994055084457,96.12978868312823,0.0005962657765451911
228,2.06,49,,54,,175.69618760097327,0.2,,27,intersaccadic,head+body,175.69618760097327,122.33223779179845,0.0005532641598257238
229,3.28,59,,105,,1120.2785013201062,1.84,,27,intersaccadic,head+body,1120.2785013201062,64.27669527741244,0.0012397883968616275
230,7.72,141,,245,,206.28940363813157,4.16,,27,intersaccadic,head+body,206.28940363813157,42.67490501864941,1.426962733875256
232,1.48,30,,44,,86.1016127322614,0.56,,28,intersaccadic,head+body,86.1016127322614,33.634329373430205,0.00029644240386699416
233,2.76,62,,76,,471.1694844165752,0.56,,28,intersaccadic,head+body,471.1694844165752,71.61426277535199,0.0007078376173456653
234,4.66,94,,139,,90.01874480814962,1.8,,28,intersaccadic,head+body,90.01874480814962,39.00794283474576,0.8671599912830594
235,6.16,152,,156,,432.76654089018933,0.16,,28,intersaccadic,head+body,432.76654089018933,155.97057198116033,0.5701637602878796
236,6.88,165,,179,,773.360295455923,0.56,,28,intersaccadic,head+body,773.360295455923,436.78619648064404,11.253424652774193
237,7.38,184,,185,,645.0507618207723,0.04,,28,intersaccadic,head+body,645.0507618207723,560.2263368639875,6.55488875835162
238,7.86,194,,199,,229.0641399905823,0.2,,28,intersaccadic,head+body,229.0641399905823,52.61690616070922,6.36412482554601
239,9.08,218,,236,,221.33930331524425,0.72,,28,intersaccadic,head+body,221.33930331524425,78.78954540361747,1.156160225284824
241,1.84,25,,67,,201.42699644657114,1.68,,30,intersaccadic,head+body,201.42699644657114,58.43109552632022,0.02392275299492896
242,5.48,100,,174,,82.03371730048303,2.96,,30,intersaccadic,head+body,82.03371730048303,32.59945107808733,1.136702978038685
243,7.7,190,,195,,167.5769752121262,0.2,,30,intersaccadic,head+body,167.5769752121262,79.16008294251746,0.5462191125987477
244,9.06,214,,239,,133.6349113453295,1.0,,30,intersaccadic,head+body,133.6349113453295,48.41858387134863,0.8499253722655795
246,4.18,104,,105,,116.95221717599118,0.04,,32,intersaccadic,head+body,116.95221717599118,81.8970140303719,0.748729342360863
247,4.6,113,,117,,120.07046407514056,0.16,,32,intersaccadic,head+body,120.07046407514056,57.55837074675654,0.0013344687856499762
248,5.36,122,,146,,870.6284156756265,0.96,,32,intersaccadic,head+body,870.6284156756265,276.8239580515877,0.0004450659886056435
249,6.42,158,,163,,342.61953916044234,0.2,,32,intersaccadic,head+body,342.61953916044234,141.15638564117887,6.4376867273639355
251,6.88,163,,181,,943.9651343758258,0.72,,43,intersaccadic,head+body,943.9651343758258,371.9425906213374,0.08555189346310345
252,7.98,196,,203,,426.33886802750567,0.28,,43,intersaccadic,head+body,426.33886802750567,119.2421009666468,0.05275814094347588
254,5.28,131,,133,,76.10942076307339,0.08,,47,intersaccadic,head+body,76.10942076307339,48.55832373177691,0.2740004053176227
255,5.66,141,,142,,160.55982057361433,0.04,,47,intersaccadic,head+body,160.55982057361433,109.07812446049405,0.37957262864605845
256,6.8,160,,180,,110.8820410068887,0.8,,47,intersaccadic,head+body,110.8820410068887,29.30852272833704,0.7306794054891612
259,0.68,15,,19,,617.4201100381702,0.16,,52,intersaccadic,head+body,617.4201100381702,516.5494900300544,23.30469187830473
260,1.26,28,,35,,187.11013695948608,0.28,,52,intersaccadic,head+body,187.11013695948608,101.19086826613852,4.837204810152986
261,2.32,47,,69,,182.37692377275783,0.88,,52,intersaccadic,head+body,182.37692377275783,67.81258392203533,0.019979248373431277
262,3.88,74,,120,,781.8702755437969,1.84,,52,intersaccadic,head+body,781.8702755437969,163.27396477947715,0.014180451272245
263,5.6,132,,148,,126.92389134072002,0.64,,52,intersaccadic,head+body,126.92389134072002,13.430618542775363,1.6409856319994423
264,9.22,230,,231,,63.75396287985069,0.04,,52,intersaccadic,head+body,63.75396287985069,32.03878650347747,4.381388798646019
265,9.94,242,,255,,546.8135998914363,0.52,,52,intersaccadic,head+body,546.8135998914363,165.3341785123267,0.4160187086524447
267,5.86,146,,147,,76.42881636080148,0.04,,54,intersaccadic,head+body,76.42881636080148,58.39907269365128,0.3149860950299803
268,6.86,166,,177,,167.41031240254128,0.44,,54,intersaccadic,head+body,167.41031240254128,73.89718560345244,0.026190043718781253
270,1.74,35,,52,,215.27708041332687,0.68,,55,intersaccadic,head+body,215.27708041332687,55.03389901373463,17.127030922258626
271,2.54,61,,66,,226.65115443720794,0.2,,55,intersaccadic,head+body,226.65115443720794,123.3464261282407,1.83000163234663
272,3.24,80,,82,,137.71032015898896,0.08,,55,intersaccadic,head+body,137.71032015898896,70.55408436632007,0.007230403241985927
273,5.18,104,,155,,182.70971189881564,2.04,,55,intersaccadic,head+body,182.70971189881564,56.84242861595621,1.340689443081069
274,7.8,175,,215,,243.3892691267637,1.6,,55,intersaccadic,head+body,243.3892691267637,46.5642054159666,0.23980154784210425
275,8.96,223,,225,,255.45263421866053,0.08,,55,intersaccadic,head+body,255.45263421866053,255.45263421866053,0.018199217117276786
276,9.14,228,,229,,680.0488429166294,0.04,,55,intersaccadic,head+body,680.0488429166294,649.0429446164669,29.462516080806154
277,9.6,232,,248,,746.7852884264836,0.64,,55,intersaccadic,head+body,746.7852884264836,157.59780473969593,3.3466148929918185
279,2.88,61,,83,,68.18217242165403,0.88,,56,intersaccadic,head+body,68.18217242165403,41.9396974262888,1.4567742664838184
280,5.62,124,,157,,137.14956171180432,1.32,,56,intersaccadic,head+body,137.14956171180432,7.522381132174871,0.007922415477869406
281,8.28,197,,217,,42.231462538863695,0.8,,56,intersaccadic,head+body,42.231462538863695,32.604799615052116,2.1777973890301197
282,9.18,228,,231,,158.7108578771904,0.12,,56,intersaccadic,head+body,158.7108578771904,99.58907444820326,2.7564767391369607
283,9.58,237,,242,,295.30568998979874,0.2,,56,intersaccadic,head+body,295.30568998979874,252.42339161160174,0.5575319982109217
284,9.82,245,,246,,438.45234228142544,0.04,,56,intersaccadic,head+body,438.45234228142544,418.41342681197773,0.04875302646199433
286,1.94,36,,61,,66.29678663972314,1.0,,59,intersaccadic,head+body,66.29678663972314,24.998230097169838,1.3725331808910837
287,4.26,106,,107,,69.49176180532675,0.04,,59,intersaccadic,head+body,69.49176180532675,41.39695152832061,5.117308370594231
289,7.42,155,,216,,239.05172869142177,2.44,,59,intersaccadic,head+body,239.05172869142177,47.99754862814076,1.1842758308035037
290,9.46,234,,239,,456.6397432966568,0.2,,59,intersaccadic,head+body,456.6397432966568,334.24314551747045,10.60918963630316
292,1.64,40,,42,,80.37501453037761,0.08,,60,intersaccadic,head+body,80.37501453037761,32.89004138813745,1.505211088745714
293,3.58,69,,110,,241.61331851794046,1.64,,60,intersaccadic,head+body,241.61331851794046,38.060403666992215,0.9063133121431908
294,6.1,152,,153,,189.21167139484396,0.04,,60,intersaccadic,head+body,189.21167139484396,165.7662728592058,1.1132736238573533
295,7.26,157,,206,,355.5194760997665,1.96,,60,intersaccadic,head+body,355.5194760997665,108.44088186975256,0.02298943767485179
